{
  "$type": "YetaWF.Core.Serializers.SerializableList`1[[YetaWF.Core.Site.SiteDefinition, YetaWF.Core]], YetaWF.Core",
  "$values": [
    {
      "$type": "YetaWF.Core.Site.SiteDefinition, YetaWF.Core",
      "Identity": 1000,
      "SiteDomain": "YetaWFDist4",
      "SiteTestDomain": null,
      "SiteName": "YetaWFDist4",
      "EnforceSiteUrl": false,
      "PageSecurity": 0,
      "EnforceSitePort": false,
      "PortNumber": 80,
      "PortNumberSSL": 443,
      "Localization": true,
      "DefaultLanguageId": "en-US",
      "AllowAnonymousUsers": true,
      "Locked": false,
      "LockedForIP": null,
      "LockedExternalForIP": null,
      "LockedUrl": "/Maintenance/Offline For Maintenance.html",
      "AllowPopups": true,
      "CssNoTooltips": "linkpreview-show peelback",
      "FavIcon_Data": {
        "$type": "System.Byte[], mscorlib",
        "$value": ""
      },
      "FavIconLrg_Data": {
        "$type": "System.Byte[], mscorlib",
        "$value": ""
      },
      "Country": "United States",
      "Currency": "USD",
      "CurrencyFormat": "$ #,0.00",
      "CurrencyDecimals": 2,
      "StaticPages": false,
      "AllowCacheUse": true,
      "Compression": true,
      "CompressCSSFiles": true,
      "BundleCSSFiles": true,
      "CssLocation": 1,
      "CompressJSFiles": true,
      "BundleJSFiles": true,
      "JSLocation": 1,
      "DisableMinimizeFUOC": false,
      "IFrameUse": 0,
      "Copyright": "YetaWF.com - © Copyright <<Year>> Softel vdm, Inc.",
      "UseCDNComponents": false,
      "UseCDN": false,
      "CDNUrl": null,
      "CDNUrlSecure": null,
      "StaticDomain": null,
      "EmailDebug": false,
      "AdminEmail": "youremail@YetaWFDist4",
      "SMTP": {
        "$type": "YetaWF.Core.SendEmail.SMTPServer, YetaWF.Core",
        "Server": "mail.YetaWFDist4",
        "Port": 25,
        "Authentication": 1,
        "UserName": "youremail@YetaWFDist4",
        "Password": "somepassword",
        "SSL": false
      },
      "HomePageUrl": "/",
      "NotFoundUrl": "/Errors/404",
      "MobileSiteUrl": null,
      "UnsupportedBrowserUrl": "/Maintenance/Unsupported Browser.html",
      "LoginUrl": "/User/Login",
      "ExternalAccountSetupUrl": "/User/Setup External Account",
      "ReferencedModules": {
        "$type": "YetaWF.Core.Serializers.SerializableList`1[[YetaWF.Core.Modules.ModuleDefinition+ReferencedModule, YetaWF.Core]], YetaWF.Core",
        "$values": []
      },
      "SelectedSkin": {
        "$type": "YetaWF.Core.Skins.SkinDefinition, YetaWF.Core",
        "Collection": "YetaWF/DefaultSkin/DefaultSkin",
        "FileName": "Default.cshtml"
      },
      "SelectedPopupSkin": {
        "$type": "YetaWF.Core.Skins.SkinDefinition, YetaWF.Core",
        "Collection": "YetaWF/DefaultSkin/DefaultSkin",
        "FileName": "Popup.cshtml"
      },
      "FormErrorsImmed": false,
      "BootstrapSkin": "Bootstrap Default",
      "jQueryUISkin": "Start",
      "KendoUISkin": "Blue Opal",
      "TabStyle": 0,
      "PublicKey": "<RSAKeyValue><Modulus>s3pW7f+oxdJINm/fcBFO92I/uq7sdp635ia33fvx4smXJpWFoy0lt/iMNnfhU2kidCqLckL6hT6egcIe9ommd4enOZqltA7RPPP5T4YwNOHFdR7mQqSYrKjXhCDb6qtRtQpxWTqCi6Q5t+vc2n8zQKT2VCL0QMzVttqRh6zrNIk=</Modulus><Exponent>AQAB</Exponent></RSAKeyValue>",
      "PrivateKey": "<RSAKeyValue><Modulus>s3pW7f+oxdJINm/fcBFO92I/uq7sdp635ia33fvx4smXJpWFoy0lt/iMNnfhU2kidCqLckL6hT6egcIe9ommd4enOZqltA7RPPP5T4YwNOHFdR7mQqSYrKjXhCDb6qtRtQpxWTqCi6Q5t+vc2n8zQKT2VCL0QMzVttqRh6zrNIk=</Modulus><Exponent>AQAB</Exponent><P>zpvxtUWiX1jwqjDhz9OyJIu6jls3LXnRmWdd1V2FMxBV1dqzD58MWAxICzH4EfD2pMRGU8ox2HIpPO3d0zlzPw==</P><Q>3mIEfi5HO3YTbnXPP9VTLOlfb6mB/55cQhYtLT8k4jOWhUzPEc/mJ3BlqECH+JvKVDBW9qtIGpSPdbgONToONw==</Q><DP>Qzc2nnumBJEB0syOWjeL6BnROojwXYoZJ2gafdSsBd3VnvpEcNuUf3yXX5UFGIklJJt6Kb5JExqo0dqs5Q/2rw==</DP><DQ>b5R4sqMfxJr7JvpfkaTExg0WgJ1ph8t6eQJNip1bMVA3Hw0p/ML2tSU1LJWsY7Yvb8yNZdkNJaES1jsSjexiQw==</DQ><InverseQ>BzhpXLpy3OL4PnOmykoyj/jpbF1yw1Y2LaKvaqKptS99szDJDLo1v1n1qA6kX+SHk1BxogLnBGUiobvGI7roxg==</InverseQ><D>LN21Y3OYvjMOCEW5Jmu9QMxXwBRAWnrc3/Tn299CnX3lgii4qoz7s9y3OFqJgm9yxHVqPJsPw0VfHHLpiJnqeeW6kHX4lXKgp5P0OFbK/pHl9JHor5OnFIvDJSpxh3S7Z2KiY9oJ8yui8i4eMBSfFqVqHEpMjusd+p0CIftgTO0=</D></RSAKeyValue>",
      "Analytics": null,
      "AnalyticsContent": null,
      "GoogleVerification": null,
      "ExtraHead": null,
      "ExtraBodyTop": null,
      "ExtraBodyBottom": null,
      "UseGeoLocation": false,
      "SiteMetaTags": null,
      "PageMetaTags": null,
      "SiteMapPriority": 50,
      "DefaultChangeFrequency": 4
    }
  ]
}