﻿<?xml version="1.0" encoding="utf-8"?>
<!--YetaWF.Core.Serializers.SerializableList`1[YetaWF.Core.Site.SiteDefinition]-->
<Object Type="YetaWF.Core.Serializers.SerializableList`1[[YetaWF.Core.Site.SiteDefinition, YetaWF.Core]]" Assembly="YetaWF.Core">
  <Properties />
  <List>
    <Value>
      <Object Type="YetaWF.Core.Site.SiteDefinition" Assembly="YetaWF.Core">
        <Properties>
          <Identity Value="1000" />
          <SiteDomain Value="YetaWFDist4" />
          <SiteName Value="YetaWFDist4" />
          <EnforceSiteUrl Value="False" />
          <PageSecurity Value="0" />
          <EnforceSitePort Value="False" />
          <PortNumber Value="80" />
          <PortNumberSSL Value="443" />
          <Localization Value="True" />
          <DefaultLanguageId Value="en-US" />
          <AllowAnonymousUsers Value="True" />
          <Locked Value="False" />
          <LockedForIP />
          <LockedExternalForIP />
          <LockedUrl Value="/Maintenance/Offline For Maintenance.html" />
          <AllowPopups Value="True" />
          <CssNoTooltips Value="linkpreview-show peelback" />
          <FavIcon_Data Value="" />
          <FavIconLrg_Data Value="" />
          <Country Value="United States" />
          <Currency Value="USD" />
          <CurrencyFormat Value="$ #,0.00" />
          <CurrencyDecimals Value="2" />
          <StaticPages Value="False" />
          <AllowCacheUse Value="True" />
          <Compression Value="True" />
          <CompressCSSFiles Value="True" />
          <BundleCSSFiles Value="True" />
          <CssLocation Value="1" />
          <CompressJSFiles Value="True" />
          <BundleJSFiles Value="True" />
          <JSLocation Value="1" />
          <DisableMinimizeFUOC Value="False" />
          <Copyright Value="YetaWF.com - © Copyright &lt;&lt;Year&gt;&gt; Softel vdm, Inc." />
          <UseCDNComponents Value="False" />
          <UseCDN Value="False" />
          <CDNUrl />
          <CDNUrlSecure />
          <StaticDomain />
          <EmailDebug Value="False" />
          <AdminEmail Value="youremail@YetaWFDist4" />
          <SMTP>
            <Object Type="YetaWF.Core.SendEmail.SMTPServer" Assembly="YetaWF.Core">
              <Properties>
                <Server Value="mail.YetaWFDist4" />
                <Port Value="25" />
                <Authentication Value="1" />
                <UserName Value="youremail@YetaWFDist4" />
                <Password Value="somepassword" />
                <SSL Value="False" />
              </Properties>
            </Object>
          </SMTP>
          <HomePageUrl Value="/" />
          <NotFoundUrl Value="/Errors/404" />
          <MobileSiteUrl />
          <UnsupportedBrowserUrl Value="/Maintenance/Unsupported Browser.html" />
          <LoginUrl Value="/User/Login" />
          <ExternalAccountSetupUrl Value="/User/Setup External Account" />
          <ReferencedModules>
            <Object Type="YetaWF.Core.Serializers.SerializableList`1[[YetaWF.Core.Modules.ModuleDefinition+ReferencedModule, YetaWF.Core]]" Assembly="YetaWF.Core">
              <Properties />
              <List />
            </Object>
          </ReferencedModules>
          <SelectedSkin>
            <Object Type="YetaWF.Core.Skins.SkinDefinition" Assembly="YetaWF.Core">
              <Properties>
                <Collection Value="YetaWF/DefaultSkin/DefaultSkin" />
                <FileName Value="Default.cshtml" />
              </Properties>
            </Object>
          </SelectedSkin>
          <SelectedPopupSkin>
            <Object Type="YetaWF.Core.Skins.SkinDefinition" Assembly="YetaWF.Core">
              <Properties>
                <Collection Value="YetaWF/DefaultSkin/DefaultSkin" />
                <FileName Value="Popup.cshtml" />
              </Properties>
            </Object>
          </SelectedPopupSkin>
          <FormErrorsImmed Value="False" />
          <BootstrapSkin Value="Bootstrap Default" />
          <jQueryUISkin Value="Start" />
          <KendoUISkin Value="Blue Opal" />
          <TabStyle Value="0" />
          <PublicKey Value="&lt;RSAKeyValue&gt;&lt;Modulus&gt;yAI7h3yXxB4y1uzvGCYAHv6Nx/lHr6HSwFgVoeDISFm6O5REpb5NI9/Vr3kn1n9FhCk0VYxiuf2Io2yWEKDd7DplCm4YYjoi168dZ4q4DaHragtyjA0U2W/W2EqKHc1/I4KuYkDV0jrNrO1+hU0tP72L+Erkmk7+But75ZRNKhE=&lt;/Modulus&gt;&lt;Exponent&gt;AQAB&lt;/Exponent&gt;&lt;/RSAKeyValue&gt;" />
          <PrivateKey Value="&lt;RSAKeyValue&gt;&lt;Modulus&gt;yAI7h3yXxB4y1uzvGCYAHv6Nx/lHr6HSwFgVoeDISFm6O5REpb5NI9/Vr3kn1n9FhCk0VYxiuf2Io2yWEKDd7DplCm4YYjoi168dZ4q4DaHragtyjA0U2W/W2EqKHc1/I4KuYkDV0jrNrO1+hU0tP72L+Erkmk7+But75ZRNKhE=&lt;/Modulus&gt;&lt;Exponent&gt;AQAB&lt;/Exponent&gt;&lt;P&gt;ytd1vOgcuUulQygsOfj4zq2uypOtEc2hwpExlKjD1yCLJ2JVLo21fg15cvv44wI9/Ly+FIVh7QYRM7H0wng44w==&lt;/P&gt;&lt;Q&gt;/Gy2qfp72Yxghy18qsHQjPJz34jWGrsRQf/fSoS9Z3CFN64uLzLqS46jAI3HgLc2EdeZv9qdcHWcO4FxaQfnew==&lt;/Q&gt;&lt;DP&gt;X5EFwrvlFJQER9C8jY+0wcNor77F8rZcOQwpPO4KXufRR/v3QBi54qq8hqUajPG4fMP8FjUFfyO1pRJ5y8nSmw==&lt;/DP&gt;&lt;DQ&gt;5oY171fVAWFEyk7NOniUCBRno+4ocfMDGL4fYsOE4dGNp8MHZI1gES6rSBcy6ibnVzYJsH9rJsgRrPpS4zOXvw==&lt;/DQ&gt;&lt;InverseQ&gt;qBFUt2k/MMux66ijQEdzLGgecJCDuY6UCXaawfx9gfehVW7RjpnaV5fp5qE0JgWswiZtDHZbib/0oRUvjFQjEA==&lt;/InverseQ&gt;&lt;D&gt;sqSL1zAJvjna3u0xgTgv03850+trhAvd2b7TU4saWMUL+jssNX4MGIbMrbZhRszWonzLKb4CUG2LpaxPPPryO34pVSbLfBnYUjEt17May+idRFxEJBmsFISsBrp2Nb/UFXQyhen9/NftlUXYwihiLQNSWhiByIL+Ej9X4bURriE=&lt;/D&gt;&lt;/RSAKeyValue&gt;" />
          <Analytics />
          <AnalyticsContent />
          <GoogleVerification />
          <ExtraHead />
          <ExtraBodyTop />
          <ExtraBodyBottom />
          <UseGeoLocation Value="False" />
          <SiteMetaTags />
          <PageMetaTags />
          <SiteMapPriority Value="50" />
          <DefaultChangeFrequency Value="4" />
        </Properties>
      </Object>
    </Value>
  </List>
</Object>