﻿<?xml version="1.0" encoding="utf-8"?>
<!--YetaWF.Core.Serializers.SerializableList`1[YetaWF.Modules.SiteProperties.Modules.SitePropertiesModule]-->
<Object Type="YetaWF.Core.Serializers.SerializableList`1[[YetaWF.Modules.SiteProperties.Modules.SitePropertiesModule, YetaWF.SiteProperties]]" Assembly="YetaWF.Core">
  <Properties />
  <List>
    <Value>
      <Object Type="YetaWF.Modules.SiteProperties.Modules.SitePropertiesModule" Assembly="YetaWF.SiteProperties" AssemblyFull="YetaWF.SiteProperties, Version=3.0.0.0, Culture=neutral, PublicKeyToken=null">
        <Properties>
          <Name Value="Site Settings" />
          <Title>
            <Object Type="YetaWF.Core.Models.MultiString" Assembly="YetaWF.Core">
              <Properties />
              <Dictionary>
                <Key Value="en-US" />
                <Value Value="Site Settings" />
              </Dictionary>
            </Object>
          </Title>
          <Visible Value="True" />
          <ModuleSecurity Value="0" />
          <WantSearch Value="True" />
          <WantFocus Value="True" />
          <Description>
            <Object Type="YetaWF.Core.Models.MultiString" Assembly="YetaWF.Core">
              <Properties />
              <Dictionary>
                <Key Value="en-US" />
                <Value Value="Changes site settings" />
              </Dictionary>
            </Object>
          </Description>
          <ModuleGuid Value="33001d8d-0573-41d3-a5e3-b2b13d57c8d0" />
          <DateCreated Value="636600085674437680" />
          <DateUpdated Value="636600085675640271" />
          <SkinDefinitions>
            <Object Type="YetaWF.Core.Serializers.SerializableList`1[[YetaWF.Core.Skins.SkinDefinition, YetaWF.Core]]" Assembly="YetaWF.Core">
              <Properties />
              <List />
            </Object>
          </SkinDefinitions>
          <SelectedPopupSkin>
            <Object Type="YetaWF.Core.Skins.SkinDefinition" Assembly="YetaWF.Core">
              <Properties>
                <Collection />
                <FileName />
              </Properties>
            </Object>
          </SelectedPopupSkin>
          <CssClass />
          <TempPageCssClass />
          <_SuppressPartialFormCss Value="False" />
          <ShowTitle Value="True" />
          <ShowTitleActions Value="True" />
          <ShowHelp Value="False" />
          <Print Value="True" />
          <ShowFormButtons Value="True" />
          <AnchorId />
          <AllowedRoles>
            <Object Type="YetaWF.Core.Serializers.SerializableList`1[[YetaWF.Core.Modules.ModuleDefinition+AllowedRole, YetaWF.Core]]" Assembly="YetaWF.Core">
              <Properties />
              <List>
                <Value>
                  <Object Type="YetaWF.Core.Modules.ModuleDefinition+AllowedRole" Assembly="YetaWF.Core">
                    <Properties>
                      <RoleId Value="1000" />
                      <View Value="1" />
                      <Edit Value="1" />
                      <Remove Value="1" />
                      <Extra1 Value="1" />
                      <Extra2 Value="1" />
                      <Extra3 Value="1" />
                      <Extra4 Value="1" />
                      <Extra5 Value="1" />
                    </Properties>
                  </Object>
                </Value>
              </List>
            </Object>
          </AllowedRoles>
          <AllowedUsers>
            <Object Type="YetaWF.Core.Serializers.SerializableList`1[[YetaWF.Core.Modules.ModuleDefinition+AllowedUser, YetaWF.Core]]" Assembly="YetaWF.Core">
              <Properties />
              <List />
            </Object>
          </AllowedUsers>
          <ReferencedModules>
            <Object Type="YetaWF.Core.Serializers.SerializableList`1[[YetaWF.Core.Modules.ModuleDefinition+ReferencedModule, YetaWF.Core]]" Assembly="YetaWF.Core">
              <Properties />
              <List />
            </Object>
          </ReferencedModules>
        </Properties>
      </Object>
    </Value>
    <Value>
      <Object Type="YetaWF.Modules.SiteProperties.Modules.SitePropertiesModule" Assembly="YetaWF.SiteProperties" AssemblyFull="YetaWF.SiteProperties, Version=3.0.0.0, Culture=neutral, PublicKeyToken=null">
        <Properties>
          <Name Value="Site Settings" />
          <Title>
            <Object Type="YetaWF.Core.Models.MultiString" Assembly="YetaWF.Core">
              <Properties />
              <Dictionary>
                <Key Value="en-US" />
                <Value Value="Site Settings" />
              </Dictionary>
            </Object>
          </Title>
          <Visible Value="True" />
          <ModuleSecurity Value="0" />
          <WantSearch Value="True" />
          <WantFocus Value="True" />
          <Description>
            <Object Type="YetaWF.Core.Models.MultiString" Assembly="YetaWF.Core">
              <Properties />
              <Dictionary>
                <Key Value="en-US" />
                <Value Value="Changes site settings" />
              </Dictionary>
            </Object>
          </Description>
          <ModuleGuid Value="3733fd55-a66a-4e52-8b55-668d1474982c" />
          <DateCreated Value="636600082353602272" />
          <DateUpdated Value="636600082354895815" />
          <SkinDefinitions>
            <Object Type="YetaWF.Core.Serializers.SerializableList`1[[YetaWF.Core.Skins.SkinDefinition, YetaWF.Core]]" Assembly="YetaWF.Core">
              <Properties />
              <List />
            </Object>
          </SkinDefinitions>
          <SelectedPopupSkin>
            <Object Type="YetaWF.Core.Skins.SkinDefinition" Assembly="YetaWF.Core">
              <Properties>
                <Collection />
                <FileName />
              </Properties>
            </Object>
          </SelectedPopupSkin>
          <CssClass />
          <TempPageCssClass />
          <_SuppressPartialFormCss Value="False" />
          <ShowTitle Value="True" />
          <ShowTitleActions Value="True" />
          <ShowHelp Value="False" />
          <Print Value="True" />
          <ShowFormButtons Value="True" />
          <AnchorId />
          <AllowedRoles>
            <Object Type="YetaWF.Core.Serializers.SerializableList`1[[YetaWF.Core.Modules.ModuleDefinition+AllowedRole, YetaWF.Core]]" Assembly="YetaWF.Core">
              <Properties />
              <List>
                <Value>
                  <Object Type="YetaWF.Core.Modules.ModuleDefinition+AllowedRole" Assembly="YetaWF.Core">
                    <Properties>
                      <RoleId Value="1000" />
                      <View Value="1" />
                      <Edit Value="1" />
                      <Remove Value="1" />
                      <Extra1 Value="1" />
                      <Extra2 Value="1" />
                      <Extra3 Value="1" />
                      <Extra4 Value="1" />
                      <Extra5 Value="1" />
                    </Properties>
                  </Object>
                </Value>
              </List>
            </Object>
          </AllowedRoles>
          <AllowedUsers>
            <Object Type="YetaWF.Core.Serializers.SerializableList`1[[YetaWF.Core.Modules.ModuleDefinition+AllowedUser, YetaWF.Core]]" Assembly="YetaWF.Core">
              <Properties />
              <List />
            </Object>
          </AllowedUsers>
          <ReferencedModules>
            <Object Type="YetaWF.Core.Serializers.SerializableList`1[[YetaWF.Core.Modules.ModuleDefinition+ReferencedModule, YetaWF.Core]]" Assembly="YetaWF.Core">
              <Properties />
              <List />
            </Object>
          </ReferencedModules>
        </Properties>
      </Object>
    </Value>
    <Value>
      <Object Type="YetaWF.Modules.SiteProperties.Modules.SitePropertiesModule" Assembly="YetaWF.SiteProperties" AssemblyFull="YetaWF.SiteProperties, Version=3.0.0.0, Culture=neutral, PublicKeyToken=null">
        <Properties>
          <Name Value="Site Settings" />
          <Title>
            <Object Type="YetaWF.Core.Models.MultiString" Assembly="YetaWF.Core">
              <Properties />
              <Dictionary>
                <Key Value="en-US" />
                <Value Value="Site Settings" />
              </Dictionary>
            </Object>
          </Title>
          <Visible Value="True" />
          <ModuleSecurity Value="0" />
          <WantSearch Value="True" />
          <WantFocus Value="True" />
          <Description>
            <Object Type="YetaWF.Core.Models.MultiString" Assembly="YetaWF.Core">
              <Properties />
              <Dictionary>
                <Key Value="en-US" />
                <Value Value="Changes site settings" />
              </Dictionary>
            </Object>
          </Description>
          <ModuleGuid Value="4e7f7dfc-18fc-4cbc-96cc-538d91360ad3" />
          <DateCreated Value="636618181281492380" />
          <DateUpdated Value="636618181282072709" />
          <SkinDefinitions>
            <Object Type="YetaWF.Core.Serializers.SerializableList`1[[YetaWF.Core.Skins.SkinDefinition, YetaWF.Core]]" Assembly="YetaWF.Core">
              <Properties />
              <List />
            </Object>
          </SkinDefinitions>
          <SelectedPopupSkin>
            <Object Type="YetaWF.Core.Skins.SkinDefinition" Assembly="YetaWF.Core">
              <Properties>
                <Collection />
                <FileName />
              </Properties>
            </Object>
          </SelectedPopupSkin>
          <CssClass />
          <TempPageCssClass />
          <_SuppressPartialFormCss Value="False" />
          <ShowTitle Value="True" />
          <ShowTitleActions Value="True" />
          <ShowHelp Value="False" />
          <Print Value="True" />
          <ShowFormButtons Value="True" />
          <AnchorId />
          <AllowedRoles>
            <Object Type="YetaWF.Core.Serializers.SerializableList`1[[YetaWF.Core.Modules.ModuleDefinition+AllowedRole, YetaWF.Core]]" Assembly="YetaWF.Core">
              <Properties />
              <List>
                <Value>
                  <Object Type="YetaWF.Core.Modules.ModuleDefinition+AllowedRole" Assembly="YetaWF.Core">
                    <Properties>
                      <RoleId Value="1000" />
                      <View Value="1" />
                      <Edit Value="1" />
                      <Remove Value="1" />
                      <Extra1 Value="1" />
                      <Extra2 Value="1" />
                      <Extra3 Value="1" />
                      <Extra4 Value="1" />
                      <Extra5 Value="1" />
                    </Properties>
                  </Object>
                </Value>
              </List>
            </Object>
          </AllowedRoles>
          <AllowedUsers>
            <Object Type="YetaWF.Core.Serializers.SerializableList`1[[YetaWF.Core.Modules.ModuleDefinition+AllowedUser, YetaWF.Core]]" Assembly="YetaWF.Core">
              <Properties />
              <List />
            </Object>
          </AllowedUsers>
          <ReferencedModules>
            <Object Type="YetaWF.Core.Serializers.SerializableList`1[[YetaWF.Core.Modules.ModuleDefinition+ReferencedModule, YetaWF.Core]]" Assembly="YetaWF.Core">
              <Properties />
              <List />
            </Object>
          </ReferencedModules>
        </Properties>
      </Object>
    </Value>
    <Value>
      <Object Type="YetaWF.Modules.SiteProperties.Modules.SitePropertiesModule" Assembly="YetaWF.SiteProperties" AssemblyFull="YetaWF.SiteProperties, Version=3.0.0.0, Culture=neutral, PublicKeyToken=null">
        <Properties>
          <Name Value="Site Settings" />
          <Title>
            <Object Type="YetaWF.Core.Models.MultiString" Assembly="YetaWF.Core">
              <Properties />
              <Dictionary>
                <Key Value="en-US" />
                <Value Value="Site Settings" />
              </Dictionary>
            </Object>
          </Title>
          <Visible Value="True" />
          <ModuleSecurity Value="0" />
          <WantSearch Value="True" />
          <WantFocus Value="True" />
          <Description>
            <Object Type="YetaWF.Core.Models.MultiString" Assembly="YetaWF.Core">
              <Properties />
              <Dictionary>
                <Key Value="en-US" />
                <Value Value="Changes site settings" />
              </Dictionary>
            </Object>
          </Description>
          <ModuleGuid Value="60ab2616-c7b9-4cad-8ddd-c477919a8527" />
          <DateCreated Value="636613319727161371" />
          <DateUpdated Value="636613319728483027" />
          <SkinDefinitions>
            <Object Type="YetaWF.Core.Serializers.SerializableList`1[[YetaWF.Core.Skins.SkinDefinition, YetaWF.Core]]" Assembly="YetaWF.Core">
              <Properties />
              <List />
            </Object>
          </SkinDefinitions>
          <SelectedPopupSkin>
            <Object Type="YetaWF.Core.Skins.SkinDefinition" Assembly="YetaWF.Core">
              <Properties>
                <Collection />
                <FileName />
              </Properties>
            </Object>
          </SelectedPopupSkin>
          <CssClass />
          <TempPageCssClass />
          <_SuppressPartialFormCss Value="False" />
          <ShowTitle Value="True" />
          <ShowTitleActions Value="True" />
          <ShowHelp Value="False" />
          <Print Value="True" />
          <ShowFormButtons Value="True" />
          <AnchorId />
          <AllowedRoles>
            <Object Type="YetaWF.Core.Serializers.SerializableList`1[[YetaWF.Core.Modules.ModuleDefinition+AllowedRole, YetaWF.Core]]" Assembly="YetaWF.Core">
              <Properties />
              <List>
                <Value>
                  <Object Type="YetaWF.Core.Modules.ModuleDefinition+AllowedRole" Assembly="YetaWF.Core">
                    <Properties>
                      <RoleId Value="1000" />
                      <View Value="1" />
                      <Edit Value="1" />
                      <Remove Value="1" />
                      <Extra1 Value="1" />
                      <Extra2 Value="1" />
                      <Extra3 Value="1" />
                      <Extra4 Value="1" />
                      <Extra5 Value="1" />
                    </Properties>
                  </Object>
                </Value>
              </List>
            </Object>
          </AllowedRoles>
          <AllowedUsers>
            <Object Type="YetaWF.Core.Serializers.SerializableList`1[[YetaWF.Core.Modules.ModuleDefinition+AllowedUser, YetaWF.Core]]" Assembly="YetaWF.Core">
              <Properties />
              <List />
            </Object>
          </AllowedUsers>
          <ReferencedModules>
            <Object Type="YetaWF.Core.Serializers.SerializableList`1[[YetaWF.Core.Modules.ModuleDefinition+ReferencedModule, YetaWF.Core]]" Assembly="YetaWF.Core">
              <Properties />
              <List />
            </Object>
          </ReferencedModules>
        </Properties>
      </Object>
    </Value>
    <Value>
      <Object Type="YetaWF.Modules.SiteProperties.Modules.SitePropertiesModule" Assembly="YetaWF.SiteProperties" AssemblyFull="YetaWF.SiteProperties, Version=3.0.0.0, Culture=neutral, PublicKeyToken=null">
        <Properties>
          <Name Value="Site Settings" />
          <Title>
            <Object Type="YetaWF.Core.Models.MultiString" Assembly="YetaWF.Core">
              <Properties />
              <Dictionary>
                <Key Value="en-US" />
                <Value Value="Site Settings" />
              </Dictionary>
            </Object>
          </Title>
          <Visible Value="True" />
          <ModuleSecurity Value="0" />
          <WantSearch Value="True" />
          <WantFocus Value="True" />
          <Description>
            <Object Type="YetaWF.Core.Models.MultiString" Assembly="YetaWF.Core">
              <Properties />
              <Dictionary>
                <Key Value="en-US" />
                <Value Value="Changes site settings" />
              </Dictionary>
            </Object>
          </Description>
          <ModuleGuid Value="7a827a39-b884-48f1-8237-92796d83b9f0" />
          <DateCreated Value="635635891245516056" />
          <DateUpdated Value="636594370946729602" />
          <SkinDefinitions>
            <Object Type="YetaWF.Core.Serializers.SerializableList`1[[YetaWF.Core.Skins.SkinDefinition, YetaWF.Core]]" Assembly="YetaWF.Core">
              <Properties />
              <List />
            </Object>
          </SkinDefinitions>
          <SelectedPopupSkin>
            <Object Type="YetaWF.Core.Skins.SkinDefinition" Assembly="YetaWF.Core">
              <Properties>
                <Collection />
                <FileName />
              </Properties>
            </Object>
          </SelectedPopupSkin>
          <CssClass />
          <TempPageCssClass />
          <_SuppressPartialFormCss Value="False" />
          <ShowTitle Value="True" />
          <ShowTitleActions Value="False" />
          <ShowHelp Value="False" />
          <Print Value="True" />
          <ShowFormButtons Value="True" />
          <AnchorId />
          <AllowedRoles>
            <Object Type="YetaWF.Core.Serializers.SerializableList`1[[YetaWF.Core.Modules.ModuleDefinition+AllowedRole, YetaWF.Core]]" Assembly="YetaWF.Core">
              <Properties />
              <List>
                <Value>
                  <Object Type="YetaWF.Core.Modules.ModuleDefinition+AllowedRole" Assembly="YetaWF.Core">
                    <Properties>
                      <RoleId Value="1000" />
                      <View Value="1" />
                      <Edit Value="1" />
                      <Remove Value="1" />
                      <Extra1 Value="1" />
                      <Extra2 Value="1" />
                      <Extra3 Value="1" />
                      <Extra4 Value="1" />
                      <Extra5 Value="1" />
                    </Properties>
                  </Object>
                </Value>
              </List>
            </Object>
          </AllowedRoles>
          <AllowedUsers>
            <Object Type="YetaWF.Core.Serializers.SerializableList`1[[YetaWF.Core.Modules.ModuleDefinition+AllowedUser, YetaWF.Core]]" Assembly="YetaWF.Core">
              <Properties />
              <List />
            </Object>
          </AllowedUsers>
          <ReferencedModules>
            <Object Type="YetaWF.Core.Serializers.SerializableList`1[[YetaWF.Core.Modules.ModuleDefinition+ReferencedModule, YetaWF.Core]]" Assembly="YetaWF.Core">
              <Properties />
              <List />
            </Object>
          </ReferencedModules>
        </Properties>
      </Object>
    </Value>
    <Value>
      <Object Type="YetaWF.Modules.SiteProperties.Modules.SitePropertiesModule" Assembly="YetaWF.SiteProperties" AssemblyFull="YetaWF.SiteProperties, Version=3.0.0.0, Culture=neutral, PublicKeyToken=null">
        <Properties>
          <Name Value="Site Settings" />
          <Title>
            <Object Type="YetaWF.Core.Models.MultiString" Assembly="YetaWF.Core">
              <Properties />
              <Dictionary>
                <Key Value="en-US" />
                <Value Value="Site Settings" />
              </Dictionary>
            </Object>
          </Title>
          <Visible Value="True" />
          <ModuleSecurity Value="0" />
          <WantSearch Value="True" />
          <WantFocus Value="True" />
          <Description>
            <Object Type="YetaWF.Core.Models.MultiString" Assembly="YetaWF.Core">
              <Properties />
              <Dictionary>
                <Key Value="en-US" />
                <Value Value="Changes site settings" />
              </Dictionary>
            </Object>
          </Description>
          <ModuleGuid Value="8cbfcb24-7f66-4db0-8bcb-eecfbdfcfd9a" />
          <DateCreated Value="636612152143643937" />
          <DateUpdated Value="636612152144845057" />
          <SkinDefinitions>
            <Object Type="YetaWF.Core.Serializers.SerializableList`1[[YetaWF.Core.Skins.SkinDefinition, YetaWF.Core]]" Assembly="YetaWF.Core">
              <Properties />
              <List />
            </Object>
          </SkinDefinitions>
          <SelectedPopupSkin>
            <Object Type="YetaWF.Core.Skins.SkinDefinition" Assembly="YetaWF.Core">
              <Properties>
                <Collection />
                <FileName />
              </Properties>
            </Object>
          </SelectedPopupSkin>
          <CssClass />
          <TempPageCssClass />
          <_SuppressPartialFormCss Value="False" />
          <ShowTitle Value="True" />
          <ShowTitleActions Value="True" />
          <ShowHelp Value="False" />
          <Print Value="True" />
          <ShowFormButtons Value="True" />
          <AnchorId />
          <AllowedRoles>
            <Object Type="YetaWF.Core.Serializers.SerializableList`1[[YetaWF.Core.Modules.ModuleDefinition+AllowedRole, YetaWF.Core]]" Assembly="YetaWF.Core">
              <Properties />
              <List>
                <Value>
                  <Object Type="YetaWF.Core.Modules.ModuleDefinition+AllowedRole" Assembly="YetaWF.Core">
                    <Properties>
                      <RoleId Value="1000" />
                      <View Value="1" />
                      <Edit Value="1" />
                      <Remove Value="1" />
                      <Extra1 Value="1" />
                      <Extra2 Value="1" />
                      <Extra3 Value="1" />
                      <Extra4 Value="1" />
                      <Extra5 Value="1" />
                    </Properties>
                  </Object>
                </Value>
              </List>
            </Object>
          </AllowedRoles>
          <AllowedUsers>
            <Object Type="YetaWF.Core.Serializers.SerializableList`1[[YetaWF.Core.Modules.ModuleDefinition+AllowedUser, YetaWF.Core]]" Assembly="YetaWF.Core">
              <Properties />
              <List />
            </Object>
          </AllowedUsers>
          <ReferencedModules>
            <Object Type="YetaWF.Core.Serializers.SerializableList`1[[YetaWF.Core.Modules.ModuleDefinition+ReferencedModule, YetaWF.Core]]" Assembly="YetaWF.Core">
              <Properties />
              <List />
            </Object>
          </ReferencedModules>
        </Properties>
      </Object>
    </Value>
    <Value>
      <Object Type="YetaWF.Modules.SiteProperties.Modules.SitePropertiesModule" Assembly="YetaWF.SiteProperties" AssemblyFull="YetaWF.SiteProperties, Version=3.0.0.0, Culture=neutral, PublicKeyToken=null">
        <Properties>
          <Name Value="Site Settings" />
          <Title>
            <Object Type="YetaWF.Core.Models.MultiString" Assembly="YetaWF.Core">
              <Properties />
              <Dictionary>
                <Key Value="en-US" />
                <Value Value="Site Settings" />
              </Dictionary>
            </Object>
          </Title>
          <Visible Value="True" />
          <ModuleSecurity Value="0" />
          <WantSearch Value="True" />
          <WantFocus Value="True" />
          <Description>
            <Object Type="YetaWF.Core.Models.MultiString" Assembly="YetaWF.Core">
              <Properties />
              <Dictionary>
                <Key Value="en-US" />
                <Value Value="Changes site settings" />
              </Dictionary>
            </Object>
          </Description>
          <ModuleGuid Value="b1255bbe-59d7-415c-ab4c-f6a03558d8dc" />
          <DateCreated Value="636617750318600332" />
          <DateUpdated Value="636617750319326274" />
          <SkinDefinitions>
            <Object Type="YetaWF.Core.Serializers.SerializableList`1[[YetaWF.Core.Skins.SkinDefinition, YetaWF.Core]]" Assembly="YetaWF.Core">
              <Properties />
              <List />
            </Object>
          </SkinDefinitions>
          <SelectedPopupSkin>
            <Object Type="YetaWF.Core.Skins.SkinDefinition" Assembly="YetaWF.Core">
              <Properties>
                <Collection />
                <FileName />
              </Properties>
            </Object>
          </SelectedPopupSkin>
          <CssClass />
          <TempPageCssClass />
          <_SuppressPartialFormCss Value="False" />
          <ShowTitle Value="True" />
          <ShowTitleActions Value="True" />
          <ShowHelp Value="False" />
          <Print Value="True" />
          <ShowFormButtons Value="True" />
          <AnchorId />
          <AllowedRoles>
            <Object Type="YetaWF.Core.Serializers.SerializableList`1[[YetaWF.Core.Modules.ModuleDefinition+AllowedRole, YetaWF.Core]]" Assembly="YetaWF.Core">
              <Properties />
              <List>
                <Value>
                  <Object Type="YetaWF.Core.Modules.ModuleDefinition+AllowedRole" Assembly="YetaWF.Core">
                    <Properties>
                      <RoleId Value="1000" />
                      <View Value="1" />
                      <Edit Value="1" />
                      <Remove Value="1" />
                      <Extra1 Value="1" />
                      <Extra2 Value="1" />
                      <Extra3 Value="1" />
                      <Extra4 Value="1" />
                      <Extra5 Value="1" />
                    </Properties>
                  </Object>
                </Value>
              </List>
            </Object>
          </AllowedRoles>
          <AllowedUsers>
            <Object Type="YetaWF.Core.Serializers.SerializableList`1[[YetaWF.Core.Modules.ModuleDefinition+AllowedUser, YetaWF.Core]]" Assembly="YetaWF.Core">
              <Properties />
              <List />
            </Object>
          </AllowedUsers>
          <ReferencedModules>
            <Object Type="YetaWF.Core.Serializers.SerializableList`1[[YetaWF.Core.Modules.ModuleDefinition+ReferencedModule, YetaWF.Core]]" Assembly="YetaWF.Core">
              <Properties />
              <List />
            </Object>
          </ReferencedModules>
        </Properties>
      </Object>
    </Value>
    <Value>
      <Object Type="YetaWF.Modules.SiteProperties.Modules.SitePropertiesModule" Assembly="YetaWF.SiteProperties" AssemblyFull="YetaWF.SiteProperties, Version=3.0.0.0, Culture=neutral, PublicKeyToken=null">
        <Properties>
          <Name Value="Site Settings" />
          <Title>
            <Object Type="YetaWF.Core.Models.MultiString" Assembly="YetaWF.Core">
              <Properties />
              <Dictionary>
                <Key Value="en-US" />
                <Value Value="Site Settings" />
              </Dictionary>
            </Object>
          </Title>
          <Visible Value="True" />
          <ModuleSecurity Value="0" />
          <WantSearch Value="True" />
          <WantFocus Value="True" />
          <Description>
            <Object Type="YetaWF.Core.Models.MultiString" Assembly="YetaWF.Core">
              <Properties />
              <Dictionary>
                <Key Value="en-US" />
                <Value Value="Changes site settings" />
              </Dictionary>
            </Object>
          </Description>
          <ModuleGuid Value="d6724776-f613-4f84-88ba-bdc82cfd5dab" />
          <DateCreated Value="636611175732848118" />
          <DateUpdated Value="636611175733929125" />
          <SkinDefinitions>
            <Object Type="YetaWF.Core.Serializers.SerializableList`1[[YetaWF.Core.Skins.SkinDefinition, YetaWF.Core]]" Assembly="YetaWF.Core">
              <Properties />
              <List />
            </Object>
          </SkinDefinitions>
          <SelectedPopupSkin>
            <Object Type="YetaWF.Core.Skins.SkinDefinition" Assembly="YetaWF.Core">
              <Properties>
                <Collection />
                <FileName />
              </Properties>
            </Object>
          </SelectedPopupSkin>
          <CssClass />
          <TempPageCssClass />
          <_SuppressPartialFormCss Value="False" />
          <ShowTitle Value="True" />
          <ShowTitleActions Value="True" />
          <ShowHelp Value="False" />
          <Print Value="True" />
          <ShowFormButtons Value="True" />
          <AnchorId />
          <AllowedRoles>
            <Object Type="YetaWF.Core.Serializers.SerializableList`1[[YetaWF.Core.Modules.ModuleDefinition+AllowedRole, YetaWF.Core]]" Assembly="YetaWF.Core">
              <Properties />
              <List>
                <Value>
                  <Object Type="YetaWF.Core.Modules.ModuleDefinition+AllowedRole" Assembly="YetaWF.Core">
                    <Properties>
                      <RoleId Value="1000" />
                      <View Value="1" />
                      <Edit Value="1" />
                      <Remove Value="1" />
                      <Extra1 Value="1" />
                      <Extra2 Value="1" />
                      <Extra3 Value="1" />
                      <Extra4 Value="1" />
                      <Extra5 Value="1" />
                    </Properties>
                  </Object>
                </Value>
              </List>
            </Object>
          </AllowedRoles>
          <AllowedUsers>
            <Object Type="YetaWF.Core.Serializers.SerializableList`1[[YetaWF.Core.Modules.ModuleDefinition+AllowedUser, YetaWF.Core]]" Assembly="YetaWF.Core">
              <Properties />
              <List />
            </Object>
          </AllowedUsers>
          <ReferencedModules>
            <Object Type="YetaWF.Core.Serializers.SerializableList`1[[YetaWF.Core.Modules.ModuleDefinition+ReferencedModule, YetaWF.Core]]" Assembly="YetaWF.Core">
              <Properties />
              <List />
            </Object>
          </ReferencedModules>
        </Properties>
      </Object>
    </Value>
    <Value>
      <Object Type="YetaWF.Modules.SiteProperties.Modules.SitePropertiesModule" Assembly="YetaWF.SiteProperties" AssemblyFull="YetaWF.SiteProperties, Version=3.0.0.0, Culture=neutral, PublicKeyToken=null">
        <Properties>
          <Name Value="Site Settings" />
          <Title>
            <Object Type="YetaWF.Core.Models.MultiString" Assembly="YetaWF.Core">
              <Properties />
              <Dictionary>
                <Key Value="en-US" />
                <Value Value="Site Settings" />
              </Dictionary>
            </Object>
          </Title>
          <Visible Value="True" />
          <ModuleSecurity Value="0" />
          <WantSearch Value="True" />
          <WantFocus Value="True" />
          <Description>
            <Object Type="YetaWF.Core.Models.MultiString" Assembly="YetaWF.Core">
              <Properties />
              <Dictionary>
                <Key Value="en-US" />
                <Value Value="Changes site settings" />
              </Dictionary>
            </Object>
          </Description>
          <ModuleGuid Value="eb7e2e48-3c5a-4fc0-b976-154af2b1046f" />
          <DateCreated Value="636616375937240472" />
          <DateUpdated Value="636616375938571756" />
          <SkinDefinitions>
            <Object Type="YetaWF.Core.Serializers.SerializableList`1[[YetaWF.Core.Skins.SkinDefinition, YetaWF.Core]]" Assembly="YetaWF.Core">
              <Properties />
              <List />
            </Object>
          </SkinDefinitions>
          <SelectedPopupSkin>
            <Object Type="YetaWF.Core.Skins.SkinDefinition" Assembly="YetaWF.Core">
              <Properties>
                <Collection />
                <FileName />
              </Properties>
            </Object>
          </SelectedPopupSkin>
          <CssClass />
          <TempPageCssClass />
          <_SuppressPartialFormCss Value="False" />
          <ShowTitle Value="True" />
          <ShowTitleActions Value="True" />
          <ShowHelp Value="False" />
          <Print Value="True" />
          <ShowFormButtons Value="True" />
          <AnchorId />
          <AllowedRoles>
            <Object Type="YetaWF.Core.Serializers.SerializableList`1[[YetaWF.Core.Modules.ModuleDefinition+AllowedRole, YetaWF.Core]]" Assembly="YetaWF.Core">
              <Properties />
              <List>
                <Value>
                  <Object Type="YetaWF.Core.Modules.ModuleDefinition+AllowedRole" Assembly="YetaWF.Core">
                    <Properties>
                      <RoleId Value="1000" />
                      <View Value="1" />
                      <Edit Value="1" />
                      <Remove Value="1" />
                      <Extra1 Value="1" />
                      <Extra2 Value="1" />
                      <Extra3 Value="1" />
                      <Extra4 Value="1" />
                      <Extra5 Value="1" />
                    </Properties>
                  </Object>
                </Value>
              </List>
            </Object>
          </AllowedRoles>
          <AllowedUsers>
            <Object Type="YetaWF.Core.Serializers.SerializableList`1[[YetaWF.Core.Modules.ModuleDefinition+AllowedUser, YetaWF.Core]]" Assembly="YetaWF.Core">
              <Properties />
              <List />
            </Object>
          </AllowedUsers>
          <ReferencedModules>
            <Object Type="YetaWF.Core.Serializers.SerializableList`1[[YetaWF.Core.Modules.ModuleDefinition+ReferencedModule, YetaWF.Core]]" Assembly="YetaWF.Core">
              <Properties />
              <List />
            </Object>
          </ReferencedModules>
        </Properties>
      </Object>
    </Value>
  </List>
</Object>