﻿<?xml version="1.0" encoding="utf-8"?>
<!--YetaWF.Core.Serializers.SerializableList`1[YetaWF.Core.Site.SiteDefinition]-->
<Object Type="YetaWF.Core.Serializers.SerializableList`1[[YetaWF.Core.Site.SiteDefinition, YetaWF.Core, Culture=neutral, PublicKeyToken=null]]" Assembly="YetaWF.Core">
  <Properties />
  <List>
    <Value>
      <Object Type="YetaWF.Core.Site.SiteDefinition" Assembly="YetaWF.Core">
        <Properties>
          <Identity Value="1000" />
          <SiteDomain Value="YetaWFDist4" />
          <SiteName Value="YetaWFDist4" />
          <EnforceSiteUrl Value="False" />
          <PageSecurity Value="0" />
          <EnforceSitePort Value="False" />
          <PortNumber Value="80" />
          <PortNumberSSL Value="443" />
          <Localization Value="True" />
          <DefaultLanguageId Value="en-US" />
          <AllowAnonymousUsers Value="True" />
          <Locked Value="False" />
          <LockedForIP />
          <LockedExternalForIP />
          <LockedUrl Value="/Maintenance/Offline For Maintenance.html" />
          <AllowPopups Value="True" />
          <CssNoTooltips Value="linkpreview-show peelback" />
          <FavIcon_Data Value="" />
          <FavIconLrg_Data Value="" />
          <Country Value="United States" />
          <Currency Value="USD" />
          <CurrencyFormat Value="$ #,0.00" />
          <CurrencyDecimals Value="2" />
          <StaticPages Value="False" />
          <AllowCacheUse Value="True" />
          <Compression Value="True" />
          <CompressCSSFiles Value="True" />
          <BundleCSSFiles Value="True" />
          <CssLocation Value="1" />
          <CompressJSFiles Value="True" />
          <BundleJSFiles Value="True" />
          <JSLocation Value="1" />
          <DisableMinimizeFUOC Value="False" />
          <Copyright Value="YetaWF.com - © Copyright &lt;&lt;Year&gt;&gt; Softel vdm, Inc." />
          <UseCDNComponents Value="False" />
          <UseCDN Value="False" />
          <CDNUrl />
          <CDNUrlSecure />
          <StaticDomain />
          <EmailDebug Value="False" />
          <AdminEmail Value="youremail@YetaWFDist4" />
          <SMTP>
            <Object Type="YetaWF.Core.SendEmail.SMTPServer" Assembly="YetaWF.Core">
              <Properties>
                <Server Value="mail.YetaWFDist4" />
                <Port Value="25" />
                <Authentication Value="1" />
                <UserName Value="youremail@YetaWFDist4" />
                <Password Value="somepassword" />
                <SSL Value="False" />
              </Properties>
            </Object>
          </SMTP>
          <HomePageUrl Value="/" />
          <NotFoundUrl Value="/Errors/404" />
          <MobileSiteUrl />
          <UnsupportedBrowserUrl Value="/Maintenance/Unsupported Browser.html" />
          <LoginUrl Value="/User/Login" />
          <ExternalAccountSetupUrl Value="/User/Setup External Account" />
          <ReferencedModules>
            <Object Type="YetaWF.Core.Serializers.SerializableList`1[[YetaWF.Core.Modules.ModuleDefinition+ReferencedModule, YetaWF.Core, Culture=neutral, PublicKeyToken=null]]" Assembly="YetaWF.Core">
              <Properties />
              <List />
            </Object>
          </ReferencedModules>
          <SelectedSkin>
            <Object Type="YetaWF.Core.Skins.SkinDefinition" Assembly="YetaWF.Core">
              <Properties>
                <Collection Value="YetaWF/BootstrapSample/BootstrapSkin" />
                <FileName Value="Default.cshtml" />
              </Properties>
            </Object>
          </SelectedSkin>
          <SelectedPopupSkin>
            <Object Type="YetaWF.Core.Skins.SkinDefinition" Assembly="YetaWF.Core">
              <Properties>
                <Collection Value="YetaWF/BootstrapSample/BootstrapSkin" />
                <FileName Value="Popup.cshtml" />
              </Properties>
            </Object>
          </SelectedPopupSkin>
          <FormErrorsImmed Value="False" />
          <BootstrapSkin />
          <jQueryUISkin Value="Start" />
          <KendoUISkin Value="Blue Opal" />
          <TabStyle Value="0" />
          <PublicKey Value="&lt;RSAKeyValue&gt;&lt;Modulus&gt;4jY+tUnznLjPAnFEMJjZ05GQlIi5THx1MUA6U2hLGQsvEjsu9u78/cbrnIzSrvqxv7SnaUOZvmKG+1Wq5OnHlyF4zPKTL0v6C8lttBn90dFjbh78FAjbfPBcEpeoW6s5tk8hwWOB3LZ++Nhb4PaVVRhrs+xJpxMMtzaRCBAe6n0=&lt;/Modulus&gt;&lt;Exponent&gt;AQAB&lt;/Exponent&gt;&lt;/RSAKeyValue&gt;" />
          <PrivateKey Value="&lt;RSAKeyValue&gt;&lt;Modulus&gt;4jY+tUnznLjPAnFEMJjZ05GQlIi5THx1MUA6U2hLGQsvEjsu9u78/cbrnIzSrvqxv7SnaUOZvmKG+1Wq5OnHlyF4zPKTL0v6C8lttBn90dFjbh78FAjbfPBcEpeoW6s5tk8hwWOB3LZ++Nhb4PaVVRhrs+xJpxMMtzaRCBAe6n0=&lt;/Modulus&gt;&lt;Exponent&gt;AQAB&lt;/Exponent&gt;&lt;P&gt;89K0WRFKBj+LKvzR/5qq2XjBKrA+N60p1Q7IT7b46mziPOXX2NzK9YzLvMbiE92vxpsM0tSF45sYDh7wDGkClw==&lt;/P&gt;&lt;Q&gt;7YJhYQbe4dfNIfEfcxCoAkcpg/OHTz4xIDLtjhSdtjBEV0siAfHvrO6KfYG3jS21TN4i3LGVheJ9FXsGyhJiCw==&lt;/Q&gt;&lt;DP&gt;JlADmsNGuHifq5+Sd/GbyxRYdha/kAwbuKjb/PqpXlzBqAQNyLvZAIChOwadW7XH+xM+DprqdvtV6lIeMjUF/Q==&lt;/DP&gt;&lt;DQ&gt;4eIjLP000oPEM2i4aV3I+8mkQTtGT+YtIJtu9LbEu7Yx+Pea01C+irCfg/fvktSK3h1R+KToONoL7ncAIQTUuw==&lt;/DQ&gt;&lt;InverseQ&gt;yY85h4c68DQGOHoeIQnGYGPJ63OZDP4aElk1b+kwvhib/g9BhDzmq102koxI4z9k4vs4Jup3h/6oG+dZbmlQRA==&lt;/InverseQ&gt;&lt;D&gt;EmsIQAp9Y01IzZIbUzmewrMfaniXXbrkb9Yi6ZecRbW7Z2iaMlDTGHaRyHVO0iBnSIyU9OUkJ3QuOViISYsfTO+j+M8IdUS8uJBydo7ZEK0/WvxStFGwE5Q2WUZoy0JJ7QnzgMuIikXG5f6o4y37xSch99JauYxcsxGIPEbNIaE=&lt;/D&gt;&lt;/RSAKeyValue&gt;" />
          <Analytics />
          <AnalyticsContent />
          <GoogleVerification />
          <ExtraHead />
          <ExtraBodyTop />
          <ExtraBodyBottom />
          <UseGeoLocation Value="False" />
          <SiteMetaTags />
          <PageMetaTags />
          <SiteMapPriority Value="50" />
          <DefaultChangeFrequency Value="4" />
        </Properties>
      </Object>
    </Value>
  </List>
</Object>