﻿<?xml version="1.0" encoding="utf-8"?>
<!--YetaWF.Core.Serializers.SerializableList`1[YetaWF.Core.Site.SiteDefinition]-->
<Object Type="YetaWF.Core.Serializers.SerializableList`1[[YetaWF.Core.Site.SiteDefinition, YetaWF.Core, Culture=neutral, PublicKeyToken=null]]" Assembly="YetaWF.Core">
  <Properties />
  <List>
    <Value>
      <Object Type="YetaWF.Core.Site.SiteDefinition" Assembly="YetaWF.Core">
        <Properties>
          <Identity Value="1000" />
          <SiteDomain Value="YetaWFDist4" />
          <SiteName Value="YetaWFDist4" />
          <EnforceSiteUrl Value="False" />
          <PageSecurity Value="0" />
          <EnforceSitePort Value="False" />
          <PortNumber Value="80" />
          <PortNumberSSL Value="443" />
          <Localization Value="True" />
          <DefaultLanguageId Value="en-US" />
          <AllowAnonymousUsers Value="True" />
          <Locked Value="False" />
          <LockedForIP />
          <LockedExternalForIP />
          <LockedUrl Value="/Maintenance/Offline For Maintenance.html" />
          <AllowPopups Value="True" />
          <CssNoTooltips Value="linkpreview-show peelback" />
          <FavIcon_Data Value="" />
          <FavIconLrg_Data Value="" />
          <Country Value="United States" />
          <Currency Value="USD" />
          <CurrencyFormat Value="$ #,0.00" />
          <CurrencyDecimals Value="2" />
          <StaticPages Value="False" />
          <AllowCacheUse Value="True" />
          <Compression Value="True" />
          <CompressCSSFiles Value="True" />
          <BundleCSSFiles Value="True" />
          <CssLocation Value="1" />
          <CompressJSFiles Value="True" />
          <BundleJSFiles Value="True" />
          <JSLocation Value="1" />
          <DisableMinimizeFUOC Value="False" />
          <Copyright Value="YetaWF.com - © Copyright &lt;&lt;Year&gt;&gt; Softel vdm, Inc." />
          <UseCDNComponents Value="False" />
          <UseCDN Value="False" />
          <CDNUrl />
          <CDNUrlSecure />
          <StaticDomain />
          <EmailDebug Value="False" />
          <AdminEmail Value="youremail@YetaWFDist4" />
          <SMTP>
            <Object Type="YetaWF.Core.SendEmail.SMTPServer" Assembly="YetaWF.Core">
              <Properties>
                <Server Value="mail.YetaWFDist4" />
                <Port Value="25" />
                <Authentication Value="1" />
                <UserName Value="youremail@YetaWFDist4" />
                <Password Value="somepassword" />
                <SSL Value="False" />
              </Properties>
            </Object>
          </SMTP>
          <HomePageUrl Value="/" />
          <NotFoundUrl Value="/Errors/404" />
          <MobileSiteUrl />
          <UnsupportedBrowserUrl Value="/Maintenance/Unsupported Browser.html" />
          <LoginUrl Value="/User/Login" />
          <ExternalAccountSetupUrl Value="/User/Setup External Account" />
          <ReferencedModules>
            <Object Type="YetaWF.Core.Serializers.SerializableList`1[[YetaWF.Core.Modules.ModuleDefinition+ReferencedModule, YetaWF.Core, Culture=neutral, PublicKeyToken=null]]" Assembly="YetaWF.Core">
              <Properties />
              <List>
                <Value>
                  <Object Type="YetaWF.Core.Modules.ModuleDefinition+ReferencedModule" Assembly="YetaWF.Core">
                    <Properties>
                      <ModuleGuid Value="2a4e6f13-24a0-45c1-8a42-f1072e6ac7de" />
                    </Properties>
                  </Object>
                </Value>
              </List>
            </Object>
          </ReferencedModules>
          <SelectedSkin>
            <Object Type="YetaWF.Core.Skins.SkinDefinition" Assembly="YetaWF.Core">
              <Properties>
                <Collection Value="YetaWF/BootstrapSample/BootstrapSkin" />
                <FileName Value="Default.cshtml" />
              </Properties>
            </Object>
          </SelectedSkin>
          <SelectedPopupSkin>
            <Object Type="YetaWF.Core.Skins.SkinDefinition" Assembly="YetaWF.Core">
              <Properties>
                <Collection Value="YetaWF/BootstrapSample/BootstrapSkin" />
                <FileName Value="Popup.cshtml" />
              </Properties>
            </Object>
          </SelectedPopupSkin>
          <FormErrorsImmed Value="False" />
          <BootstrapSkin Value="Bootstrap Default" />
          <jQueryUISkin Value="Start" />
          <KendoUISkin Value="Blue Opal" />
          <TabStyle Value="0" />
          <PublicKey Value="&lt;RSAKeyValue&gt;&lt;Modulus&gt;zu7CxhaxXdmv2pX+mTLY+D/jWZkLn73ykpYyNE7HnvtfoL42Y7y1kNl62cpZCTX0Lim/ZIAMWwzq9BPMtVGDKMH366rxyzAcv38t9wbek92sg9KTG/B5AiZwMjEGWaiLMM4RITOoco1MjyxlfCPITPjDhfjbGHLVNFw3esun0rU=&lt;/Modulus&gt;&lt;Exponent&gt;AQAB&lt;/Exponent&gt;&lt;/RSAKeyValue&gt;" />
          <PrivateKey Value="&lt;RSAKeyValue&gt;&lt;Modulus&gt;zu7CxhaxXdmv2pX+mTLY+D/jWZkLn73ykpYyNE7HnvtfoL42Y7y1kNl62cpZCTX0Lim/ZIAMWwzq9BPMtVGDKMH366rxyzAcv38t9wbek92sg9KTG/B5AiZwMjEGWaiLMM4RITOoco1MjyxlfCPITPjDhfjbGHLVNFw3esun0rU=&lt;/Modulus&gt;&lt;Exponent&gt;AQAB&lt;/Exponent&gt;&lt;P&gt;63WTPE4oHaRz0J/eEJKvnJfLssZwZah8MRbFKpHvTe6TOQ0IyG/BWJaz2p0wqPnxJX+09EvBPY4XEtCN/8YAzw==&lt;/P&gt;&lt;Q&gt;4PwcfZraqDwQlXHdHh/mi2UQQ0WfxfHK+URTZwhsnZj/6QgzNe3Wv1JB2CwtakgOcofy9u+X7fKqdG+bBtrtOw==&lt;/Q&gt;&lt;DP&gt;Kgy9Vq++ikysQj3Ksrr/kb+qKSs3N3B3fWzLmWamjgxlTnL9do4+wUtoo0ofPo4kesXr0xUUVaHijQGh2mPKEQ==&lt;/DP&gt;&lt;DQ&gt;Nbm+i/gIsxf01dsk9GalxS/THF1p8/jzgWbhi78lQNUid2Fv6Tbsiy93bcnO5oxidtMkH/fDDh1euwNTv+VTtQ==&lt;/DQ&gt;&lt;InverseQ&gt;nrLMGuS8ND3qNoJwZEJMTg6HrPizgTAQcZwFGKe1V8rptBLUStZXICnzLXN+spsLCbTvA1FCY8iV1r1gxhkjFw==&lt;/InverseQ&gt;&lt;D&gt;GkEqzy0z5b9n02jye4d7Bcw9UTHcyrCz5StPRVm1dBNap69agT8BHlapgpZsw4Fn8K91TA//AVJbQQp+D4c/B6NhG5vSTHNGHw1piqI7up3hon+VVsXsqHaxSqXycqgXnFqkxAkF7T+1mlRWnW3lTE34qAy8du1a5pLkqihAXqU=&lt;/D&gt;&lt;/RSAKeyValue&gt;" />
          <Analytics />
          <AnalyticsContent />
          <GoogleVerification />
          <ExtraHead />
          <ExtraBodyTop />
          <ExtraBodyBottom />
          <UseGeoLocation Value="False" />
          <SiteMetaTags />
          <PageMetaTags />
          <SiteMapPriority Value="50" />
          <DefaultChangeFrequency Value="4" />
        </Properties>
      </Object>
    </Value>
  </List>
</Object>