﻿<?xml version="1.0" encoding="utf-8"?>
<!--YetaWF.Core.Serializers.SerializableList`1[YetaWF.Core.Site.SiteDefinition]-->
<Object Type="YetaWF.Core.Serializers.SerializableList`1[[YetaWF.Core.Site.SiteDefinition, YetaWF.Core, Culture=neutral, PublicKeyToken=null]]" Assembly="YetaWF.Core">
  <Properties />
  <List>
    <Value>
      <Object Type="YetaWF.Core.Site.SiteDefinition" Assembly="YetaWF.Core">
        <Properties>
          <Identity Value="1000" />
          <SiteDomain Value="YetaWFDist4" />
          <SiteName Value="YetaWFDist4" />
          <EnforceSiteUrl Value="False" />
          <PageSecurity Value="0" />
          <EnforceSitePort Value="False" />
          <PortNumber Value="80" />
          <PortNumberSSL Value="443" />
          <Localization Value="True" />
          <DefaultLanguageId Value="en-US" />
          <AllowAnonymousUsers Value="True" />
          <Locked Value="False" />
          <LockedForIP />
          <LockedExternalForIP />
          <LockedUrl Value="/Maintenance/Offline For Maintenance.html" />
          <AllowPopups Value="True" />
          <CssNoTooltips Value="linkpreview-show peelback" />
          <FavIcon_Data Value="" />
          <FavIconLrg_Data Value="" />
          <Country Value="United States" />
          <Currency Value="USD" />
          <CurrencyFormat Value="$ #,0.00" />
          <CurrencyDecimals Value="2" />
          <StaticPages Value="False" />
          <AllowCacheUse Value="True" />
          <Compression Value="True" />
          <CompressCSSFiles Value="True" />
          <BundleCSSFiles Value="True" />
          <CssLocation Value="1" />
          <CompressJSFiles Value="True" />
          <BundleJSFiles Value="True" />
          <JSLocation Value="1" />
          <DisableMinimizeFUOC Value="False" />
          <Copyright Value="YetaWF.com - © Copyright &lt;&lt;Year&gt;&gt; Softel vdm, Inc." />
          <UseCDNComponents Value="False" />
          <UseCDN Value="False" />
          <CDNUrl />
          <CDNUrlSecure />
          <StaticDomain />
          <EmailDebug Value="False" />
          <AdminEmail Value="youremail@YetaWFDist4" />
          <SMTP>
            <Object Type="YetaWF.Core.SendEmail.SMTPServer" Assembly="YetaWF.Core">
              <Properties>
                <Server Value="mail.YetaWFDist4" />
                <Port Value="25" />
                <Authentication Value="1" />
                <UserName Value="youremail@YetaWFDist4" />
                <Password Value="somepassword" />
                <SSL Value="False" />
              </Properties>
            </Object>
          </SMTP>
          <HomePageUrl Value="/" />
          <NotFoundUrl Value="/Errors/404" />
          <MobileSiteUrl />
          <UnsupportedBrowserUrl Value="/Maintenance/Unsupported Browser.html" />
          <LoginUrl Value="/User/Login" />
          <ExternalAccountSetupUrl Value="/User/Setup External Account" />
          <ReferencedModules>
            <Object Type="YetaWF.Core.Serializers.SerializableList`1[[YetaWF.Core.Modules.ModuleDefinition+ReferencedModule, YetaWF.Core, Culture=neutral, PublicKeyToken=null]]" Assembly="YetaWF.Core">
              <Properties />
              <List />
            </Object>
          </ReferencedModules>
          <SelectedSkin>
            <Object Type="YetaWF.Core.Skins.SkinDefinition" Assembly="YetaWF.Core">
              <Properties>
                <Collection Value="YetaWF/BootstrapSample/BootstrapSkin" />
                <FileName Value="Default.cshtml" />
              </Properties>
            </Object>
          </SelectedSkin>
          <SelectedPopupSkin>
            <Object Type="YetaWF.Core.Skins.SkinDefinition" Assembly="YetaWF.Core">
              <Properties>
                <Collection Value="YetaWF/BootstrapSample/BootstrapSkin" />
                <FileName Value="Popup.cshtml" />
              </Properties>
            </Object>
          </SelectedPopupSkin>
          <FormErrorsImmed Value="False" />
          <BootstrapSkin />
          <jQueryUISkin Value="Start" />
          <KendoUISkin Value="Blue Opal" />
          <TabStyle Value="0" />
          <PublicKey Value="&lt;RSAKeyValue&gt;&lt;Modulus&gt;3oPd6Epp3T23u4sJNdEd/l07b/a7WjON8yYhkFtBfADBz2vabBwnMkOjfDDotLRkV/+6qLyfXp+lBx1pfEKRGlDLOCfQPtBltY2rC/CCTNehBByCszRJYAKgMdkzd98f1uuW/o8+Nq2jLtxvvQPVP3RfxDB91COKHa2P1FT1VP0=&lt;/Modulus&gt;&lt;Exponent&gt;AQAB&lt;/Exponent&gt;&lt;/RSAKeyValue&gt;" />
          <PrivateKey Value="&lt;RSAKeyValue&gt;&lt;Modulus&gt;3oPd6Epp3T23u4sJNdEd/l07b/a7WjON8yYhkFtBfADBz2vabBwnMkOjfDDotLRkV/+6qLyfXp+lBx1pfEKRGlDLOCfQPtBltY2rC/CCTNehBByCszRJYAKgMdkzd98f1uuW/o8+Nq2jLtxvvQPVP3RfxDB91COKHa2P1FT1VP0=&lt;/Modulus&gt;&lt;Exponent&gt;AQAB&lt;/Exponent&gt;&lt;P&gt;/6A9Hz/cuGQgKYg8orBC69UjdQbYAEVgmUPlx4D9nrjYDYKzw+vyCgpRNThmCuGLgvw4Ua0ItC1WBABwjtqsYw==&lt;/P&gt;&lt;Q&gt;3tc5aVWUz02GeQkzcEl05BqVhO5y00jwWZki78kIavqCxZoqs94EdGXRCsHkRpMmcq8H9ewAYR9taukNTxlHHw==&lt;/Q&gt;&lt;DP&gt;7yp4JXW1yBt97/3UZY6ufkIDk6mcjNxcXeml4fwwzsE4+6MPGD74TSaMBlRHPOT7h8j91IUlgJZuRP44UaAM6w==&lt;/DP&gt;&lt;DQ&gt;1hzCAx3B3/XDcWSP0iIieFG6vIFIPw7kMZLcaL0mo3OUVz0sLqryaMyzsLxgFBerZ6IZ6gcazjceMQ1ARnIpTQ==&lt;/DQ&gt;&lt;InverseQ&gt;vHOURpT/lWIJ9zSfgqXAkNnj4q8fJ27OCHnouFrmmVvbpTlrOycNXuOG80idqQLmpILSlx5Bk+fDPnZW3yjf3Q==&lt;/InverseQ&gt;&lt;D&gt;nYv8WHYnkpAaQN1mfgY8GFdmuBWX/Xu3K8t5xD34lZXro7MXiag9UGd3n3z5psh6q5vTS5mRtWuPawQ2Jdbz6L059EOLXMH3SwDGtwcZp3s02p/yQ08J4tYkNkFeiky0bQDfp00z8CX7HRjCR51oo4ZsxWDmbab9ZaIqH9pOzfk=&lt;/D&gt;&lt;/RSAKeyValue&gt;" />
          <Analytics />
          <AnalyticsContent />
          <GoogleVerification />
          <ExtraHead />
          <ExtraBodyTop />
          <ExtraBodyBottom />
          <UseGeoLocation Value="False" />
          <SiteMetaTags />
          <PageMetaTags />
          <SiteMapPriority Value="50" />
          <DefaultChangeFrequency Value="4" />
        </Properties>
      </Object>
    </Value>
  </List>
</Object>