﻿<?xml version="1.0" encoding="utf-8"?>
<!--YetaWF.Core.Serializers.SerializableList`1[YetaWF.Modules.Feedback.DataProvider.FeedbackConfigData]-->
<Object Type="YetaWF.Core.Serializers.SerializableList`1[[YetaWF.Modules.Feedback.DataProvider.FeedbackConfigData, YetaWF.Feedback, Culture=neutral, PublicKeyToken=null]]" Assembly="YetaWF.Core">
  <Properties />
  <List>
    <Value>
      <Object Type="YetaWF.Modules.Feedback.DataProvider.FeedbackConfigData" Assembly="YetaWF.Feedback" AssemblyFull="YetaWF.Feedback, Version=2.7.0.0, Culture=neutral, PublicKeyToken=null">
        <Properties>
          <Id Value="1" />
          <Captcha Value="False" />
          <RequireEmail Value="True" />
          <BccEmails Value="False" />
          <Email />
        </Properties>
      </Object>
    </Value>
  </List>
</Object>