{
  "PackageName": "YetaWF.Core",
  "PackageVersion": "4.0.0",
  "Roles": [
    {
      "RoleName": "Superuser",
      "RoleId": 997
    },
    {
      "RoleName": "Administrator",
      "RoleId": 1000
    },
    {
      "RoleName": "Editor",
      "RoleId": 1001
    },
    {
      "RoleName": "User",
      "RoleId": 998
    },
    {
      "RoleName": "User (two-step authentication setup required)",
      "RoleId": 996
    },
    {
      "RoleName": "Anonymous",
      "RoleId": 999
    }
  ],
  "Users": [],
  "Data": [
    {
      "Class": "ImageSupport",
      "Chunks": 0,
      "Files": []
    }
  ]
}