﻿<?xml version="1.0" encoding="utf-8"?>
<!--YetaWF.Core.Serializers.SerializableList`1[YetaWF.Modules.Visitors.Modules.TinyVisitorsModule]-->
<Object Type="YetaWF.Core.Serializers.SerializableList`1[[YetaWF.Modules.Visitors.Modules.TinyVisitorsModule, YetaWF.Visitors, Culture=neutral, PublicKeyToken=null]]" Assembly="YetaWF.Core">
  <Properties />
  <List>
    <Value>
      <Object Type="YetaWF.Modules.Visitors.Modules.TinyVisitorsModule" Assembly="YetaWF.Visitors" AssemblyFull="YetaWF.Visitors, Version=3.0.0.0, Culture=neutral, PublicKeyToken=null">
        <Properties>
          <VisitorsUrl Value="/Admin/Visitors" />
          <Name Value="Visitor Stats" />
          <Title>
            <Object Type="YetaWF.Core.Models.MultiString" Assembly="YetaWF.Core">
              <Properties />
              <Dictionary>
                <Key Value="en-US" />
                <Value Value="Visitor Stats" />
              </Dictionary>
            </Object>
          </Title>
          <Visible Value="True" />
          <ModuleSecurity Value="0" />
          <WantSearch Value="False" />
          <WantFocus Value="False" />
          <Description>
            <Object Type="YetaWF.Core.Models.MultiString" Assembly="YetaWF.Core">
              <Properties />
              <Dictionary>
                <Key Value="en-US" />
                <Value Value="Displays today's visitor stats" />
              </Dictionary>
            </Object>
          </Description>
          <ModuleGuid Value="0180db70-e251-494e-87e9-e97d3796c1ce" />
          <DateCreated Value="635940065153762508" />
          <DateUpdated Value="636594370892058844" />
          <SkinDefinitions>
            <Object Type="YetaWF.Core.Serializers.SerializableList`1[[YetaWF.Core.Skins.SkinDefinition, YetaWF.Core, Culture=neutral, PublicKeyToken=null]]" Assembly="YetaWF.Core">
              <Properties />
              <List>
                <Value>
                  <Object Type="YetaWF.Core.Skins.SkinDefinition" Assembly="YetaWF.Core">
                    <Properties>
                      <Collection />
                      <FileName />
                    </Properties>
                  </Object>
                </Value>
                <Value>
                  <Object Type="YetaWF.Core.Skins.SkinDefinition" Assembly="YetaWF.Core">
                    <Properties>
                      <Collection />
                      <FileName />
                    </Properties>
                  </Object>
                </Value>
                <Value>
                  <Object Type="YetaWF.Core.Skins.SkinDefinition" Assembly="YetaWF.Core">
                    <Properties>
                      <Collection />
                      <FileName />
                    </Properties>
                  </Object>
                </Value>
                <Value>
                  <Object Type="YetaWF.Core.Skins.SkinDefinition" Assembly="YetaWF.Core">
                    <Properties>
                      <Collection />
                      <FileName />
                    </Properties>
                  </Object>
                </Value>
                <Value>
                  <Object Type="YetaWF.Core.Skins.SkinDefinition" Assembly="YetaWF.Core">
                    <Properties>
                      <Collection />
                      <FileName />
                    </Properties>
                  </Object>
                </Value>
                <Value>
                  <Object Type="YetaWF.Core.Skins.SkinDefinition" Assembly="YetaWF.Core">
                    <Properties>
                      <Collection />
                      <FileName />
                    </Properties>
                  </Object>
                </Value>
                <Value>
                  <Object Type="YetaWF.Core.Skins.SkinDefinition" Assembly="YetaWF.Core">
                    <Properties>
                      <Collection />
                      <FileName />
                    </Properties>
                  </Object>
                </Value>
                <Value>
                  <Object Type="YetaWF.Core.Skins.SkinDefinition" Assembly="YetaWF.Core">
                    <Properties>
                      <Collection />
                      <FileName />
                    </Properties>
                  </Object>
                </Value>
              </List>
            </Object>
          </SkinDefinitions>
          <SelectedPopupSkin>
            <Object Type="YetaWF.Core.Skins.SkinDefinition" Assembly="YetaWF.Core">
              <Properties>
                <Collection />
                <FileName />
              </Properties>
            </Object>
          </SelectedPopupSkin>
          <CssClass />
          <TempPageCssClass />
          <BootstrapContainer Value="0" />
          <_SuppressPartialFormCss Value="False" />
          <ShowTitle Value="False" />
          <ShowTitleActions Value="False" />
          <ShowHelp Value="False" />
          <Print Value="True" />
          <ShowFormButtons Value="True" />
          <AnchorId />
          <AllowedRoles>
            <Object Type="YetaWF.Core.Serializers.SerializableList`1[[YetaWF.Core.Modules.ModuleDefinition+AllowedRole, YetaWF.Core, Culture=neutral, PublicKeyToken=null]]" Assembly="YetaWF.Core">
              <Properties />
              <List>
                <Value>
                  <Object Type="YetaWF.Core.Modules.ModuleDefinition+AllowedRole" Assembly="YetaWF.Core">
                    <Properties>
                      <RoleId Value="1000" />
                      <View Value="1" />
                      <Edit Value="1" />
                      <Remove Value="1" />
                      <Extra1 Value="1" />
                      <Extra2 Value="1" />
                      <Extra3 Value="1" />
                      <Extra4 Value="1" />
                      <Extra5 Value="1" />
                    </Properties>
                  </Object>
                </Value>
              </List>
            </Object>
          </AllowedRoles>
          <AllowedUsers>
            <Object Type="YetaWF.Core.Serializers.SerializableList`1[[YetaWF.Core.Modules.ModuleDefinition+AllowedUser, YetaWF.Core, Culture=neutral, PublicKeyToken=null]]" Assembly="YetaWF.Core">
              <Properties />
              <List />
            </Object>
          </AllowedUsers>
          <ReferencedModules>
            <Object Type="YetaWF.Core.Serializers.SerializableList`1[[YetaWF.Core.Modules.ModuleDefinition+ReferencedModule, YetaWF.Core, Culture=neutral, PublicKeyToken=null]]" Assembly="YetaWF.Core">
              <Properties />
              <List />
            </Object>
          </ReferencedModules>
        </Properties>
      </Object>
    </Value>
  </List>
</Object>