{
  "$type": "YetaWF.Core.Serializers.SerializableList`1[[YetaWF.Modules.Text.Modules.TextModule, YetaWF.Text]], YetaWF.Core",
  "$values": [
    {
      "$type": "YetaWF.Modules.Text.Modules.TextModule, YetaWF.Text",
      "CompleteContents": {
        "$type": "YetaWF.Core.Models.MultiString, YetaWF.Core",
        "en-US": "The page ear is located in the upper right corner of this page.<br />\r\nYou can customize the images and the Url where the visitor is redirected by switching to Site Edit Mode. Once switched, the page ear settings can be edited (Module Settings, located below this module in Site Edit Mode).<br />\r\n<br />\r\n&nbsp;"
      },
      "EditOnPage": true,
      "Feed": false,
      "FeedTitle": null,
      "FeedSummary": null,
      "FeedMainUrl": null,
      "FeedDetailUrl": null,
      "FeedPublishDate": null,
      "FeedUpdateDate": null,
      "FeedImage_Data": {
        "$type": "System.Byte[], System.Private.CoreLib",
        "$value": ""
      },
      "Name": "Page Ear Explanation",
      "Title": {
        "$type": "YetaWF.Core.Models.MultiString, YetaWF.Core",
        "en-US": "Page Ear"
      },
      "Visible": true,
      "ModuleSecurity": 0,
      "WantSearch": true,
      "WantFocus": true,
      "ModuleGuid": "110dbc7b-07e9-4492-95fc-b30aec7152d8",
      "DateCreated": "2016-08-21T00:07:20.0201408",
      "DateUpdated": "2018-04-16T00:58:10.1358567",
      "ModuleSkin": "modStandard",
      "PopupPage": "Popup",
      "CssClass": null,
      "TempPageCssClass": null,
      "_SuppressPartialFormCss": false,
      "ShowTitle": true,
      "ShowTitleActions": false,
      "CanMinimize": false,
      "Minimized": false,
      "ShowHelp": false,
      "HelpURL": null,
      "Print": true,
      "ShowFormButtons": true,
      "AnchorId": null,
      "FormAutoComplete": false,
      "AllowedRoles": {
        "$type": "YetaWF.Core.Serializers.SerializableList`1[[YetaWF.Core.Modules.ModuleDefinition+AllowedRole, YetaWF.Core]], YetaWF.Core",
        "$values": [
          {
            "$type": "YetaWF.Core.Modules.ModuleDefinition+AllowedRole, YetaWF.Core",
            "RoleId": 1001,
            "View": 1,
            "Edit": 1,
            "Remove": 0,
            "Extra1": 0,
            "Extra2": 0,
            "Extra3": 0,
            "Extra4": 0,
            "Extra5": 0
          },
          {
            "$type": "YetaWF.Core.Modules.ModuleDefinition+AllowedRole, YetaWF.Core",
            "RoleId": 1000,
            "View": 1,
            "Edit": 1,
            "Remove": 1,
            "Extra1": 1,
            "Extra2": 1,
            "Extra3": 1,
            "Extra4": 1,
            "Extra5": 1
          }
        ]
      },
      "AllowedUsers": {
        "$type": "YetaWF.Core.Serializers.SerializableList`1[[YetaWF.Core.Modules.ModuleDefinition+AllowedUser, YetaWF.Core]], YetaWF.Core",
        "$values": []
      },
      "ReferencedModules": {
        "$type": "YetaWF.Core.Serializers.SerializableList`1[[YetaWF.Core.Modules.ModuleDefinition+ReferencedModule, YetaWF.Core]], YetaWF.Core",
        "$values": []
      }
    },
    {
      "$type": "YetaWF.Modules.Text.Modules.TextModule, YetaWF.Text",
      "CompleteContents": {
        "$type": "YetaWF.Core.Models.MultiString, YetaWF.Core",
        "en-US": "<p>Unsupported Browser</p>\r\n"
      },
      "EditOnPage": true,
      "Feed": false,
      "FeedTitle": null,
      "FeedSummary": null,
      "FeedMainUrl": null,
      "FeedDetailUrl": null,
      "FeedPublishDate": "2015-04-02T00:00:00",
      "FeedUpdateDate": "2015-04-02T00:00:00",
      "FeedImage_Data": {
        "$type": "System.Byte[], System.Private.CoreLib",
        "$value": ""
      },
      "Name": "Unsupported Browser",
      "Title": {
        "$type": "YetaWF.Core.Models.MultiString, YetaWF.Core",
        "en-US": "Unsupported Browser"
      },
      "Visible": true,
      "ModuleSecurity": 0,
      "WantSearch": true,
      "WantFocus": true,
      "ModuleGuid": "1ffd1a66-b48c-4eab-a599-698b91bddc7a",
      "DateCreated": "2016-08-21T00:09:19.2051649",
      "DateUpdated": "2018-04-16T00:58:10.662071",
      "ModuleSkin": "modStandard",
      "PopupPage": "Popup",
      "CssClass": null,
      "TempPageCssClass": null,
      "_SuppressPartialFormCss": false,
      "ShowTitle": true,
      "ShowTitleActions": false,
      "CanMinimize": false,
      "Minimized": false,
      "ShowHelp": false,
      "HelpURL": null,
      "Print": true,
      "ShowFormButtons": true,
      "AnchorId": null,
      "FormAutoComplete": false,
      "AllowedRoles": {
        "$type": "YetaWF.Core.Serializers.SerializableList`1[[YetaWF.Core.Modules.ModuleDefinition+AllowedRole, YetaWF.Core]], YetaWF.Core",
        "$values": [
          {
            "$type": "YetaWF.Core.Modules.ModuleDefinition+AllowedRole, YetaWF.Core",
            "RoleId": 1001,
            "View": 1,
            "Edit": 1,
            "Remove": 0,
            "Extra1": 0,
            "Extra2": 0,
            "Extra3": 0,
            "Extra4": 0,
            "Extra5": 0
          },
          {
            "$type": "YetaWF.Core.Modules.ModuleDefinition+AllowedRole, YetaWF.Core",
            "RoleId": 1000,
            "View": 1,
            "Edit": 1,
            "Remove": 1,
            "Extra1": 1,
            "Extra2": 1,
            "Extra3": 1,
            "Extra4": 1,
            "Extra5": 1
          }
        ]
      },
      "AllowedUsers": {
        "$type": "YetaWF.Core.Serializers.SerializableList`1[[YetaWF.Core.Modules.ModuleDefinition+AllowedUser, YetaWF.Core]], YetaWF.Core",
        "$values": []
      },
      "ReferencedModules": {
        "$type": "YetaWF.Core.Serializers.SerializableList`1[[YetaWF.Core.Modules.ModuleDefinition+ReferencedModule, YetaWF.Core]], YetaWF.Core",
        "$values": []
      }
    },
    {
      "$type": "YetaWF.Modules.Text.Modules.TextModule, YetaWF.Text",
      "CompleteContents": {
        "$type": "YetaWF.Core.Models.MultiString, YetaWF.Core",
        "en-US": "<a class=\"YGenMailTo\" data-domain=\"softelvdm.com\" data-name=\"sales\">(email)</a><br />\r\n<a class=\"YGenMailTo\" data-domain=\"softelvdm.com\" data-name=\"support\">(email)</a>\r\n<p><strong>Softel vdm, Inc.</strong><br />\r\n5401 S Kirkman Rd, Suite 310<br />\r\nOrlando, FL 32819</p>\r\n\r\n<p>(941) 505-8600<br />\r\nFAX (941) 441-6100</p>\r\n"
      },
      "EditOnPage": true,
      "Feed": false,
      "FeedTitle": null,
      "FeedSummary": null,
      "FeedMainUrl": null,
      "FeedDetailUrl": null,
      "FeedPublishDate": "2015-04-03T00:00:00",
      "FeedUpdateDate": "2015-04-03T00:00:00",
      "FeedImage_Data": {
        "$type": "System.Byte[], System.Private.CoreLib",
        "$value": ""
      },
      "Name": "Contact",
      "Title": {
        "$type": "YetaWF.Core.Models.MultiString, YetaWF.Core",
        "en-US": "YetaWF Contact"
      },
      "Visible": true,
      "ModuleSecurity": 0,
      "WantSearch": true,
      "WantFocus": true,
      "ModuleGuid": "31a363ea-d060-48f6-9c34-4f2e0db381cc",
      "DateCreated": "2018-04-16T01:00:32.0317523",
      "DateUpdated": "2019-03-07T13:32:55.8247597",
      "ModuleSkin": "modStandard",
      "PopupPage": "Popup",
      "CssClass": null,
      "TempPageCssClass": null,
      "_SuppressPartialFormCss": false,
      "ShowTitle": true,
      "ShowTitleActions": false,
      "CanMinimize": false,
      "Minimized": false,
      "ShowHelp": false,
      "HelpURL": null,
      "Print": true,
      "ShowFormButtons": true,
      "AnchorId": null,
      "FormAutoComplete": false,
      "AllowedRoles": {
        "$type": "YetaWF.Core.Serializers.SerializableList`1[[YetaWF.Core.Modules.ModuleDefinition+AllowedRole, YetaWF.Core]], YetaWF.Core",
        "$values": [
          {
            "$type": "YetaWF.Core.Modules.ModuleDefinition+AllowedRole, YetaWF.Core",
            "RoleId": 1000,
            "View": 1,
            "Edit": 1,
            "Remove": 1,
            "Extra1": 0,
            "Extra2": 0,
            "Extra3": 0,
            "Extra4": 0,
            "Extra5": 0
          },
          {
            "$type": "YetaWF.Core.Modules.ModuleDefinition+AllowedRole, YetaWF.Core",
            "RoleId": 999,
            "View": 1,
            "Edit": 0,
            "Remove": 0,
            "Extra1": 0,
            "Extra2": 0,
            "Extra3": 0,
            "Extra4": 0,
            "Extra5": 0
          },
          {
            "$type": "YetaWF.Core.Modules.ModuleDefinition+AllowedRole, YetaWF.Core",
            "RoleId": 1001,
            "View": 1,
            "Edit": 1,
            "Remove": 0,
            "Extra1": 0,
            "Extra2": 0,
            "Extra3": 0,
            "Extra4": 0,
            "Extra5": 0
          },
          {
            "$type": "YetaWF.Core.Modules.ModuleDefinition+AllowedRole, YetaWF.Core",
            "RoleId": 997,
            "View": 0,
            "Edit": 0,
            "Remove": 0,
            "Extra1": 0,
            "Extra2": 0,
            "Extra3": 0,
            "Extra4": 0,
            "Extra5": 0
          },
          {
            "$type": "YetaWF.Core.Modules.ModuleDefinition+AllowedRole, YetaWF.Core",
            "RoleId": 998,
            "View": 1,
            "Edit": 0,
            "Remove": 0,
            "Extra1": 0,
            "Extra2": 0,
            "Extra3": 0,
            "Extra4": 0,
            "Extra5": 0
          },
          {
            "$type": "YetaWF.Core.Modules.ModuleDefinition+AllowedRole, YetaWF.Core",
            "RoleId": 996,
            "View": 0,
            "Edit": 0,
            "Remove": 0,
            "Extra1": 0,
            "Extra2": 0,
            "Extra3": 0,
            "Extra4": 0,
            "Extra5": 0
          }
        ]
      },
      "AllowedUsers": {
        "$type": "YetaWF.Core.Serializers.SerializableList`1[[YetaWF.Core.Modules.ModuleDefinition+AllowedUser, YetaWF.Core]], YetaWF.Core",
        "$values": []
      },
      "ReferencedModules": {
        "$type": "YetaWF.Core.Serializers.SerializableList`1[[YetaWF.Core.Modules.ModuleDefinition+ReferencedModule, YetaWF.Core]], YetaWF.Core",
        "$values": [
          {
            "$type": "YetaWF.Core.Modules.ModuleDefinition+ReferencedModule, YetaWF.Core",
            "ModuleGuid": "749d0ca9-75e5-40b8-82e3-466a11d3b1d2"
          }
        ]
      }
    },
    {
      "$type": "YetaWF.Modules.Text.Modules.TextModule, YetaWF.Text",
      "CompleteContents": {
        "$type": "YetaWF.Core.Models.MultiString, YetaWF.Core",
        "en-US": "<p>Once the Alert is no longer shown, visit <a href=\"/Admin/Dashboard\">Admin &gt; Dashboard</a>, select the Session tab and click &quot;Remove Session Settings&quot;. Returning to this test page or by refreshing it, the Alert will again be displayed.</p>\r\n\r\n<p>The Alert contents can be configured using <a href=\"/Admin/Config/Alert\">Admin &gt; Configuration &gt; Alert Settings</a>.</p>\r\n"
      },
      "EditOnPage": true,
      "Feed": false,
      "FeedTitle": null,
      "FeedSummary": null,
      "FeedMainUrl": null,
      "FeedDetailUrl": null,
      "FeedPublishDate": null,
      "FeedUpdateDate": null,
      "FeedImage_Data": {
        "$type": "System.Byte[], System.Private.CoreLib",
        "$value": ""
      },
      "Name": "Alert Test Explanation",
      "Title": {
        "$type": "YetaWF.Core.Models.MultiString, YetaWF.Core",
        "en-US": "Alert Test"
      },
      "Visible": true,
      "ModuleSecurity": 0,
      "WantSearch": true,
      "WantFocus": true,
      "ModuleGuid": "461b7c45-aa1f-4ede-b23e-a5afb3e6c649",
      "DateCreated": "2016-10-09T20:42:21.5024335",
      "DateUpdated": "2018-04-16T00:58:12.1557189",
      "ModuleSkin": "modStandard",
      "PopupPage": "Popup",
      "CssClass": null,
      "TempPageCssClass": null,
      "_SuppressPartialFormCss": false,
      "ShowTitle": true,
      "ShowTitleActions": false,
      "CanMinimize": false,
      "Minimized": false,
      "ShowHelp": false,
      "HelpURL": null,
      "Print": true,
      "ShowFormButtons": true,
      "AnchorId": null,
      "FormAutoComplete": false,
      "AllowedRoles": {
        "$type": "YetaWF.Core.Serializers.SerializableList`1[[YetaWF.Core.Modules.ModuleDefinition+AllowedRole, YetaWF.Core]], YetaWF.Core",
        "$values": [
          {
            "$type": "YetaWF.Core.Modules.ModuleDefinition+AllowedRole, YetaWF.Core",
            "RoleId": 1001,
            "View": 1,
            "Edit": 1,
            "Remove": 0,
            "Extra1": 0,
            "Extra2": 0,
            "Extra3": 0,
            "Extra4": 0,
            "Extra5": 0
          },
          {
            "$type": "YetaWF.Core.Modules.ModuleDefinition+AllowedRole, YetaWF.Core",
            "RoleId": 1000,
            "View": 1,
            "Edit": 1,
            "Remove": 1,
            "Extra1": 1,
            "Extra2": 1,
            "Extra3": 1,
            "Extra4": 1,
            "Extra5": 1
          }
        ]
      },
      "AllowedUsers": {
        "$type": "YetaWF.Core.Serializers.SerializableList`1[[YetaWF.Core.Modules.ModuleDefinition+AllowedUser, YetaWF.Core]], YetaWF.Core",
        "$values": []
      },
      "ReferencedModules": {
        "$type": "YetaWF.Core.Serializers.SerializableList`1[[YetaWF.Core.Modules.ModuleDefinition+ReferencedModule, YetaWF.Core]], YetaWF.Core",
        "$values": []
      }
    },
    {
      "$type": "YetaWF.Modules.Text.Modules.TextModule, YetaWF.Text",
      "CompleteContents": {
        "$type": "YetaWF.Core.Models.MultiString, YetaWF.Core",
        "en-US": "<p>This is a test text module. It also uses the <a href=\"http://yetawf.com/Documentation/YetaWF?Topic=g_pk_syntaxhighlighter\" target=\"_blank\">Syntax Highlighter Package</a> for source code.</p>\r\n\r\n<p>Lorem ipsum dolor sit amet, consectetur adipiscing elit. Nulla lacinia porttitor nisi, egestas facilisis mauris facilisis vel. Fusce pulvinar ac enim et venenatis. Curabitur dolor odio, gravida vitae euismod a, tincidunt sed eros. Sed vehicula sagittis tellus, id pharetra eros pretium lobortis. Curabitur egestas erat sed sapien laoreet, nec ultrices nisi tempus. Nulla facilisi. Nam imperdiet urna quis pretium convallis.</p>\r\n\r\n<h2>highlighter.js</h2>\r\n\r\n<pre class=\"lang-csharp\">\r\nvoid Session_Start(object sender, EventArgs e) {\r\n    // Code that runs when a new session is started\r\n\r\n    // Ensure SessionID in order to prevent the following exception\r\n    // when the Application Pool Recycles\r\n    // [HttpException]: Session state has created a session id, but cannot\r\n    // \t\t\t\t   save it because the response was already flushed ...\r\n    string sessionId = Session.SessionID;\r\n}</pre>\r\n\r\n<h2>Alex Gorbatchev Syntax Highlighter</h2>\r\n\r\n<pre class=\"lang-nohighlight brush: csharp;\">\r\nvoid Session_Start(object sender, EventArgs e) {\r\n    // Code that runs when a new session is started\r\n\r\n    // Ensure SessionID in order to prevent the following exception\r\n    // when the Application Pool Recycles\r\n    // [HttpException]: Session state has created a session id, but cannot\r\n    // \t\t\t\t   save it because the response was already flushed ...\r\n    string sessionId = Session.SessionID;\r\n}</pre>\r\n\r\n<p>Sed hendrerit metus nec felis sodales viverra. Nullam dictum laoreet ligula, quis hendrerit tortor pharetra auctor. Curabitur lacinia ultrices ligula, et malesuada mauris hendrerit quis. Integer convallis nisi sit amet nulla sagittis vestibulum. Aenean auctor faucibus neque quis mollis. Nulla efficitur purus a nibh bibendum consequat. Sed id libero sit amet massa egestas fringilla. Donec porttitor felis lacus, at bibendum leo laoreet in. Nam sem lacus, faucibus sed dui sed, accumsan aliquam nulla. Cras tempus, purus eget dapibus porttitor, neque lorem interdum est, nec interdum mauris diam vitae ex. Quisque maximus justo arcu, eget lobortis arcu auctor sit amet. In hac habitasse platea dictumst. Ut ut pulvinar leo. Curabitur neque ipsum, mollis quis sapien quis, tincidunt consequat lacus.</p>\r\n\r\n<p>In justo ex, dignissim pretium eros et, tempor hendrerit nisl. Donec laoreet pharetra erat tristique lacinia. Proin sed malesuada tellus. Aliquam id mattis lectus. Nulla facilisi. Quisque pharetra ligula eget enim rhoncus blandit. Proin vel lobortis ligula, sed fermentum sem. Nulla vestibulum odio quam, et interdum nulla egestas vitae.</p>\r\n"
      },
      "EditOnPage": true,
      "Feed": false,
      "FeedTitle": null,
      "FeedSummary": null,
      "FeedMainUrl": null,
      "FeedDetailUrl": null,
      "FeedPublishDate": null,
      "FeedUpdateDate": null,
      "FeedImage_Data": {
        "$type": "System.Byte[], System.Private.CoreLib",
        "$value": ""
      },
      "Name": "Test Text Module",
      "Title": {
        "$type": "YetaWF.Core.Models.MultiString, YetaWF.Core",
        "en-US": "Test Text Module"
      },
      "Visible": true,
      "ModuleSecurity": 0,
      "WantSearch": true,
      "WantFocus": true,
      "ModuleGuid": "4b8ea550-5cc8-40a0-a08b-5ae825d55f4f",
      "DateCreated": "2017-07-09T21:04:01.2423947",
      "DateUpdated": "2018-11-23T19:26:39.4781819",
      "ModuleSkin": "modStandard",
      "PopupPage": "Popup",
      "CssClass": null,
      "TempPageCssClass": null,
      "_SuppressPartialFormCss": false,
      "ShowTitle": true,
      "ShowTitleActions": false,
      "CanMinimize": false,
      "Minimized": false,
      "ShowHelp": false,
      "HelpURL": null,
      "Print": true,
      "ShowFormButtons": true,
      "AnchorId": null,
      "FormAutoComplete": false,
      "AllowedRoles": {
        "$type": "YetaWF.Core.Serializers.SerializableList`1[[YetaWF.Core.Modules.ModuleDefinition+AllowedRole, YetaWF.Core]], YetaWF.Core",
        "$values": [
          {
            "$type": "YetaWF.Core.Modules.ModuleDefinition+AllowedRole, YetaWF.Core",
            "RoleId": 1001,
            "View": 1,
            "Edit": 1,
            "Remove": 0,
            "Extra1": 0,
            "Extra2": 0,
            "Extra3": 0,
            "Extra4": 0,
            "Extra5": 0
          },
          {
            "$type": "YetaWF.Core.Modules.ModuleDefinition+AllowedRole, YetaWF.Core",
            "RoleId": 1000,
            "View": 1,
            "Edit": 1,
            "Remove": 1,
            "Extra1": 1,
            "Extra2": 1,
            "Extra3": 1,
            "Extra4": 1,
            "Extra5": 1
          }
        ]
      },
      "AllowedUsers": {
        "$type": "YetaWF.Core.Serializers.SerializableList`1[[YetaWF.Core.Modules.ModuleDefinition+AllowedUser, YetaWF.Core]], YetaWF.Core",
        "$values": []
      },
      "ReferencedModules": {
        "$type": "YetaWF.Core.Serializers.SerializableList`1[[YetaWF.Core.Modules.ModuleDefinition+ReferencedModule, YetaWF.Core]], YetaWF.Core",
        "$values": [
          {
            "$type": "YetaWF.Core.Modules.ModuleDefinition+ReferencedModule, YetaWF.Core",
            "ModuleGuid": "25068ac6-ba74-4644-8b46-9d7fec291e45"
          },
          {
            "$type": "YetaWF.Core.Modules.ModuleDefinition+ReferencedModule, YetaWF.Core",
            "ModuleGuid": "7e3c4322-5bdb-44bf-acff-f62d498705ee"
          }
        ]
      }
    },
    {
      "$type": "YetaWF.Modules.Text.Modules.TextModule, YetaWF.Text",
      "CompleteContents": {
        "$type": "YetaWF.Core.Models.MultiString, YetaWF.Core",
        "en-US": "<p>Your new YetaWF site is up and running! Take a quick tour of YetaWF in our <a href=\"https://yetawf.com/Documentation/YetaWF?Topic=g_doc_gettingstarted\" target=\"_blank\">Getting Started</a> documentation.</p>\r\n\r\n<p>Ready to add new modules and pages? Use the buttons in the upper left corner of this page.</p>\r\n\r\n<p>Create new modules <a href=\"https://yetawf.com/Documentation/YetaWF/Topic/g_dev_packages\" target=\"_blank\">with Visual Studio</a>&nbsp;and purchase skins and&nbsp;packages&nbsp;at the <a href=\"https://YetaWF.com/Store\" target=\"_blank\">YetaWF Store</a>.</p>\r\n"
      },
      "EditOnPage": true,
      "Feed": false,
      "FeedTitle": null,
      "FeedSummary": null,
      "FeedMainUrl": null,
      "FeedDetailUrl": null,
      "FeedPublishDate": null,
      "FeedUpdateDate": null,
      "FeedImage_Data": {
        "$type": "System.Byte[], System.Private.CoreLib",
        "$value": ""
      },
      "Name": "Main (Header)",
      "Title": {
        "$type": "YetaWF.Core.Models.MultiString, YetaWF.Core",
        "en-US": "A New YetaWF Site!"
      },
      "Visible": true,
      "ModuleSecurity": 0,
      "WantSearch": true,
      "WantFocus": true,
      "ModuleGuid": "4da069dc-6022-48a3-b9da-b6b09e3242b6",
      "DateCreated": "2018-08-22T11:41:13.89667",
      "DateUpdated": "2018-08-22T11:41:13.9696467",
      "ModuleSkin": "modStandard",
      "PopupPage": "Popup",
      "CssClass": null,
      "TempPageCssClass": null,
      "_SuppressPartialFormCss": false,
      "ShowTitle": true,
      "ShowTitleActions": false,
      "CanMinimize": false,
      "Minimized": false,
      "ShowHelp": false,
      "HelpURL": null,
      "Print": true,
      "ShowFormButtons": true,
      "AnchorId": null,
      "FormAutoComplete": false,
      "AllowedRoles": {
        "$type": "YetaWF.Core.Serializers.SerializableList`1[[YetaWF.Core.Modules.ModuleDefinition+AllowedRole, YetaWF.Core]], YetaWF.Core",
        "$values": [
          {
            "$type": "YetaWF.Core.Modules.ModuleDefinition+AllowedRole, YetaWF.Core",
            "RoleId": 1000,
            "View": 1,
            "Edit": 1,
            "Remove": 1,
            "Extra1": 0,
            "Extra2": 0,
            "Extra3": 0,
            "Extra4": 0,
            "Extra5": 0
          },
          {
            "$type": "YetaWF.Core.Modules.ModuleDefinition+AllowedRole, YetaWF.Core",
            "RoleId": 999,
            "View": 1,
            "Edit": 0,
            "Remove": 0,
            "Extra1": 0,
            "Extra2": 0,
            "Extra3": 0,
            "Extra4": 0,
            "Extra5": 0
          },
          {
            "$type": "YetaWF.Core.Modules.ModuleDefinition+AllowedRole, YetaWF.Core",
            "RoleId": 1001,
            "View": 1,
            "Edit": 0,
            "Remove": 0,
            "Extra1": 0,
            "Extra2": 0,
            "Extra3": 0,
            "Extra4": 0,
            "Extra5": 0
          },
          {
            "$type": "YetaWF.Core.Modules.ModuleDefinition+AllowedRole, YetaWF.Core",
            "RoleId": 997,
            "View": 0,
            "Edit": 0,
            "Remove": 0,
            "Extra1": 0,
            "Extra2": 0,
            "Extra3": 0,
            "Extra4": 0,
            "Extra5": 0
          },
          {
            "$type": "YetaWF.Core.Modules.ModuleDefinition+AllowedRole, YetaWF.Core",
            "RoleId": 998,
            "View": 1,
            "Edit": 0,
            "Remove": 0,
            "Extra1": 0,
            "Extra2": 0,
            "Extra3": 0,
            "Extra4": 0,
            "Extra5": 0
          },
          {
            "$type": "YetaWF.Core.Modules.ModuleDefinition+AllowedRole, YetaWF.Core",
            "RoleId": 996,
            "View": 0,
            "Edit": 0,
            "Remove": 0,
            "Extra1": 0,
            "Extra2": 0,
            "Extra3": 0,
            "Extra4": 0,
            "Extra5": 0
          }
        ]
      },
      "AllowedUsers": {
        "$type": "YetaWF.Core.Serializers.SerializableList`1[[YetaWF.Core.Modules.ModuleDefinition+AllowedUser, YetaWF.Core]], YetaWF.Core",
        "$values": []
      },
      "ReferencedModules": {
        "$type": "YetaWF.Core.Serializers.SerializableList`1[[YetaWF.Core.Modules.ModuleDefinition+ReferencedModule, YetaWF.Core]], YetaWF.Core",
        "$values": []
      }
    },
    {
      "$type": "YetaWF.Modules.Text.Modules.TextModule, YetaWF.Text",
      "CompleteContents": {
        "$type": "YetaWF.Core.Models.MultiString, YetaWF.Core",
        "en-US": "<p>This page displays a TawkTo Chat window (once configured using <a class=\"yaction-link ypopup-link\" href=\"/Admin/Config/TawkTo\">Admin &gt; Configuration Panel &gt; TawkTo</a> and your <a href=\"https://www.tawk.to\" target=\"_blank\">Tawk.to</a> account information).<br />\r\nYeah, don&#39;t expect a response from this test page.</p>\r\n"
      },
      "EditOnPage": true,
      "Feed": false,
      "FeedTitle": null,
      "FeedSummary": null,
      "FeedMainUrl": null,
      "FeedDetailUrl": null,
      "FeedPublishDate": null,
      "FeedUpdateDate": null,
      "FeedImage_Data": {
        "$type": "System.Byte[], System.Private.CoreLib",
        "$value": ""
      },
      "Name": "TawkTo Test Explanation",
      "Title": {
        "$type": "YetaWF.Core.Models.MultiString, YetaWF.Core",
        "en-US": "TawkTo Chat Test"
      },
      "Visible": true,
      "ModuleSecurity": 0,
      "WantSearch": true,
      "WantFocus": true,
      "ModuleGuid": "597b90c3-fdc7-420e-9fa3-065f87454bdb",
      "DateCreated": "2017-11-24T14:33:08.3285941",
      "DateUpdated": "2018-04-16T00:58:12.7301057",
      "ModuleSkin": "modStandard",
      "PopupPage": "Popup",
      "CssClass": null,
      "TempPageCssClass": null,
      "_SuppressPartialFormCss": false,
      "ShowTitle": true,
      "ShowTitleActions": true,
      "CanMinimize": false,
      "Minimized": false,
      "ShowHelp": false,
      "HelpURL": null,
      "Print": true,
      "ShowFormButtons": true,
      "AnchorId": null,
      "FormAutoComplete": false,
      "AllowedRoles": {
        "$type": "YetaWF.Core.Serializers.SerializableList`1[[YetaWF.Core.Modules.ModuleDefinition+AllowedRole, YetaWF.Core]], YetaWF.Core",
        "$values": [
          {
            "$type": "YetaWF.Core.Modules.ModuleDefinition+AllowedRole, YetaWF.Core",
            "RoleId": 1001,
            "View": 1,
            "Edit": 1,
            "Remove": 0,
            "Extra1": 0,
            "Extra2": 0,
            "Extra3": 0,
            "Extra4": 0,
            "Extra5": 0
          },
          {
            "$type": "YetaWF.Core.Modules.ModuleDefinition+AllowedRole, YetaWF.Core",
            "RoleId": 1000,
            "View": 1,
            "Edit": 1,
            "Remove": 1,
            "Extra1": 1,
            "Extra2": 1,
            "Extra3": 1,
            "Extra4": 1,
            "Extra5": 1
          }
        ]
      },
      "AllowedUsers": {
        "$type": "YetaWF.Core.Serializers.SerializableList`1[[YetaWF.Core.Modules.ModuleDefinition+AllowedUser, YetaWF.Core]], YetaWF.Core",
        "$values": []
      },
      "ReferencedModules": {
        "$type": "YetaWF.Core.Serializers.SerializableList`1[[YetaWF.Core.Modules.ModuleDefinition+ReferencedModule, YetaWF.Core]], YetaWF.Core",
        "$values": []
      }
    },
    {
      "$type": "YetaWF.Modules.Text.Modules.TextModule, YetaWF.Text",
      "CompleteContents": {
        "$type": "YetaWF.Core.Models.MultiString, YetaWF.Core",
        "en-US": "<h2>About YetaWF</h2>\n\n<p>YetaWF (pronounced &quot;Yet Another Web Framework&quot;) is an open source product, developed by <a class=\"linkpreview-show\" href=\"http://mikevdm.com\" target=\"_blank\">Mike van der Meulen</a> (<a class=\"linkpreview-show\" href=\"http://softelvdm.com\" target=\"_blank\">Softel vdm, Inc.</a>). It was used to develop and host the company&#39;s <a class=\"linkpreview-show\" href=\"https://softelvdm.com\" target=\"_blank\">own site</a>, its new legal service <a href=\"https://formulaws.com\" target=\"_blank\">Formulaws.com</a>, <a href=\"https://RegistryUI.com\" target=\"_blank\">RegistryUI.com</a> (self-hosted Docker Registry with UI),&nbsp;<a href=\"https://ubackup.io\" target=\"_blank\">ubackup.io</a> (automated scheduled database backups), the <a class=\"linkpreview-show\" href=\"https://www.LegacyFax.com\" target=\"_blank\">www.LegacyFax.com</a> fax service, the <a href=\"https://www.StatusPie.com\" target=\"_blank\">www.StatusPie.com</a> Website Uptime Monitoring service, the <a class=\"linkpreview-show\" href=\"https://LinksWithPics.com\" target=\"_blank\">LinksWithPics</a> service, this site and various other sites.</p>\n\n<p>It builds on ASP.NET Core MVC to create a web framework/CMS for developers and is available on all platforms supported by ASP.NET Core (Windows, Linux, Docker, etc.). While it has many attributes commonly found in many of today&#39;s content management systems (CMS), it instead focuses on rapid application development. Tightly integrating with Visual Studio Code and Visual Studio 2019, it lends itself to rapid module development, offering built-in BREAD (Browse, Read, Edit, Add, Delete) module generation, taking advantage of ASP.NET, Data Annotation, UI Components, UIHint and many other innovative features made possible by ASP.NET. Rather than being all things to all people, it narrowly focuses on offering 100% of the features that will satisfy most average websites and offers a platform for rapid custom development.</p>\n\n<p>It has been in development since 2010, upgraded from MVC 3 to 4, 5 and now .NET Core (MVC). It has been used since then to host numerous sites. It&#39;s definitely not a beta version, but may need some extra documentation, which is in the works as time permits. With the move to .NET Core all of YetaWF&#39;s features are available and other than <strong>a lot</strong> of framework code that had to be changed, all modules were ported with minimal source code changes, resulting in an immediately mature product.</p>\n\n<p><strong>YetaWF runs on all platforms supported by .NET Core (Windows, Linux, etc.), including as a Docker container.</strong></p>\n\n<p>YetaWF offers easy to design <a href=\"https://yetawf.com/Documentation/YetaWF/Topic/g_doc_unifiedpagesets\" target=\"_blank\">Single Page Sites</a>, <a href=\"https://yetawf.com/Documentation/YetaWF/Topic/g_doc_staticpages\" target=\"_blank\">Static Pages</a> and of course traditional multi-page sites, all easily created with modules that are added to pages.</p>\n\n<p>YetaWF&#39;s core doesn&#39;t use a specific front-end framework, yet it&#39;s a Single Page Application by default, built using TypeScript and native JavaScript browser interfaces. All rendering is completely modular and&nbsp;implemented using addon packages, which could include any front-end framework. The default uses mostly Typescript and native JavaScript, and some <a class=\"linkpreview-show\" href=\"http://jquery.com\" target=\"_blank\">jQuery</a>, <a class=\"linkpreview-show\" href=\"http://jqueryui.com\" target=\"_blank\">jQuery-UI</a>, Kendo UI (although jQuery dependencies are slowly being phased out) and many client-side plugins (like grids, menus, <a class=\"linkpreview-show\" href=\"http://alexgorbatchev.com/SyntaxHighlighter/\" target=\"_blank\">syntax highlighter</a>, lightbox, <a class=\"linkpreview-show\" href=\"http://ckeditor.com/\" target=\"_blank\">CKEditor</a>, tabs, overlays and many more). It combines these with automatic features like JavaScript and CSS minifier and bundling, HTTP&nbsp;response compression (take a look at the source for this page) without burdening the developer with administrative tasks. No build pipeline to set up or maintain.</p>\n\n<p>YetaWF also takes a new approach to localization by being designed from the ground up with localization in mind (again, without burdening the developer with administrative tasks). Pages, modules, down to SQL tables or file data are fully localizable. Adding/removing languages is possible at any time, not just at design-time.&nbsp;</p>\n\n<p>For the site administrator, it offers site management, automated backups, easy version upgrades, scheduled tasks and of course complete control over authentication and user/role authorizations. And you can even use it on your phone/tablet without downloading any apps, with full access to all administrator features.</p>\n\n<p><img alt=\"\" src=\"/FileHndlr.image?Type=YetaWF_Image&amp;Location=66d365d8-c1df-45bb-9dfb-9397722ca16f%2C%2CImages&amp;Name=logo_176x112.png%2363671404058&amp;__yVrs=636714042387275028\" style=\"width: 176px; height: 112px;\" /></p>\n"
      },
      "EditOnPage": true,
      "Feed": false,
      "FeedTitle": null,
      "FeedSummary": null,
      "FeedMainUrl": null,
      "FeedDetailUrl": null,
      "FeedPublishDate": null,
      "FeedUpdateDate": null,
      "FeedImage_Data": {
        "$type": "System.Byte[], System.Private.CoreLib",
        "$value": ""
      },
      "Name": "About YetaWF",
      "Title": {
        "$type": "YetaWF.Core.Models.MultiString, YetaWF.Core",
        "en-US": "About YetaWF"
      },
      "Visible": true,
      "ModuleSecurity": 0,
      "WantSearch": true,
      "WantFocus": true,
      "ModuleGuid": "66d365d8-c1df-45bb-9dfb-9397722ca16f",
      "DateCreated": "2019-02-17T03:34:15.7266115",
      "DateUpdated": "2020-08-05T14:57:35.4185186",
      "ModuleSkin": "modStandard",
      "PopupPage": "Popup",
      "CssClass": null,
      "TempPageCssClass": null,
      "_SuppressPartialFormCss": true,
      "ShowTitle": false,
      "ShowTitleActions": true,
      "CanMinimize": false,
      "Minimized": false,
      "ShowHelp": false,
      "HelpURL": null,
      "Print": true,
      "ShowFormButtons": true,
      "AnchorId": null,
      "FormAutoComplete": false,
      "AllowedRoles": {
        "$type": "YetaWF.Core.Serializers.SerializableList`1[[YetaWF.Core.Modules.ModuleDefinition+AllowedRole, YetaWF.Core]], YetaWF.Core",
        "$values": [
          {
            "$type": "YetaWF.Core.Modules.ModuleDefinition+AllowedRole, YetaWF.Core",
            "RoleId": 1000,
            "View": 1,
            "Edit": 1,
            "Remove": 1,
            "Extra1": 0,
            "Extra2": 0,
            "Extra3": 0,
            "Extra4": 0,
            "Extra5": 0
          },
          {
            "$type": "YetaWF.Core.Modules.ModuleDefinition+AllowedRole, YetaWF.Core",
            "RoleId": 999,
            "View": 1,
            "Edit": 0,
            "Remove": 0,
            "Extra1": 0,
            "Extra2": 0,
            "Extra3": 0,
            "Extra4": 0,
            "Extra5": 0
          },
          {
            "$type": "YetaWF.Core.Modules.ModuleDefinition+AllowedRole, YetaWF.Core",
            "RoleId": 1001,
            "View": 1,
            "Edit": 1,
            "Remove": 0,
            "Extra1": 0,
            "Extra2": 0,
            "Extra3": 0,
            "Extra4": 0,
            "Extra5": 0
          },
          {
            "$type": "YetaWF.Core.Modules.ModuleDefinition+AllowedRole, YetaWF.Core",
            "RoleId": 997,
            "View": 0,
            "Edit": 0,
            "Remove": 0,
            "Extra1": 0,
            "Extra2": 0,
            "Extra3": 0,
            "Extra4": 0,
            "Extra5": 0
          },
          {
            "$type": "YetaWF.Core.Modules.ModuleDefinition+AllowedRole, YetaWF.Core",
            "RoleId": 998,
            "View": 1,
            "Edit": 0,
            "Remove": 0,
            "Extra1": 0,
            "Extra2": 0,
            "Extra3": 0,
            "Extra4": 0,
            "Extra5": 0
          },
          {
            "$type": "YetaWF.Core.Modules.ModuleDefinition+AllowedRole, YetaWF.Core",
            "RoleId": 996,
            "View": 0,
            "Edit": 0,
            "Remove": 0,
            "Extra1": 0,
            "Extra2": 0,
            "Extra3": 0,
            "Extra4": 0,
            "Extra5": 0
          }
        ]
      },
      "AllowedUsers": {
        "$type": "YetaWF.Core.Serializers.SerializableList`1[[YetaWF.Core.Modules.ModuleDefinition+AllowedUser, YetaWF.Core]], YetaWF.Core",
        "$values": []
      },
      "ReferencedModules": {
        "$type": "YetaWF.Core.Serializers.SerializableList`1[[YetaWF.Core.Modules.ModuleDefinition+ReferencedModule, YetaWF.Core]], YetaWF.Core",
        "$values": []
      }
    },
    {
      "$type": "YetaWF.Modules.Text.Modules.TextModule, YetaWF.Text",
      "CompleteContents": {
        "$type": "YetaWF.Core.Models.MultiString, YetaWF.Core",
        "en-US": "<img alt=\"\" src=\"/FileHndlr.image?Type=YetaWF_Image&amp;Location=afa55b5e-1ca5-43c7-b9b3-245c172e0819%2C%2CImages&amp;Name=logo_176x112.png%2363671404058&amp;__yVrs=636714041997523990\" style=\"width: 176px; height: 112px;\" />"
      },
      "EditOnPage": false,
      "Feed": false,
      "FeedTitle": null,
      "FeedSummary": null,
      "FeedMainUrl": null,
      "FeedDetailUrl": null,
      "FeedPublishDate": "2015-04-02T00:00:00",
      "FeedUpdateDate": "2015-04-02T00:00:00",
      "FeedImage_Data": {
        "$type": "System.Byte[], System.Private.CoreLib",
        "$value": ""
      },
      "Name": "Page Logo (Skin)",
      "Title": {
        "$type": "YetaWF.Core.Models.MultiString, YetaWF.Core",
        "en-US": "Logo"
      },
      "Visible": true,
      "ModuleSecurity": 0,
      "WantSearch": false,
      "WantFocus": false,
      "ModuleGuid": "afa55b5e-1ca5-43c7-b9b3-245c172e0819",
      "DateCreated": "2018-09-01T13:10:02.639699",
      "DateUpdated": "2018-09-01T13:10:02.7076721",
      "ModuleSkin": "modStandard",
      "PopupPage": "Popup",
      "CssClass": "skinLogo",
      "TempPageCssClass": null,
      "_SuppressPartialFormCss": false,
      "ShowTitle": false,
      "ShowTitleActions": true,
      "CanMinimize": false,
      "Minimized": false,
      "ShowHelp": false,
      "HelpURL": null,
      "Print": true,
      "ShowFormButtons": true,
      "AnchorId": null,
      "FormAutoComplete": false,
      "AllowedRoles": {
        "$type": "YetaWF.Core.Serializers.SerializableList`1[[YetaWF.Core.Modules.ModuleDefinition+AllowedRole, YetaWF.Core]], YetaWF.Core",
        "$values": [
          {
            "$type": "YetaWF.Core.Modules.ModuleDefinition+AllowedRole, YetaWF.Core",
            "RoleId": 1000,
            "View": 1,
            "Edit": 1,
            "Remove": 1,
            "Extra1": 0,
            "Extra2": 0,
            "Extra3": 0,
            "Extra4": 0,
            "Extra5": 0
          },
          {
            "$type": "YetaWF.Core.Modules.ModuleDefinition+AllowedRole, YetaWF.Core",
            "RoleId": 999,
            "View": 1,
            "Edit": 0,
            "Remove": 0,
            "Extra1": 0,
            "Extra2": 0,
            "Extra3": 0,
            "Extra4": 0,
            "Extra5": 0
          },
          {
            "$type": "YetaWF.Core.Modules.ModuleDefinition+AllowedRole, YetaWF.Core",
            "RoleId": 1001,
            "View": 1,
            "Edit": 1,
            "Remove": 0,
            "Extra1": 0,
            "Extra2": 0,
            "Extra3": 0,
            "Extra4": 0,
            "Extra5": 0
          },
          {
            "$type": "YetaWF.Core.Modules.ModuleDefinition+AllowedRole, YetaWF.Core",
            "RoleId": 997,
            "View": 0,
            "Edit": 0,
            "Remove": 0,
            "Extra1": 0,
            "Extra2": 0,
            "Extra3": 0,
            "Extra4": 0,
            "Extra5": 0
          },
          {
            "$type": "YetaWF.Core.Modules.ModuleDefinition+AllowedRole, YetaWF.Core",
            "RoleId": 998,
            "View": 1,
            "Edit": 0,
            "Remove": 0,
            "Extra1": 0,
            "Extra2": 0,
            "Extra3": 0,
            "Extra4": 0,
            "Extra5": 0
          },
          {
            "$type": "YetaWF.Core.Modules.ModuleDefinition+AllowedRole, YetaWF.Core",
            "RoleId": 996,
            "View": 0,
            "Edit": 0,
            "Remove": 0,
            "Extra1": 0,
            "Extra2": 0,
            "Extra3": 0,
            "Extra4": 0,
            "Extra5": 0
          }
        ]
      },
      "AllowedUsers": {
        "$type": "YetaWF.Core.Serializers.SerializableList`1[[YetaWF.Core.Modules.ModuleDefinition+AllowedUser, YetaWF.Core]], YetaWF.Core",
        "$values": []
      },
      "ReferencedModules": {
        "$type": "YetaWF.Core.Serializers.SerializableList`1[[YetaWF.Core.Modules.ModuleDefinition+ReferencedModule, YetaWF.Core]], YetaWF.Core",
        "$values": []
      }
    },
    {
      "$type": "YetaWF.Modules.Text.Modules.TextModule, YetaWF.Text",
      "CompleteContents": {
        "$type": "YetaWF.Core.Models.MultiString, YetaWF.Core",
        "en-US": "<p>Your new site is up an running. In a debug build (set to not-deployed in your <a href=\"https://yetawf.com/Documentation/YetaWF/Topic/g_doc_webconfig\" target=\"_blank\">AppSettings.json</a>) you can easily switch between logged on users using the buttons in the upper left (Control Panel, Login tab). Read about the basics in YetaWF <a href=\"https://yetawf.com/Documentation/YetaWF/Topic/g_doc_gettingstarted\" target=\"_blank\">here</a>.</p>\r\n\r\n<p>Then you may want to change the Superuser account (ssshhhh, the password is SuperuserPassword). Check out the <a href=\"https://yetawf.com/Documentation/YetaWF/Topic/g_doc_superuser\" target=\"_blank\">Superuser topic</a> in our documentation for more information.</p>\r\n\r\n<p>If you want to change your site, that&#39;s super easy. The buttons in the upper left of the page are used for that (you probably already saw that). For more info read the <a href=\"https://yetawf.com/Documentation/YetaWF/Topic/g_doc_editmode\" target=\"_blank\">Site Edit Mode</a> and <a href=\"https://yetawf.com/Documentation/YetaWF/Topic/g_doc_controlpanel\" target=\"_blank\">Control Panel</a> topics.</p>\r\n\r\n<p>The rest of this page below is just &quot;Lorem Ipsum&quot; gibberish, to fill the page...</p>\r\n\r\n<p><br />\r\nLorem ipsum dolor sit amet, nec condimentum, ipsum a, justo ipsum. Amet augue fermentum, etiam dui. Lectus fringilla, elit pellentesque, aliquam integer. Elit sodales, vehicula iaculis lobortis. Consectetuer odio, ut volutpat, nunc urna varius. Ligula duis, mi felis mattis. Sapien purus donec, nibh aenean non. Justo at molestie. Luctus vitae, sit ac, ac felis pellentesque. Condimentum pede non. Purus nulla, convallis tristique, natoque fringilla. Sed bibendum tristique, integer justo nec.</p>\r\n\r\n<p>Facilisis a, molestie dui, vestibulum suspendisse. Purus vitae nostra. Dignissim sodales, cum curabitur. Morbi porta, ipsum amet id, lectus mauris. Eros cursus dolor. Sollicitudin nibh, iaculis penatibus netus. Mi viverra. Mattis vivamus urna. Blandit nec, ac consequat. Enim penatibus quis, wisi enim, auctor in justo.</p>\r\n\r\n<p>Lorem eu sit, luctus massa. Nulla magna in. Nulla dignissim, id nullam, sed aenean adipiscing. Nullam eget neque. Vitae quisque elit, ac justo, mollis in. Posuere nam vitae, molestie eget.</p>\r\n\r\n<p>Lacinia facilisis. Dictum volutpat, nisl mauris dui, nulla blandit. Imperdiet massa, sodales praesent ac. Wisi massa. Vel habitant, suscipit occaecati sit.</p>\r\n"
      },
      "EditOnPage": true,
      "Feed": false,
      "FeedTitle": null,
      "FeedSummary": null,
      "FeedMainUrl": null,
      "FeedDetailUrl": null,
      "FeedPublishDate": null,
      "FeedUpdateDate": null,
      "FeedImage_Data": {
        "$type": "System.Byte[], System.Private.CoreLib",
        "$value": ""
      },
      "Name": "Main",
      "Title": {
        "$type": "YetaWF.Core.Models.MultiString, YetaWF.Core",
        "en-US": "My New Site"
      },
      "Visible": true,
      "ModuleSecurity": 0,
      "WantSearch": true,
      "WantFocus": true,
      "ModuleGuid": "c3bef664-5f26-4995-80a5-74aff3b9c3f2",
      "DateCreated": "2018-04-16T00:59:26.4076687",
      "DateUpdated": "2019-03-07T13:32:10.5561404",
      "ModuleSkin": "modStandard",
      "PopupPage": "Popup",
      "CssClass": null,
      "TempPageCssClass": null,
      "_SuppressPartialFormCss": false,
      "ShowTitle": true,
      "ShowTitleActions": false,
      "CanMinimize": false,
      "Minimized": false,
      "ShowHelp": false,
      "HelpURL": null,
      "Print": true,
      "ShowFormButtons": true,
      "AnchorId": null,
      "FormAutoComplete": false,
      "AllowedRoles": {
        "$type": "YetaWF.Core.Serializers.SerializableList`1[[YetaWF.Core.Modules.ModuleDefinition+AllowedRole, YetaWF.Core]], YetaWF.Core",
        "$values": [
          {
            "$type": "YetaWF.Core.Modules.ModuleDefinition+AllowedRole, YetaWF.Core",
            "RoleId": 1000,
            "View": 1,
            "Edit": 1,
            "Remove": 1,
            "Extra1": 0,
            "Extra2": 0,
            "Extra3": 0,
            "Extra4": 0,
            "Extra5": 0
          },
          {
            "$type": "YetaWF.Core.Modules.ModuleDefinition+AllowedRole, YetaWF.Core",
            "RoleId": 999,
            "View": 1,
            "Edit": 0,
            "Remove": 0,
            "Extra1": 0,
            "Extra2": 0,
            "Extra3": 0,
            "Extra4": 0,
            "Extra5": 0
          },
          {
            "$type": "YetaWF.Core.Modules.ModuleDefinition+AllowedRole, YetaWF.Core",
            "RoleId": 1001,
            "View": 1,
            "Edit": 1,
            "Remove": 0,
            "Extra1": 0,
            "Extra2": 0,
            "Extra3": 0,
            "Extra4": 0,
            "Extra5": 0
          },
          {
            "$type": "YetaWF.Core.Modules.ModuleDefinition+AllowedRole, YetaWF.Core",
            "RoleId": 997,
            "View": 0,
            "Edit": 0,
            "Remove": 0,
            "Extra1": 0,
            "Extra2": 0,
            "Extra3": 0,
            "Extra4": 0,
            "Extra5": 0
          },
          {
            "$type": "YetaWF.Core.Modules.ModuleDefinition+AllowedRole, YetaWF.Core",
            "RoleId": 998,
            "View": 1,
            "Edit": 0,
            "Remove": 0,
            "Extra1": 0,
            "Extra2": 0,
            "Extra3": 0,
            "Extra4": 0,
            "Extra5": 0
          },
          {
            "$type": "YetaWF.Core.Modules.ModuleDefinition+AllowedRole, YetaWF.Core",
            "RoleId": 996,
            "View": 0,
            "Edit": 0,
            "Remove": 0,
            "Extra1": 0,
            "Extra2": 0,
            "Extra3": 0,
            "Extra4": 0,
            "Extra5": 0
          }
        ]
      },
      "AllowedUsers": {
        "$type": "YetaWF.Core.Serializers.SerializableList`1[[YetaWF.Core.Modules.ModuleDefinition+AllowedUser, YetaWF.Core]], YetaWF.Core",
        "$values": []
      },
      "ReferencedModules": {
        "$type": "YetaWF.Core.Serializers.SerializableList`1[[YetaWF.Core.Modules.ModuleDefinition+ReferencedModule, YetaWF.Core]], YetaWF.Core",
        "$values": []
      }
    },
    {
      "$type": "YetaWF.Modules.Text.Modules.TextModule, YetaWF.Text",
      "CompleteContents": {
        "$type": "YetaWF.Core.Models.MultiString, YetaWF.Core",
        "en-US": "<p>Lorem ipsum dolor sit amet, consectetur adipiscing elit. Vestibulum iaculis feugiat ex, eget fringilla orci euismod id. Vestibulum sodales odio a consectetur interdum. Sed vestibulum, leo quis finibus mollis, est justo auctor nunc, accumsan luctus arcu ex in sapien. Duis malesuada, ante a finibus cursus, nisi purus lacinia mauris, sit amet dignissim diam arcu non ligula. Curabitur nec lectus metus. Quisque pharetra, mi sit amet fringilla tincidunt, libero ante luctus sapien, vitae pretium lectus sapien quis neque. Nullam convallis viverra luctus. Donec consequat lacus in eros venenatis, non gravida felis imperdiet. Cras vitae pulvinar ex. Nunc facilisis dolor id maximus eleifend.</p>\r\n\r\n<p>Etiam imperdiet, magna non venenatis sodales, erat felis condimentum est, sed mollis est justo non augue. Integer feugiat, eros non suscipit aliquet, lacus elit semper augue, quis porta tortor lectus ut urna. Vestibulum congue molestie dolor ut tempus. Proin dignissim elit sed pellentesque tempus. In vel blandit arcu. Duis porta congue faucibus. Donec ullamcorper, libero at iaculis volutpat, velit nulla mollis massa, eu maximus eros orci nec sem. Cras eu nulla sit amet felis rutrum ultrices. Integer in tellus ut dui porta sollicitudin. Aliquam varius nisl eget ante aliquet, nec cursus sapien faucibus. Duis in cursus risus.</p>\r\n\r\n<p>Quisque viverra fermentum faucibus. Curabitur non laoreet urna, quis euismod lectus. Cras orci mi, posuere id imperdiet nec, accumsan pretium quam. Pellentesque tincidunt, justo sit amet facilisis malesuada, augue nulla dignissim sapien, in consequat nunc urna eget nulla. Cras ornare, ex sit amet tempor pulvinar, est nisi placerat ex, eu mattis arcu lorem eget nisi. Pellentesque vel odio faucibus, sagittis felis pellentesque, pellentesque lorem. Suspendisse interdum ipsum vitae mauris gravida, non fringilla ligula maximus. Donec in felis et dolor maximus fringilla. Praesent vel est at purus condimentum mattis.</p>\r\n\r\n<p>In vitae mauris iaculis, laoreet sem ut, egestas metus. Morbi eget mi a nisl mollis efficitur. Pellentesque vehicula accumsan mauris. Integer scelerisque tempor enim auctor ornare. Etiam nec tellus est. Donec nec auctor mauris. Ut scelerisque, nunc quis semper sollicitudin, ligula elit volutpat lorem, ac volutpat tortor lacus non magna. Sed consectetur pulvinar porta. Nullam elit sem, lobortis eu odio ac, fermentum auctor neque. Suspendisse at justo quis orci euismod accumsan vitae at orci.</p>\r\n\r\n<p>Duis arcu libero, tincidunt sit amet fermentum at, semper eu turpis. Aenean ultricies orci sit amet diam mollis, at facilisis justo pharetra. Morbi condimentum pretium augue eget eleifend. Mauris quis quam urna. Curabitur et tincidunt nunc, ut sodales diam. Curabitur sollicitudin accumsan dolor porta feugiat. Phasellus convallis sagittis magna, id varius orci efficitur molestie. Ut eleifend convallis mi, vel eleifend ipsum imperdiet elementum. Praesent auctor sapien metus, eget lobortis tellus aliquam at. Aliquam rutrum facilisis elementum.</p>\r\n"
      },
      "EditOnPage": true,
      "Feed": false,
      "FeedTitle": null,
      "FeedSummary": null,
      "FeedMainUrl": null,
      "FeedDetailUrl": null,
      "FeedPublishDate": null,
      "FeedUpdateDate": null,
      "FeedImage_Data": {
        "$type": "System.Byte[], System.Private.CoreLib",
        "$value": ""
      },
      "Name": "Main 2",
      "Title": {
        "$type": "YetaWF.Core.Models.MultiString, YetaWF.Core",
        "en-US": "Make It Your Own"
      },
      "Visible": true,
      "ModuleSecurity": 0,
      "WantSearch": true,
      "WantFocus": true,
      "ModuleGuid": "d40bfb7c-efe4-4b42-8c54-2a7e5f7ef97f",
      "DateCreated": "2018-04-16T00:59:38.9404223",
      "DateUpdated": "2018-08-21T00:27:03.703027",
      "ModuleSkin": "modStandard",
      "PopupPage": "Popup",
      "CssClass": null,
      "TempPageCssClass": null,
      "_SuppressPartialFormCss": false,
      "ShowTitle": true,
      "ShowTitleActions": false,
      "CanMinimize": false,
      "Minimized": false,
      "ShowHelp": false,
      "HelpURL": null,
      "Print": true,
      "ShowFormButtons": true,
      "AnchorId": null,
      "FormAutoComplete": false,
      "AllowedRoles": {
        "$type": "YetaWF.Core.Serializers.SerializableList`1[[YetaWF.Core.Modules.ModuleDefinition+AllowedRole, YetaWF.Core]], YetaWF.Core",
        "$values": [
          {
            "$type": "YetaWF.Core.Modules.ModuleDefinition+AllowedRole, YetaWF.Core",
            "RoleId": 1000,
            "View": 1,
            "Edit": 1,
            "Remove": 1,
            "Extra1": 0,
            "Extra2": 0,
            "Extra3": 0,
            "Extra4": 0,
            "Extra5": 0
          },
          {
            "$type": "YetaWF.Core.Modules.ModuleDefinition+AllowedRole, YetaWF.Core",
            "RoleId": 999,
            "View": 1,
            "Edit": 0,
            "Remove": 0,
            "Extra1": 0,
            "Extra2": 0,
            "Extra3": 0,
            "Extra4": 0,
            "Extra5": 0
          },
          {
            "$type": "YetaWF.Core.Modules.ModuleDefinition+AllowedRole, YetaWF.Core",
            "RoleId": 1001,
            "View": 1,
            "Edit": 1,
            "Remove": 0,
            "Extra1": 0,
            "Extra2": 0,
            "Extra3": 0,
            "Extra4": 0,
            "Extra5": 0
          },
          {
            "$type": "YetaWF.Core.Modules.ModuleDefinition+AllowedRole, YetaWF.Core",
            "RoleId": 997,
            "View": 0,
            "Edit": 0,
            "Remove": 0,
            "Extra1": 0,
            "Extra2": 0,
            "Extra3": 0,
            "Extra4": 0,
            "Extra5": 0
          },
          {
            "$type": "YetaWF.Core.Modules.ModuleDefinition+AllowedRole, YetaWF.Core",
            "RoleId": 998,
            "View": 1,
            "Edit": 0,
            "Remove": 0,
            "Extra1": 0,
            "Extra2": 0,
            "Extra3": 0,
            "Extra4": 0,
            "Extra5": 0
          },
          {
            "$type": "YetaWF.Core.Modules.ModuleDefinition+AllowedRole, YetaWF.Core",
            "RoleId": 996,
            "View": 0,
            "Edit": 0,
            "Remove": 0,
            "Extra1": 0,
            "Extra2": 0,
            "Extra3": 0,
            "Extra4": 0,
            "Extra5": 0
          }
        ]
      },
      "AllowedUsers": {
        "$type": "YetaWF.Core.Serializers.SerializableList`1[[YetaWF.Core.Modules.ModuleDefinition+AllowedUser, YetaWF.Core]], YetaWF.Core",
        "$values": []
      },
      "ReferencedModules": {
        "$type": "YetaWF.Core.Serializers.SerializableList`1[[YetaWF.Core.Modules.ModuleDefinition+ReferencedModule, YetaWF.Core]], YetaWF.Core",
        "$values": []
      }
    },
    {
      "$type": "YetaWF.Modules.Text.Modules.TextModule, YetaWF.Text",
      "CompleteContents": {
        "$type": "YetaWF.Core.Models.MultiString, YetaWF.Core",
        "en-US": "<p>It looks like something went wrong. There is no such page on this site.</p>\r\n\r\n<p>Maybe we haven&#39;t created this page yet. Or maybe there is a typo in the page Url.</p>\r\n"
      },
      "EditOnPage": true,
      "Feed": false,
      "FeedTitle": null,
      "FeedSummary": null,
      "FeedMainUrl": null,
      "FeedDetailUrl": null,
      "FeedPublishDate": null,
      "FeedUpdateDate": null,
      "FeedImage_Data": {
        "$type": "System.Byte[], System.Private.CoreLib",
        "$value": ""
      },
      "Name": "Error 404 - Page Not Found",
      "Title": {
        "$type": "YetaWF.Core.Models.MultiString, YetaWF.Core",
        "en-US": "Page Not Found"
      },
      "Visible": true,
      "ModuleSecurity": 0,
      "WantSearch": true,
      "WantFocus": true,
      "ModuleGuid": "dfdccea4-ef12-48f3-af07-c52f0ef2c0bd",
      "DateCreated": "2016-08-21T00:02:49.6195442",
      "DateUpdated": "2018-04-16T00:58:17.9851022",
      "ModuleSkin": "modStandard",
      "PopupPage": "Popup",
      "CssClass": null,
      "TempPageCssClass": null,
      "_SuppressPartialFormCss": false,
      "ShowTitle": true,
      "ShowTitleActions": false,
      "CanMinimize": false,
      "Minimized": false,
      "ShowHelp": false,
      "HelpURL": null,
      "Print": true,
      "ShowFormButtons": true,
      "AnchorId": null,
      "FormAutoComplete": false,
      "AllowedRoles": {
        "$type": "YetaWF.Core.Serializers.SerializableList`1[[YetaWF.Core.Modules.ModuleDefinition+AllowedRole, YetaWF.Core]], YetaWF.Core",
        "$values": [
          {
            "$type": "YetaWF.Core.Modules.ModuleDefinition+AllowedRole, YetaWF.Core",
            "RoleId": 1001,
            "View": 1,
            "Edit": 1,
            "Remove": 0,
            "Extra1": 0,
            "Extra2": 0,
            "Extra3": 0,
            "Extra4": 0,
            "Extra5": 0
          },
          {
            "$type": "YetaWF.Core.Modules.ModuleDefinition+AllowedRole, YetaWF.Core",
            "RoleId": 1000,
            "View": 1,
            "Edit": 1,
            "Remove": 1,
            "Extra1": 1,
            "Extra2": 1,
            "Extra3": 1,
            "Extra4": 1,
            "Extra5": 1
          }
        ]
      },
      "AllowedUsers": {
        "$type": "YetaWF.Core.Serializers.SerializableList`1[[YetaWF.Core.Modules.ModuleDefinition+AllowedUser, YetaWF.Core]], YetaWF.Core",
        "$values": []
      },
      "ReferencedModules": {
        "$type": "YetaWF.Core.Serializers.SerializableList`1[[YetaWF.Core.Modules.ModuleDefinition+ReferencedModule, YetaWF.Core]], YetaWF.Core",
        "$values": []
      }
    },
    {
      "$type": "YetaWF.Modules.Text.Modules.TextModule, YetaWF.Text",
      "CompleteContents": {
        "$type": "YetaWF.Core.Models.MultiString, YetaWF.Core",
        "en-US": "<a href=\"https://yetawf.com/Documentation/YetaWF?Topic=g_doc_gettingstarted\" target=\"_blank\">Getting Started With YetaWF</a><br />\n<a href=\"https://yetawf.com/Documentation/YetaWF\" target=\"_blank\">YetaWF Documentation</a>"
      },
      "EditOnPage": true,
      "Feed": false,
      "FeedTitle": null,
      "FeedSummary": null,
      "FeedMainUrl": null,
      "FeedDetailUrl": null,
      "FeedPublishDate": null,
      "FeedUpdateDate": null,
      "FeedImage_Data": {
        "$type": "System.Byte[], System.Private.CoreLib",
        "$value": ""
      },
      "Name": "Main (Navigation)",
      "Title": {
        "$type": "YetaWF.Core.Models.MultiString, YetaWF.Core",
        "en-US": "Links"
      },
      "Visible": true,
      "ModuleSecurity": 0,
      "WantSearch": false,
      "WantFocus": false,
      "ModuleGuid": "ed03c15f-a69f-41a4-b8c6-3e72ad3fdccc",
      "DateCreated": "2018-04-16T00:59:58.2472237",
      "DateUpdated": "2020-04-13T13:48:09.6539397",
      "ModuleSkin": "modStandard",
      "PopupPage": "Popup",
      "CssClass": null,
      "TempPageCssClass": null,
      "_SuppressPartialFormCss": false,
      "ShowTitle": true,
      "ShowTitleActions": false,
      "CanMinimize": false,
      "Minimized": false,
      "ShowHelp": false,
      "HelpURL": null,
      "Print": false,
      "ShowFormButtons": true,
      "AnchorId": null,
      "FormAutoComplete": false,
      "AllowedRoles": {
        "$type": "YetaWF.Core.Serializers.SerializableList`1[[YetaWF.Core.Modules.ModuleDefinition+AllowedRole, YetaWF.Core]], YetaWF.Core",
        "$values": [
          {
            "$type": "YetaWF.Core.Modules.ModuleDefinition+AllowedRole, YetaWF.Core",
            "RoleId": 1000,
            "View": 1,
            "Edit": 1,
            "Remove": 1,
            "Extra1": 0,
            "Extra2": 0,
            "Extra3": 0,
            "Extra4": 0,
            "Extra5": 0
          },
          {
            "$type": "YetaWF.Core.Modules.ModuleDefinition+AllowedRole, YetaWF.Core",
            "RoleId": 999,
            "View": 1,
            "Edit": 0,
            "Remove": 0,
            "Extra1": 0,
            "Extra2": 0,
            "Extra3": 0,
            "Extra4": 0,
            "Extra5": 0
          },
          {
            "$type": "YetaWF.Core.Modules.ModuleDefinition+AllowedRole, YetaWF.Core",
            "RoleId": 1001,
            "View": 1,
            "Edit": 1,
            "Remove": 0,
            "Extra1": 0,
            "Extra2": 0,
            "Extra3": 0,
            "Extra4": 0,
            "Extra5": 0
          },
          {
            "$type": "YetaWF.Core.Modules.ModuleDefinition+AllowedRole, YetaWF.Core",
            "RoleId": 997,
            "View": 0,
            "Edit": 0,
            "Remove": 0,
            "Extra1": 0,
            "Extra2": 0,
            "Extra3": 0,
            "Extra4": 0,
            "Extra5": 0
          },
          {
            "$type": "YetaWF.Core.Modules.ModuleDefinition+AllowedRole, YetaWF.Core",
            "RoleId": 998,
            "View": 1,
            "Edit": 0,
            "Remove": 0,
            "Extra1": 0,
            "Extra2": 0,
            "Extra3": 0,
            "Extra4": 0,
            "Extra5": 0
          },
          {
            "$type": "YetaWF.Core.Modules.ModuleDefinition+AllowedRole, YetaWF.Core",
            "RoleId": 996,
            "View": 0,
            "Edit": 0,
            "Remove": 0,
            "Extra1": 0,
            "Extra2": 0,
            "Extra3": 0,
            "Extra4": 0,
            "Extra5": 0
          }
        ]
      },
      "AllowedUsers": {
        "$type": "YetaWF.Core.Serializers.SerializableList`1[[YetaWF.Core.Modules.ModuleDefinition+AllowedUser, YetaWF.Core]], YetaWF.Core",
        "$values": []
      },
      "ReferencedModules": {
        "$type": "YetaWF.Core.Serializers.SerializableList`1[[YetaWF.Core.Modules.ModuleDefinition+ReferencedModule, YetaWF.Core]], YetaWF.Core",
        "$values": []
      }
    },
    {
      "$type": "YetaWF.Modules.Text.Modules.TextModule, YetaWF.Text",
      "CompleteContents": {
        "$type": "YetaWF.Core.Models.MultiString, YetaWF.Core",
        "en-US": "<p>Sorry, the site is currently unavailable due to maintenance</p>\r\n"
      },
      "EditOnPage": true,
      "Feed": false,
      "FeedTitle": null,
      "FeedSummary": null,
      "FeedMainUrl": null,
      "FeedDetailUrl": null,
      "FeedPublishDate": "2015-04-02T00:00:00",
      "FeedUpdateDate": "2015-04-02T00:00:00",
      "FeedImage_Data": {
        "$type": "System.Byte[], System.Private.CoreLib",
        "$value": ""
      },
      "Name": "Maintenance in Progress",
      "Title": {
        "$type": "YetaWF.Core.Models.MultiString, YetaWF.Core",
        "en-US": "Maintenance in Progress"
      },
      "Visible": true,
      "ModuleSecurity": 0,
      "WantSearch": true,
      "WantFocus": true,
      "ModuleGuid": "edb00dd8-7296-4e14-b05a-ee422a7e66ef",
      "DateCreated": "2016-08-21T00:06:11.3115889",
      "DateUpdated": "2018-04-16T00:58:18.539268",
      "ModuleSkin": "modStandard",
      "PopupPage": "Popup",
      "CssClass": null,
      "TempPageCssClass": null,
      "_SuppressPartialFormCss": false,
      "ShowTitle": true,
      "ShowTitleActions": false,
      "CanMinimize": false,
      "Minimized": false,
      "ShowHelp": false,
      "HelpURL": null,
      "Print": true,
      "ShowFormButtons": true,
      "AnchorId": null,
      "FormAutoComplete": false,
      "AllowedRoles": {
        "$type": "YetaWF.Core.Serializers.SerializableList`1[[YetaWF.Core.Modules.ModuleDefinition+AllowedRole, YetaWF.Core]], YetaWF.Core",
        "$values": [
          {
            "$type": "YetaWF.Core.Modules.ModuleDefinition+AllowedRole, YetaWF.Core",
            "RoleId": 1001,
            "View": 1,
            "Edit": 1,
            "Remove": 0,
            "Extra1": 0,
            "Extra2": 0,
            "Extra3": 0,
            "Extra4": 0,
            "Extra5": 0
          },
          {
            "$type": "YetaWF.Core.Modules.ModuleDefinition+AllowedRole, YetaWF.Core",
            "RoleId": 1000,
            "View": 1,
            "Edit": 1,
            "Remove": 1,
            "Extra1": 1,
            "Extra2": 1,
            "Extra3": 1,
            "Extra4": 1,
            "Extra5": 1
          }
        ]
      },
      "AllowedUsers": {
        "$type": "YetaWF.Core.Serializers.SerializableList`1[[YetaWF.Core.Modules.ModuleDefinition+AllowedUser, YetaWF.Core]], YetaWF.Core",
        "$values": []
      },
      "ReferencedModules": {
        "$type": "YetaWF.Core.Serializers.SerializableList`1[[YetaWF.Core.Modules.ModuleDefinition+ReferencedModule, YetaWF.Core]], YetaWF.Core",
        "$values": []
      }
    },
    {
      "$type": "YetaWF.Modules.Text.Modules.TextModule, YetaWF.Text",
      "CompleteContents": {
        "$type": "YetaWF.Core.Models.MultiString, YetaWF.Core",
        "en-US": "<p><a class=\"linkpreview-show\" href=\"https://YetaWF.com/\">https://YetaWF.com/</a></p>\r\n\r\n<p align=\"justify\">Lorem ipsum dolor sit amet, ut tortor nulla senectus lectus morbi. Sem praesent velit, et torquent eget nullam, at etiam, nulla ipsum augue per. Hac interdum quis non a ac arcu, etiam eu nullam quis commodo, id id eros commodo vel, metus nec ut, curabitur semper auctor. Mauris cras vitae iaculis, iaculis morbi cras a pretium aliquet, pellentesque duis, turpis adipiscing quam sed tristique in, leo duis. Lacus ut odio platea vivamus amet, dapibus pede rutrum magna et.</p>\r\n\r\n<p align=\"justify\">Purus tortor. Malesuada at sodales pellentesque ultrices eu, vitae turpis semper, pellentesque harum, mauris non pulvinar, aliquam egestas pede pharetra nec at fames. Ultricies donec sed condimentum ante dolor egestas, adipiscing consequatur amet felis natoque, hymenaeos in fermentum vestibulum. Lectus eleifend eget odio faucibus, justo pede, elit nam tempus enim nesciunt cubilia lorem, sed eu cursus nulla scelerisque fermentum. At consequat elementum dictum non sagittis, excepteur ultrices sed sit varius, neque purus neque maecenas hendrerit sed, neque quam, commodo nibh consectetuer est at elementum. Sociosqu impedit condimentum mollis mauris, sapien tempus dui, fermentum integer porta enim, varius enim dui eu at sodales. Nec posuere pretium vivamus, et sit nulla et tristique egestas, venenatis nec vitae.</p>\r\n\r\n<p align=\"justify\">Sed nunc commodo faucibus egestas lacus, iaculis diam mauris, vel mattis, cum pretium magna facilisis sit, euismod elementum est arcu velit. Mollis cursus hendrerit a morbi, malesuada erat senectus, quam in semper mauris etiam lacinia, convallis libero aenean pede non volutpat auctor. Metus nulla massa sit litora, diam sodales enim, varius vitae vel leo neque, vestibulum dapibus et porta placerat, vitae vel vitae pede volutpat eget. Diam aliquam elit neque eu et imperdiet. Quis suspendisse, aliquam arcu elit nulla urna maecenas ipsum, in platea, vel sapien massa. Risus in eu qui in, eu faucibus felis praesent amet litora ridiculus. Conubia integer cursus id dolor eleifend integer, orci id, ut curabitur ullamcorper auctor nisl lorem.</p>\r\n\r\n<p align=\"justify\">Mollis ut suspendisse ac ligula, bibendum tempus interdum purus elit erat ullamcorper, bibendum dolor velit sit nunc, laoreet nulla, enim proin sed et at. Volutpat rhoncus commodo natoque orci, lobortis eget enim et elementum. Pede vestibulum, sed magnis cras. Velit interdum quisque sed tellus sed, cursus lorem mus dictum ac. Ac sed, metus nullam. Leo laoreet, nec sed non sed vitae a, integer pulvinar fringilla gravida ridiculus. Pede velit pellentesque non nunc est nec, ligula posuere ultricies porttitor libero ligula nec. Sodales amet arcu ullamcorper in nec posuere.</p>\r\n"
      },
      "EditOnPage": true,
      "Feed": true,
      "FeedTitle": "Test Feed",
      "FeedSummary": "Test Feed Summary",
      "FeedMainUrl": "/Tests/RSS",
      "FeedDetailUrl": "/Tests/RSS",
      "FeedPublishDate": "2017-01-01T00:00:00",
      "FeedUpdateDate": "2017-01-01T00:00:00",
      "FeedImage_Data": {
        "$type": "System.Byte[], System.Private.CoreLib",
        "$value": ""
      },
      "Name": "Test RSS",
      "Title": {
        "$type": "YetaWF.Core.Models.MultiString, YetaWF.Core",
        "en-US": "Test RSS"
      },
      "Visible": true,
      "ModuleSecurity": 0,
      "WantSearch": true,
      "WantFocus": true,
      "ModuleGuid": "f8a21022-6e98-4b98-ac59-80f669ce7e42",
      "DateCreated": "2017-07-08T15:59:01.8430353",
      "DateUpdated": "2018-04-16T00:58:18.9336154",
      "ModuleSkin": "modStandard",
      "PopupPage": "Popup",
      "CssClass": null,
      "TempPageCssClass": null,
      "_SuppressPartialFormCss": false,
      "ShowTitle": true,
      "ShowTitleActions": true,
      "CanMinimize": false,
      "Minimized": false,
      "ShowHelp": false,
      "HelpURL": null,
      "Print": true,
      "ShowFormButtons": true,
      "AnchorId": null,
      "FormAutoComplete": false,
      "AllowedRoles": {
        "$type": "YetaWF.Core.Serializers.SerializableList`1[[YetaWF.Core.Modules.ModuleDefinition+AllowedRole, YetaWF.Core]], YetaWF.Core",
        "$values": [
          {
            "$type": "YetaWF.Core.Modules.ModuleDefinition+AllowedRole, YetaWF.Core",
            "RoleId": 1001,
            "View": 1,
            "Edit": 1,
            "Remove": 0,
            "Extra1": 0,
            "Extra2": 0,
            "Extra3": 0,
            "Extra4": 0,
            "Extra5": 0
          },
          {
            "$type": "YetaWF.Core.Modules.ModuleDefinition+AllowedRole, YetaWF.Core",
            "RoleId": 1000,
            "View": 1,
            "Edit": 1,
            "Remove": 1,
            "Extra1": 1,
            "Extra2": 1,
            "Extra3": 1,
            "Extra4": 1,
            "Extra5": 1
          }
        ]
      },
      "AllowedUsers": {
        "$type": "YetaWF.Core.Serializers.SerializableList`1[[YetaWF.Core.Modules.ModuleDefinition+AllowedUser, YetaWF.Core]], YetaWF.Core",
        "$values": []
      },
      "ReferencedModules": {
        "$type": "YetaWF.Core.Serializers.SerializableList`1[[YetaWF.Core.Modules.ModuleDefinition+ReferencedModule, YetaWF.Core]], YetaWF.Core",
        "$values": []
      }
    }
  ]
}