{
  "$type": "YetaWF.Core.Serializers.SerializableList`1[[YetaWF.Modules.Menus.DataProvider.MenuInfo, YetaWF.Menus]], YetaWF.Core",
  "$values": [
    {
      "$type": "YetaWF.Modules.Menus.DataProvider.MenuInfo, YetaWF.Menus",
      "ModuleGuid": "59909bb1-75f4-419f-b961-8569bb282131",
      "Menu": {
        "$type": "YetaWF.Core.Components.MenuList, YetaWF.Core",
        "$values": [
          {
            "$type": "YetaWF.Core.Modules.ModuleAction, YetaWF.Core",
            "Separator": false,
            "Url": "/",
            "SubModule": null,
            "MenuText": {
              "$type": "YetaWF.Core.Models.MultiString, YetaWF.Core",
              "en-US": "Home"
            },
            "LinkText": {
              "$type": "YetaWF.Core.Models.MultiString, YetaWF.Core",
              "en-US": "Home"
            },
            "ImageUrlFinal": null,
            "Tooltip": {
              "$type": "YetaWF.Core.Models.MultiString, YetaWF.Core",
              "en-US": "Home"
            },
            "Legend": {
              "$type": "YetaWF.Core.Models.MultiString, YetaWF.Core",
              "en-US": "Home"
            },
            "Enabled": true,
            "CssClass": null,
            "Style": 0,
            "Mode": 0,
            "Category": 0,
            "LimitToRole": 0,
            "AuthorizationIgnore": false,
            "ConfirmationText": {
              "$type": "YetaWF.Core.Models.MultiString, YetaWF.Core",
              "en-US": ""
            },
            "PleaseWaitText": {
              "$type": "YetaWF.Core.Models.MultiString, YetaWF.Core",
              "en-US": ""
            },
            "SaveReturnUrl": false,
            "AddToOriginList": true,
            "NeedsModuleContext": false,
            "DontFollow": false,
            "Name": null,
            "Displayed": true,
            "CookieAsDoneSignal": false,
            "Location": 15,
            "SubMenu": {
              "$type": "YetaWF.Core.Serializers.SerializableList`1[[YetaWF.Core.Modules.ModuleAction, YetaWF.Core]], YetaWF.Core",
              "$values": []
            },
            "QueryArgs": null,
            "QueryArgsRvd": null,
            "QueryArgsDict": null,
            "QueryArgsHR": null,
            "AnchorId": null,
            "PageSecurity": 0,
            "DontCheckAuthorization": false,
            "items": null,
            "Id": 0
          },
          {
            "$type": "YetaWF.Core.Modules.ModuleAction, YetaWF.Core",
            "Separator": false,
            "Url": "/User",
            "SubModule": null,
            "MenuText": {
              "$type": "YetaWF.Core.Models.MultiString, YetaWF.Core",
              "en-US": "User"
            },
            "LinkText": {
              "$type": "YetaWF.Core.Models.MultiString, YetaWF.Core",
              "en-US": "User"
            },
            "ImageUrlFinal": "",
            "Tooltip": {
              "$type": "YetaWF.Core.Models.MultiString, YetaWF.Core",
              "en-US": ""
            },
            "Legend": {
              "$type": "YetaWF.Core.Models.MultiString, YetaWF.Core",
              "en-US": ""
            },
            "Enabled": true,
            "CssClass": "",
            "Style": 0,
            "Mode": 0,
            "Category": 0,
            "LimitToRole": 0,
            "AuthorizationIgnore": false,
            "ConfirmationText": {
              "$type": "YetaWF.Core.Models.MultiString, YetaWF.Core",
              "en-US": ""
            },
            "PleaseWaitText": {
              "$type": "YetaWF.Core.Models.MultiString, YetaWF.Core",
              "en-US": ""
            },
            "SaveReturnUrl": false,
            "AddToOriginList": true,
            "NeedsModuleContext": false,
            "DontFollow": false,
            "Name": null,
            "Displayed": true,
            "CookieAsDoneSignal": false,
            "Location": 15,
            "SubMenu": {
              "$type": "YetaWF.Core.Serializers.SerializableList`1[[YetaWF.Core.Modules.ModuleAction, YetaWF.Core]], YetaWF.Core",
              "$values": []
            },
            "QueryArgs": null,
            "QueryArgsRvd": null,
            "QueryArgsDict": null,
            "QueryArgsHR": null,
            "AnchorId": null,
            "PageSecurity": 0,
            "DontCheckAuthorization": false,
            "items": null,
            "Id": 0
          },
          {
            "$type": "YetaWF.Core.Modules.ModuleAction, YetaWF.Core",
            "Separator": false,
            "Url": "http://YetaWF.com/News",
            "SubModule": null,
            "MenuText": {
              "$type": "YetaWF.Core.Models.MultiString, YetaWF.Core",
              "en-US": "News"
            },
            "LinkText": {
              "$type": "YetaWF.Core.Models.MultiString, YetaWF.Core",
              "en-US": "News"
            },
            "ImageUrlFinal": null,
            "Tooltip": {
              "$type": "YetaWF.Core.Models.MultiString, YetaWF.Core",
              "en-US": "News about Yet Another Web Framework"
            },
            "Legend": {
              "$type": "YetaWF.Core.Models.MultiString, YetaWF.Core",
              "en-US": "Displays news about Yet Another Web Framework"
            },
            "Enabled": true,
            "CssClass": null,
            "Style": 1,
            "Mode": 0,
            "Category": 0,
            "LimitToRole": 0,
            "AuthorizationIgnore": false,
            "ConfirmationText": {
              "$type": "YetaWF.Core.Models.MultiString, YetaWF.Core",
              "en-US": ""
            },
            "PleaseWaitText": {
              "$type": "YetaWF.Core.Models.MultiString, YetaWF.Core",
              "en-US": ""
            },
            "SaveReturnUrl": false,
            "AddToOriginList": true,
            "NeedsModuleContext": false,
            "DontFollow": false,
            "Name": null,
            "Displayed": true,
            "CookieAsDoneSignal": false,
            "Location": 15,
            "SubMenu": {
              "$type": "YetaWF.Core.Serializers.SerializableList`1[[YetaWF.Core.Modules.ModuleAction, YetaWF.Core]], YetaWF.Core",
              "$values": []
            },
            "QueryArgs": null,
            "QueryArgsRvd": null,
            "QueryArgsDict": null,
            "QueryArgsHR": null,
            "AnchorId": null,
            "PageSecurity": 0,
            "DontCheckAuthorization": false,
            "items": null,
            "Id": 0
          },
          {
            "$type": "YetaWF.Core.Modules.ModuleAction, YetaWF.Core",
            "Separator": false,
            "Url": "",
            "SubModule": null,
            "MenuText": {
              "$type": "YetaWF.Core.Models.MultiString, YetaWF.Core",
              "en-US": "Admin"
            },
            "LinkText": {
              "$type": "YetaWF.Core.Models.MultiString, YetaWF.Core",
              "en-US": "Admin"
            },
            "ImageUrlFinal": "",
            "Tooltip": {
              "$type": "YetaWF.Core.Models.MultiString, YetaWF.Core",
              "en-US": ""
            },
            "Legend": {
              "$type": "YetaWF.Core.Models.MultiString, YetaWF.Core",
              "en-US": ""
            },
            "Enabled": true,
            "CssClass": "",
            "Style": 0,
            "Mode": 0,
            "Category": 0,
            "LimitToRole": 0,
            "AuthorizationIgnore": false,
            "ConfirmationText": {
              "$type": "YetaWF.Core.Models.MultiString, YetaWF.Core",
              "en-US": ""
            },
            "PleaseWaitText": {
              "$type": "YetaWF.Core.Models.MultiString, YetaWF.Core",
              "en-US": ""
            },
            "SaveReturnUrl": false,
            "AddToOriginList": false,
            "NeedsModuleContext": false,
            "DontFollow": false,
            "Name": null,
            "Displayed": true,
            "CookieAsDoneSignal": false,
            "Location": 15,
            "SubMenu": {
              "$type": "YetaWF.Core.Serializers.SerializableList`1[[YetaWF.Core.Modules.ModuleAction, YetaWF.Core]], YetaWF.Core",
              "$values": [
                {
                  "$type": "YetaWF.Core.Modules.ModuleAction, YetaWF.Core",
                  "Separator": false,
                  "Url": "/Admin/Bar/Dashboard",
                  "SubModule": null,
                  "MenuText": {
                    "$type": "YetaWF.Core.Models.MultiString, YetaWF.Core",
                    "en-US": "Dashboard"
                  },
                  "LinkText": {
                    "$type": "YetaWF.Core.Models.MultiString, YetaWF.Core",
                    "en-US": "Dashboard"
                  },
                  "ImageUrlFinal": "#Browse",
                  "Tooltip": {
                    "$type": "YetaWF.Core.Models.MultiString, YetaWF.Core",
                    "en-US": ""
                  },
                  "Legend": {
                    "$type": "YetaWF.Core.Models.MultiString, YetaWF.Core",
                    "en-US": ""
                  },
                  "Enabled": true,
                  "CssClass": "",
                  "Style": 0,
                  "Mode": 0,
                  "Category": 0,
                  "LimitToRole": 0,
                  "AuthorizationIgnore": false,
                  "ConfirmationText": {
                    "$type": "YetaWF.Core.Models.MultiString, YetaWF.Core",
                    "en-US": ""
                  },
                  "PleaseWaitText": {
                    "$type": "YetaWF.Core.Models.MultiString, YetaWF.Core",
                    "en-US": ""
                  },
                  "SaveReturnUrl": false,
                  "AddToOriginList": true,
                  "NeedsModuleContext": false,
                  "DontFollow": false,
                  "Name": null,
                  "Displayed": true,
                  "CookieAsDoneSignal": false,
                  "Location": 15,
                  "SubMenu": {
                    "$type": "YetaWF.Core.Serializers.SerializableList`1[[YetaWF.Core.Modules.ModuleAction, YetaWF.Core]], YetaWF.Core",
                    "$values": []
                  },
                  "QueryArgs": null,
                  "QueryArgsRvd": null,
                  "QueryArgsDict": null,
                  "QueryArgsHR": null,
                  "AnchorId": null,
                  "PageSecurity": 0,
                  "DontCheckAuthorization": false,
                  "items": null,
                  "Id": 0
                },
                {
                  "$type": "YetaWF.Core.Modules.ModuleAction, YetaWF.Core",
                  "Separator": false,
                  "Url": "/Admin/Bar/Panel",
                  "SubModule": null,
                  "MenuText": {
                    "$type": "YetaWF.Core.Models.MultiString, YetaWF.Core",
                    "en-US": "Panel"
                  },
                  "LinkText": {
                    "$type": "YetaWF.Core.Models.MultiString, YetaWF.Core",
                    "en-US": "Panel"
                  },
                  "ImageUrlFinal": "#Browse",
                  "Tooltip": {
                    "$type": "YetaWF.Core.Models.MultiString, YetaWF.Core",
                    "en-US": ""
                  },
                  "Legend": {
                    "$type": "YetaWF.Core.Models.MultiString, YetaWF.Core",
                    "en-US": ""
                  },
                  "Enabled": true,
                  "CssClass": "",
                  "Style": 0,
                  "Mode": 0,
                  "Category": 0,
                  "LimitToRole": 0,
                  "AuthorizationIgnore": false,
                  "ConfirmationText": {
                    "$type": "YetaWF.Core.Models.MultiString, YetaWF.Core",
                    "en-US": ""
                  },
                  "PleaseWaitText": {
                    "$type": "YetaWF.Core.Models.MultiString, YetaWF.Core",
                    "en-US": ""
                  },
                  "SaveReturnUrl": false,
                  "AddToOriginList": true,
                  "NeedsModuleContext": false,
                  "DontFollow": false,
                  "Name": null,
                  "Displayed": true,
                  "CookieAsDoneSignal": false,
                  "Location": 15,
                  "SubMenu": {
                    "$type": "YetaWF.Core.Serializers.SerializableList`1[[YetaWF.Core.Modules.ModuleAction, YetaWF.Core]], YetaWF.Core",
                    "$values": []
                  },
                  "QueryArgs": null,
                  "QueryArgsRvd": null,
                  "QueryArgsDict": null,
                  "QueryArgsHR": null,
                  "AnchorId": null,
                  "PageSecurity": 0,
                  "DontCheckAuthorization": false,
                  "items": null,
                  "Id": 0
                },
                {
                  "$type": "YetaWF.Core.Modules.ModuleAction, YetaWF.Core",
                  "Separator": false,
                  "Url": "/Admin/Bar/Config",
                  "SubModule": null,
                  "MenuText": {
                    "$type": "YetaWF.Core.Models.MultiString, YetaWF.Core",
                    "en-US": "Settings"
                  },
                  "LinkText": {
                    "$type": "YetaWF.Core.Models.MultiString, YetaWF.Core",
                    "en-US": "Settings"
                  },
                  "ImageUrlFinal": "#Browse",
                  "Tooltip": {
                    "$type": "YetaWF.Core.Models.MultiString, YetaWF.Core",
                    "en-US": ""
                  },
                  "Legend": {
                    "$type": "YetaWF.Core.Models.MultiString, YetaWF.Core",
                    "en-US": ""
                  },
                  "Enabled": true,
                  "CssClass": "",
                  "Style": 0,
                  "Mode": 0,
                  "Category": 0,
                  "LimitToRole": 0,
                  "AuthorizationIgnore": false,
                  "ConfirmationText": {
                    "$type": "YetaWF.Core.Models.MultiString, YetaWF.Core",
                    "en-US": ""
                  },
                  "PleaseWaitText": {
                    "$type": "YetaWF.Core.Models.MultiString, YetaWF.Core",
                    "en-US": ""
                  },
                  "SaveReturnUrl": false,
                  "AddToOriginList": true,
                  "NeedsModuleContext": false,
                  "DontFollow": false,
                  "Name": null,
                  "Displayed": true,
                  "CookieAsDoneSignal": false,
                  "Location": 15,
                  "SubMenu": {
                    "$type": "YetaWF.Core.Serializers.SerializableList`1[[YetaWF.Core.Modules.ModuleAction, YetaWF.Core]], YetaWF.Core",
                    "$values": []
                  },
                  "QueryArgs": null,
                  "QueryArgsRvd": null,
                  "QueryArgsDict": null,
                  "QueryArgsHR": null,
                  "AnchorId": null,
                  "PageSecurity": 0,
                  "DontCheckAuthorization": false,
                  "items": null,
                  "Id": 0
                }
              ]
            },
            "QueryArgs": null,
            "QueryArgsRvd": null,
            "QueryArgsDict": null,
            "QueryArgsHR": null,
            "AnchorId": null,
            "PageSecurity": 0,
            "DontCheckAuthorization": false,
            "items": null,
            "Id": 0
          },
          {
            "$type": "YetaWF.Core.Modules.ModuleAction, YetaWF.Core",
            "Separator": false,
            "Url": "/Tests",
            "SubModule": null,
            "MenuText": {
              "$type": "YetaWF.Core.Models.MultiString, YetaWF.Core",
              "en-US": "Tests"
            },
            "LinkText": {
              "$type": "YetaWF.Core.Models.MultiString, YetaWF.Core",
              "en-US": "Tests"
            },
            "ImageUrlFinal": null,
            "Tooltip": {
              "$type": "YetaWF.Core.Models.MultiString, YetaWF.Core",
              "en-US": ""
            },
            "Legend": {
              "$type": "YetaWF.Core.Models.MultiString, YetaWF.Core",
              "en-US": ""
            },
            "Enabled": true,
            "CssClass": null,
            "Style": 0,
            "Mode": 0,
            "Category": 0,
            "LimitToRole": 0,
            "AuthorizationIgnore": false,
            "ConfirmationText": {
              "$type": "YetaWF.Core.Models.MultiString, YetaWF.Core",
              "en-US": ""
            },
            "PleaseWaitText": {
              "$type": "YetaWF.Core.Models.MultiString, YetaWF.Core",
              "en-US": ""
            },
            "SaveReturnUrl": false,
            "AddToOriginList": true,
            "NeedsModuleContext": false,
            "DontFollow": false,
            "Name": null,
            "Displayed": true,
            "CookieAsDoneSignal": false,
            "Location": 15,
            "SubMenu": {
              "$type": "YetaWF.Core.Serializers.SerializableList`1[[YetaWF.Core.Modules.ModuleAction, YetaWF.Core]], YetaWF.Core",
              "$values": []
            },
            "QueryArgs": null,
            "QueryArgsRvd": null,
            "QueryArgsDict": null,
            "QueryArgsHR": null,
            "AnchorId": null,
            "PageSecurity": 0,
            "DontCheckAuthorization": false,
            "items": null,
            "Id": 0
          },
          {
            "$type": "YetaWF.Core.Modules.ModuleAction, YetaWF.Core",
            "Separator": false,
            "Url": "/About YetaWF",
            "SubModule": "66d365d8-c1df-45bb-9dfb-9397722ca16f",
            "MenuText": {
              "$type": "YetaWF.Core.Models.MultiString, YetaWF.Core",
              "en-US": "About"
            },
            "LinkText": {
              "$type": "YetaWF.Core.Models.MultiString, YetaWF.Core",
              "en-US": "About"
            },
            "ImageUrlFinal": null,
            "Tooltip": {
              "$type": "YetaWF.Core.Models.MultiString, YetaWF.Core",
              "en-US": ""
            },
            "Legend": {
              "$type": "YetaWF.Core.Models.MultiString, YetaWF.Core",
              "en-US": ""
            },
            "Enabled": true,
            "CssClass": null,
            "Style": 0,
            "Mode": 0,
            "Category": 0,
            "LimitToRole": 0,
            "AuthorizationIgnore": false,
            "ConfirmationText": {
              "$type": "YetaWF.Core.Models.MultiString, YetaWF.Core",
              "en-US": ""
            },
            "PleaseWaitText": {
              "$type": "YetaWF.Core.Models.MultiString, YetaWF.Core",
              "en-US": ""
            },
            "SaveReturnUrl": false,
            "AddToOriginList": false,
            "NeedsModuleContext": false,
            "DontFollow": false,
            "Name": null,
            "Displayed": true,
            "CookieAsDoneSignal": false,
            "Location": 15,
            "SubMenu": {
              "$type": "YetaWF.Core.Serializers.SerializableList`1[[YetaWF.Core.Modules.ModuleAction, YetaWF.Core]], YetaWF.Core",
              "$values": []
            },
            "QueryArgs": null,
            "QueryArgsRvd": null,
            "QueryArgsDict": null,
            "QueryArgsHR": null,
            "AnchorId": null,
            "PageSecurity": 0,
            "DontCheckAuthorization": false,
            "items": null,
            "Id": 0
          }
        ]
      }
    }
  ]
}