{
  "PackageName": "YetaWF.Scheduler",
  "PackageVersion": "5.1.0",
  "Roles": [
    {
      "RoleName": "Superuser",
      "RoleId": 997
    },
    {
      "RoleName": "Administrator",
      "RoleId": 1000
    },
    {
      "RoleName": "Editor",
      "RoleId": 1001
    },
    {
      "RoleName": "User",
      "RoleId": 998
    },
    {
      "RoleName": "User (two-step authentication setup required)",
      "RoleId": 996
    },
    {
      "RoleName": "Anonymous",
      "RoleId": 999
    }
  ],
  "Users": [],
  "Data": [
    {
      "Class": "LogBrowseModuleDataProvider",
      "Chunks": 1,
      "Files": []
    },
    {
      "Class": "LogDisplayModuleDataProvider",
      "Chunks": 0,
      "Files": []
    },
    {
      "Class": "SchedulerAddModuleDataProvider",
      "Chunks": 0,
      "Files": []
    },
    {
      "Class": "SchedulerBrowseModuleDataProvider",
      "Chunks": 1,
      "Files": []
    },
    {
      "Class": "SchedulerDisplayModuleDataProvider",
      "Chunks": 0,
      "Files": []
    },
    {
      "Class": "SchedulerEditModuleDataProvider",
      "Chunks": 0,
      "Files": []
    },
    {
      "Class": "LogDataProvider",
      "Chunks": 0,
      "Files": []
    },
    {
      "Class": "SchedulerDataProvider",
      "Chunks": 1,
      "Files": []
    }
  ]
}