{
  "$type": "YetaWF.Core.Serializers.SerializableList`1[[YetaWF.Modules.Scheduler.DataProvider.SchedulerItemData, YetaWF.Scheduler]], YetaWF.Core",
  "$values": [
    {
      "$type": "YetaWF.Modules.Scheduler.DataProvider.SchedulerItemData, YetaWF.Scheduler",
      "Name": "Build a Blog Based News Site Map",
      "Description": "Builds a blog based news site map",
      "Enabled": true,
      "EnableOnStartup": true,
      "RunOnce": false,
      "Startup": false,
      "SiteSpecific": true,
      "Frequency": {
        "$type": "YetaWF.Core.Scheduler.SchedulerFrequency, YetaWF.Core",
        "TimeUnits": 3,
        "Value": 1
      },
      "TimeSpan": "1.00:00:00",
      "Event": {
        "$type": "YetaWF.Core.Scheduler.SchedulerEvent, YetaWF.Core",
        "Name": "YetaWF.Blog: Build News Site Map",
        "ImplementingAssembly": "YetaWF.Blog",
        "ImplementingType": "YetaWF.Modules.Blog.Scheduler.NewsSiteMap"
      },
      "Last": null,
      "Next": null,
      "RunTime": "00:00:00",
      "Errors": null
    },
    {
      "$type": "YetaWF.Modules.Scheduler.DataProvider.SchedulerItemData, YetaWF.Scheduler",
      "Name": "Create Daily Site Backup",
      "Description": "Creates a site backup and stores it in the site's Backup folder",
      "Enabled": true,
      "EnableOnStartup": true,
      "RunOnce": false,
      "Startup": false,
      "SiteSpecific": true,
      "Frequency": {
        "$type": "YetaWF.Core.Scheduler.SchedulerFrequency, YetaWF.Core",
        "TimeUnits": 3,
        "Value": 1
      },
      "TimeSpan": "1.00:00:00",
      "Event": {
        "$type": "YetaWF.Core.Scheduler.SchedulerEvent, YetaWF.Core",
        "Name": "YetaWF.Backups: Create Daily Backup",
        "ImplementingAssembly": "YetaWF.Backups",
        "ImplementingType": "YetaWF.Modules.Backups.Scheduler.Backups"
      },
      "Last": null,
      "Next": null,
      "RunTime": "00:00:00",
      "Errors": null
    },
    {
      "$type": "YetaWF.Modules.Scheduler.DataProvider.SchedulerItemData, YetaWF.Scheduler",
      "Name": "Remove Old Site Backup",
      "Description": "Removes site backups that are too old (defined using backup settings)",
      "Enabled": true,
      "EnableOnStartup": true,
      "RunOnce": false,
      "Startup": false,
      "SiteSpecific": true,
      "Frequency": {
        "$type": "YetaWF.Core.Scheduler.SchedulerFrequency, YetaWF.Core",
        "TimeUnits": 3,
        "Value": 1
      },
      "TimeSpan": "1.00:00:00",
      "Event": {
        "$type": "YetaWF.Core.Scheduler.SchedulerEvent, YetaWF.Core",
        "Name": "YetaWF.Backups: Remove Old Backups",
        "ImplementingAssembly": "YetaWF.Backups",
        "ImplementingType": "YetaWF.Modules.Backups.Scheduler.Backups"
      },
      "Last": null,
      "Next": null,
      "RunTime": "00:00:00",
      "Errors": null
    }
  ]
}