{
  "$type": "YetaWF.Core.Serializers.SerializableList`1[[YetaWF.Modules.DevTests.Modules.TemplateModuleActionsModule, YetaWF.DevTests]], YetaWF.Core",
  "$values": [
    {
      "$type": "YetaWF.Modules.DevTests.Modules.TemplateModuleActionsModule, YetaWF.DevTests",
      "Name": "Template Test - ModuleActions",
      "Title": {
        "$type": "YetaWF.Core.Models.MultiString, YetaWF.Core",
        "en-US": "ModuleActions Test Template"
      },
      "Visible": true,
      "ModuleSecurity": 0,
      "WantSearch": true,
      "WantFocus": true,
      "ModuleGuid": "b8d59b70-ec53-48a1-aeed-8cb077d1d473",
      "DateCreated": "2021-02-28T13:26:36.4790427",
      "DateUpdated": "2021-03-29T13:16:02.9374154",
      "ModuleSkin": "modStandard",
      "PopupPage": "Popup",
      "CssClass": null,
      "TempPageCssClass": null,
      "_SuppressPartialFormCss": false,
      "ShowTitle": true,
      "ShowTitleActions": true,
      "CanMinimize": false,
      "Minimized": false,
      "ShowHelp": false,
      "HelpURL": null,
      "Print": true,
      "ShowFormButtons": true,
      "AnchorId": null,
      "FormAutoComplete": false,
      "AllowedRoles": {
        "$type": "YetaWF.Core.Serializers.SerializableList`1[[YetaWF.Core.Modules.ModuleDefinition+AllowedRole, YetaWF.Core]], YetaWF.Core",
        "$values": [
          {
            "$type": "YetaWF.Core.Modules.ModuleDefinition+AllowedRole, YetaWF.Core",
            "RoleId": 1000,
            "View": 1,
            "Edit": 1,
            "Remove": 1,
            "Extra1": 1,
            "Extra2": 1,
            "Extra3": 1,
            "Extra4": 1,
            "Extra5": 1
          }
        ]
      },
      "AllowedUsers": {
        "$type": "YetaWF.Core.Serializers.SerializableList`1[[YetaWF.Core.Modules.ModuleDefinition+AllowedUser, YetaWF.Core]], YetaWF.Core",
        "$values": []
      },
      "ReferencedModules": {
        "$type": "YetaWF.Core.Serializers.SerializableList`1[[YetaWF.Core.Modules.ModuleDefinition+ReferencedModule, YetaWF.Core]], YetaWF.Core",
        "$values": []
      }
    }
  ]
}