{
  "PackageName": "YetaWF.Feedback",
  "PackageVersion": "4.0.0",
  "Data": [
    {
      "Class": "FeedbackAddModuleDataProvider",
      "Chunks": 1,
      "Files": []
    },
    {
      "Class": "FeedbackBrowseModuleDataProvider",
      "Chunks": 1,
      "Files": []
    },
    {
      "Class": "FeedbackConfigModuleDataProvider",
      "Chunks": 1,
      "Files": []
    },
    {
      "Class": "FeedbackDisplayModuleDataProvider",
      "Chunks": 0,
      "Files": []
    },
    {
      "Class": "FeedbackDataProvider",
      "Chunks": 1,
      "Files": []
    },
    {
      "Class": "FeedbackConfigDataProvider",
      "Chunks": 1,
      "Files": []
    }
  ]
}