{
  "$type": "YetaWF.Core.Serializers.SerializableList`1[[YetaWF.Core.Site.SiteDefinition, YetaWF.Core]], YetaWF.Core",
  "$values": [
    {
      "$type": "YetaWF.Core.Site.SiteDefinition, YetaWF.Core",
      "Identity": 1000,
      "SiteDomain": "YetaWFDist5",
      "SiteTestDomain": null,
      "SiteName": "YetaWFDist5",
      "EnforceSiteUrl": false,
      "PageSecurity": 0,
      "EnforceSitePort": false,
      "PortNumber": 80,
      "PortNumberSSL": 443,
      "Localization": true,
      "DefaultLanguageId": "en-US",
      "AllowAnonymousUsers": true,
      "Locked": false,
      "LockedForIP": null,
      "LockedExternalForIP": null,
      "LockedUrl": "/Maintenance/Offline For Maintenance.html",
      "AllowPopups": true,
      "CssNoTooltips": "linkpreview-show peelback",
      "FavIcon_Data": {
        "$type": "System.Byte[], System.Private.CoreLib",
        "$value": ""
      },
      "FavIconLrg_Data": {
        "$type": "System.Byte[], System.Private.CoreLib",
        "$value": ""
      },
      "Country": "United States",
      "TimeZone": null,
      "Currency": "USD",
      "CurrencyFormat": "$ #,0.00",
      "CurrencyDecimals": 2,
      "StaticPages": false,
      "AllowCacheUse": true,
      "Compression": true,
      "CompressCSSFiles": true,
      "BundleCSSFiles": true,
      "CssLocation": 1,
      "CompressJSFiles": true,
      "BundleJSFiles": true,
      "JSLocation": 1,
      "DisableMinimizeFUOC": false,
      "IFrameUse": 0,
      "Copyright": "YetaWF.com - © Copyright <<Year>> Softel vdm, Inc.",
      "UseCDNComponents": false,
      "UseCDN": false,
      "CDNUrl": null,
      "CDNUrlSecure": null,
      "StaticDomain": null,
      "EmailDebug": false,
      "AdminEmail": "youremail@YetaWFDist5",
      "SMTP": {
        "$type": "YetaWF.Core.SendEmail.SMTPServer, YetaWF.Core",
        "Server": "mail.YetaWFDist5",
        "Port": 25,
        "Authentication": 1,
        "UserName": "youremail@YetaWFDist5",
        "Password": "somepassword",
        "SSL": false
      },
      "HomePageUrl": "/",
      "NotFoundUrl": "/Errors/404",
      "MobileSiteUrl": null,
      "UnsupportedBrowserUrl": "/Maintenance/Unsupported Browser.html",
      "LoginUrl": "/User/Login",
      "PostLoginUrl": null,
      "ExternalAccountSetupUrl": "/User/Setup External Account",
      "ReferencedModules": {
        "$type": "YetaWF.Core.Serializers.SerializableList`1[[YetaWF.Core.Modules.ModuleDefinition+ReferencedModule, YetaWF.Core]], YetaWF.Core",
        "$values": []
      },
      "SelectedSkin": {
        "$type": "YetaWF.Core.Skins.SkinDefinition, YetaWF.Core",
        "Collection": "YetaWF/DefaultSkin/DefaultSkin",
        "FileName": "Default"
      },
      "SelectedPopupSkin": {
        "$type": "YetaWF.Core.Skins.SkinDefinition, YetaWF.Core",
        "Collection": "YetaWF/DefaultSkin/DefaultSkin",
        "FileName": "Popup"
      },
      "FormErrorsImmed": false,
      "BootstrapSkin": "Bootstrap Default",
      "jQueryUISkin": "Start",
      "KendoUISkin": "Blue Opal",
      "TabStyle": 0,
      "PublicKey": "<RSAKeyValue><Modulus>p2SLNr+3VEKefy3O/tBz2AqQUBl3J3gYTTBjT+ggbpvN2TD7Rh/MlRrh7SEKgHYSyn0e4pw/OUxavLf8zqv65pi5JLyMoag6ySs3VY0CT7ilS5PdTl2fqX8vvHCa9QH/53jRBLeSbHUGJZ0rz+9KdAKvGOvseGo7qCL9PdXBCwE=</Modulus><Exponent>AQAB</Exponent><P></P><Q></Q><DP></DP><DQ></DQ><InverseQ></InverseQ><D></D></RSAKeyValue>",
      "PrivateKey": "<RSAKeyValue><Modulus>p2SLNr+3VEKefy3O/tBz2AqQUBl3J3gYTTBjT+ggbpvN2TD7Rh/MlRrh7SEKgHYSyn0e4pw/OUxavLf8zqv65pi5JLyMoag6ySs3VY0CT7ilS5PdTl2fqX8vvHCa9QH/53jRBLeSbHUGJZ0rz+9KdAKvGOvseGo7qCL9PdXBCwE=</Modulus><Exponent>AQAB</Exponent><P>zESdQona24b74hsQG6N6msDr61lzNrkkp9X6WhLdFj4OkgrSNrlxfTI7XObJ3iatr6t2W1QdJN2BxaaaHDm62w==</P><Q>0ckuT7ycFMxyOaxvFgPbqiTEgXXC6o6q4UMLk7tsv9pgbO2uxMhRnXjjIi54MROnuV3TAJ0Q/yB8x/aVOKdCUw==</Q><DP>LLYEGhFkp1KXhblYwEP7TS5XNW+h6WODI32Ry+9/FyREOjFGLBZRQg8hsUcO/qJGuEH2qSzzKCOYCTRbXTxBqw==</DP><DQ>TGsNfKxG6uiif1HJ0WosXWkxT7tW+lxn8NCcaf8vGR/yWhumuzYBTOyZSH1G+RGg2kxMLYAJjfYGnky7hLyg0w==</DQ><InverseQ>oYdZ+83gWiPVuR56IsuZHEOQhsnuHJCnXc1F08bw4j8z3rrqLrVVFXwB3EJl8Fw5pj/jgcRlcIPBfL6UfQxFuw==</InverseQ><D>YYK3ehgqUoJQVCO6PkPuB773nEGJYMub1HNIlwbQxb4rJsdayNnDUmSLkZg6xuSBQ8WpVTbRua4Z+W9wbHBQwkynvlRa9Y2Vzzzp2EP1dfUQe/A/TKzyPD0XtA/z7A6yU0MfdnX6erzw4++KEfGhUkINDiGAsB7E0uH6R9iZLFU=</D></RSAKeyValue>",
      "Analytics": null,
      "AnalyticsContent": null,
      "GoogleVerification": null,
      "ExtraHead": null,
      "ExtraBodyTop": null,
      "ExtraBodyBottom": null,
      "UseGeoLocation": false,
      "SiteMetaTags": null,
      "PageMetaTags": null,
      "SiteMapPriority": 50,
      "DefaultChangeFrequency": 4
    }
  ]
}