{
  "$type": "YetaWF.Core.Serializers.SerializableList`1[[YetaWF.Core.Site.SiteDefinition, YetaWF.Core]], YetaWF.Core",
  "$values": [
    {
      "$type": "YetaWF.Core.Site.SiteDefinition, YetaWF.Core",
      "Identity": 1000,
      "SiteDomain": "YetaWFDist5",
      "SiteTestDomain": null,
      "SiteName": "YetaWFDist5",
      "EnforceSiteUrl": false,
      "PageSecurity": 0,
      "EnforceSitePort": false,
      "PortNumber": 80,
      "PortNumberSSL": 443,
      "Localization": true,
      "DefaultLanguageId": "en-US",
      "AllowAnonymousUsers": true,
      "Locked": false,
      "LockedForIP": null,
      "LockedExternalForIP": null,
      "LockedUrl": "/Maintenance/Offline For Maintenance.html",
      "AllowPopups": true,
      "CssNoTooltips": "linkpreview-show peelback",
      "FavIcon_Data": {
        "$type": "System.Byte[], System.Private.CoreLib",
        "$value": ""
      },
      "FavIconLrg_Data": {
        "$type": "System.Byte[], System.Private.CoreLib",
        "$value": ""
      },
      "Country": "United States",
      "TimeZone": null,
      "Currency": "USD",
      "CurrencyFormat": "$ #,0.00",
      "CurrencyDecimals": 2,
      "StaticPages": false,
      "AllowCacheUse": true,
      "Compression": true,
      "CompressCSSFiles": true,
      "BundleCSSFiles": true,
      "CssLocation": 1,
      "CompressJSFiles": true,
      "BundleJSFiles": true,
      "JSLocation": 1,
      "DisableMinimizeFUOC": false,
      "IFrameUse": 0,
      "Copyright": "YetaWF.com - © Copyright <<Year>> Softel vdm, Inc.",
      "UseCDNComponents": false,
      "UseCDN": false,
      "CDNUrl": null,
      "CDNUrlSecure": null,
      "StaticDomain": null,
      "EmailDebug": false,
      "AdminEmail": "youremail@YetaWFDist5",
      "SMTP": {
        "$type": "YetaWF.Core.SendEmail.SMTPServer, YetaWF.Core",
        "Server": "mail.YetaWFDist5",
        "Port": 25,
        "Authentication": 1,
        "UserName": "youremail@YetaWFDist5",
        "Password": "somepassword",
        "SSL": false
      },
      "HomePageUrl": "/",
      "NotFoundUrl": "/Errors/404",
      "MobileSiteUrl": null,
      "UnsupportedBrowserUrl": "/Maintenance/Unsupported Browser.html",
      "LoginUrl": "/User/Login",
      "PostLoginUrl": null,
      "ExternalAccountSetupUrl": "/User/Setup External Account",
      "ReferencedModules": {
        "$type": "YetaWF.Core.Serializers.SerializableList`1[[YetaWF.Core.Modules.ModuleDefinition+ReferencedModule, YetaWF.Core]], YetaWF.Core",
        "$values": []
      },
      "SelectedSkin": {
        "$type": "YetaWF.Core.Skins.SkinDefinition, YetaWF.Core",
        "Collection": "YetaWF/DefaultSkin/DefaultSkin",
        "FileName": "Default"
      },
      "SelectedPopupSkin": {
        "$type": "YetaWF.Core.Skins.SkinDefinition, YetaWF.Core",
        "Collection": "YetaWF/DefaultSkin/DefaultSkin",
        "FileName": "Popup"
      },
      "FormErrorsImmed": false,
      "BootstrapSkin": "Bootstrap Default",
      "jQueryUISkin": "Start",
      "KendoUISkin": "Blue Opal",
      "TabStyle": 0,
      "PublicKey": "<RSAKeyValue><Modulus>v+CoTdHaVlFyFanW+SyFdIOn0oXsi7kgfmKBACksjy/ENgW1TyfKCtUB8lRQM3DOlvBk/FGaTpfXMWU9y+gCJHJfPkS+6xtaTJvE4faNjhUVlARgUp7H9npJlOGDuk3zeg9MOJ8lqCP6GwFXONpjRkItIRz/9zcqhAtj8sYNPnU=</Modulus><Exponent>AQAB</Exponent><P></P><Q></Q><DP></DP><DQ></DQ><InverseQ></InverseQ><D></D></RSAKeyValue>",
      "PrivateKey": "<RSAKeyValue><Modulus>v+CoTdHaVlFyFanW+SyFdIOn0oXsi7kgfmKBACksjy/ENgW1TyfKCtUB8lRQM3DOlvBk/FGaTpfXMWU9y+gCJHJfPkS+6xtaTJvE4faNjhUVlARgUp7H9npJlOGDuk3zeg9MOJ8lqCP6GwFXONpjRkItIRz/9zcqhAtj8sYNPnU=</Modulus><Exponent>AQAB</Exponent><P>xoSXQ2a6RQBUaEvT0xkCB/GPo0IDFp51vTZ2blGiLvTZ3Cy9zieUhc/4yQKmIzexoN9RSqBx1fBcgOnan5Cm7w==</P><Q>92/XL4O0V0wWuqUGbzg56M841CL0EMS5STQp24Kjj3FcP0V3gioFbyvvbxGIkot6c+of6MEHQQoNCIpgzxiQ2w==</Q><DP>R6seoOq5XKfd0Tlu48snfI6s+JegXc4fW4wJ/ZHjJ2imLmLIs2B+skB+5LLcH+K/cgCtbG+4KTB5dOD4WJr0aQ==</DP><DQ>SRYx+4jtlfOVqx/fnK6A/HFpGdARQ3q4OBU+X+ZgpZgYZWABguMio8nYeXg2XQLx8pcvQbLyj5WGcAVfvwxEjQ==</DQ><InverseQ>TPdD1asVU/+8Y4zn7qUFkXJRwzQXQ9fMRw0f750VSJ2gZyhDcuSi93XBSmGdkSgdHiVEjFh0vFMSF27Hjkg4jQ==</InverseQ><D>UW4hXy1RMNLNzN3QSt0XIhSBk3mcosuFO73IK25N59KIvbh8csRbHW+6rMIVa09TjYEmCmMDTploDSF/MVscFOhmcB4HxHITTP3/Vemqs92RUvVY8z9fOLo3A6ygHKKTfCQwALlii0ZsQNdjKRnUDGf4534I8lPstkMwnalr3N0=</D></RSAKeyValue>",
      "Analytics": null,
      "AnalyticsContent": null,
      "GoogleVerification": null,
      "ExtraHead": null,
      "ExtraBodyTop": null,
      "ExtraBodyBottom": null,
      "UseGeoLocation": false,
      "SiteMetaTags": null,
      "PageMetaTags": null,
      "SiteMapPriority": 50,
      "DefaultChangeFrequency": 4
    }
  ]
}