{
  "$type": "YetaWF.Core.Serializers.SerializableList`1[[YetaWF.Core.Site.SiteDefinition, YetaWF.Core]], YetaWF.Core",
  "$values": [
    {
      "$type": "YetaWF.Core.Site.SiteDefinition, YetaWF.Core",
      "Identity": 1000,
      "SiteDomain": "YetaWFDist4",
      "SiteTestDomain": null,
      "SiteName": "YetaWFDist4",
      "EnforceSiteUrl": false,
      "PageSecurity": 0,
      "EnforceSitePort": false,
      "PortNumber": 80,
      "PortNumberSSL": 443,
      "Localization": true,
      "DefaultLanguageId": "en-US",
      "AllowAnonymousUsers": true,
      "Locked": false,
      "LockedForIP": null,
      "LockedExternalForIP": null,
      "LockedUrl": "/Maintenance/Offline For Maintenance.html",
      "AllowPopups": true,
      "CssNoTooltips": "linkpreview-show peelback",
      "FavIcon_Data": {
        "$type": "System.Byte[], mscorlib",
        "$value": ""
      },
      "FavIconLrg_Data": {
        "$type": "System.Byte[], mscorlib",
        "$value": ""
      },
      "Country": "United States",
      "TimeZone": null,
      "Currency": "USD",
      "CurrencyFormat": "$ #,0.00",
      "CurrencyDecimals": 2,
      "StaticPages": false,
      "AllowCacheUse": true,
      "Compression": true,
      "CompressCSSFiles": true,
      "BundleCSSFiles": true,
      "CssLocation": 1,
      "CompressJSFiles": true,
      "BundleJSFiles": true,
      "JSLocation": 1,
      "DisableMinimizeFUOC": false,
      "IFrameUse": 0,
      "Copyright": "YetaWF.com - © Copyright <<Year>> Softel vdm, Inc.",
      "UseCDNComponents": false,
      "UseCDN": false,
      "CDNUrl": null,
      "CDNUrlSecure": null,
      "StaticDomain": null,
      "EmailDebug": false,
      "AdminEmail": "youremail@YetaWFDist4",
      "SMTP": {
        "$type": "YetaWF.Core.SendEmail.SMTPServer, YetaWF.Core",
        "Server": "mail.YetaWFDist4",
        "Port": 25,
        "Authentication": 1,
        "UserName": "youremail@YetaWFDist4",
        "Password": "somepassword",
        "SSL": false
      },
      "HomePageUrl": "/",
      "NotFoundUrl": "/Errors/404",
      "MobileSiteUrl": null,
      "UnsupportedBrowserUrl": "/Maintenance/Unsupported Browser.html",
      "LoginUrl": "/User/Login",
      "PostLoginUrl": null,
      "ExternalAccountSetupUrl": "/User/Setup External Account",
      "ReferencedModules": {
        "$type": "YetaWF.Core.Serializers.SerializableList`1[[YetaWF.Core.Modules.ModuleDefinition+ReferencedModule, YetaWF.Core]], YetaWF.Core",
        "$values": []
      },
      "SelectedSkin": {
        "$type": "YetaWF.Core.Skins.SkinDefinition, YetaWF.Core",
        "Collection": "YetaWF/DefaultSkin/DefaultSkin",
        "FileName": "Default"
      },
      "SelectedPopupSkin": {
        "$type": "YetaWF.Core.Skins.SkinDefinition, YetaWF.Core",
        "Collection": "YetaWF/DefaultSkin/DefaultSkin",
        "FileName": "Popup"
      },
      "FormErrorsImmed": false,
      "BootstrapSkin": "Bootstrap Default",
      "jQueryUISkin": "Start",
      "KendoUISkin": "Blue Opal",
      "TabStyle": 0,
      "PublicKey": "<RSAKeyValue><Modulus>sBl13srnQ7EqoaQCcTYbUzOiyjt9hCTU/cfpFItP5MIITjYfsXrv5Nna8aT1liu+IFXndqc7cu3K9YwNvsf8h+T82sBOPhq1ArAER80ygI0chEyOypwslG3a0NdD33A5jzoYkmJlgnrNyXh07zWNYJs84GkHpZml43+rHMZoKU0=</Modulus><Exponent>AQAB</Exponent></RSAKeyValue>",
      "PrivateKey": "<RSAKeyValue><Modulus>sBl13srnQ7EqoaQCcTYbUzOiyjt9hCTU/cfpFItP5MIITjYfsXrv5Nna8aT1liu+IFXndqc7cu3K9YwNvsf8h+T82sBOPhq1ArAER80ygI0chEyOypwslG3a0NdD33A5jzoYkmJlgnrNyXh07zWNYJs84GkHpZml43+rHMZoKU0=</Modulus><Exponent>AQAB</Exponent><P>3F4OuVbVNIzDIODtC2zvpdyvRQ6NCuV+mvPXIEHAr1qCi02A65DNiKkuqUSdSWV1Zgmp/MNrGFsHSNfVH/qPAw==</P><Q>zJL22sU2ZfoxDjxuNLO7j9W9UD9i3kBWXMIh1/+juO8MtUUyjpMBWDMsLh3ubDDQsqcV7FgixChVeHFkDisNbw==</Q><DP>byFX14u8tWWPOdN0d2CWclSaZv7xjd8yO75gbLn8C/JfBxUswJ8jp5l6GI6rq0npLG4PNZLvPTcas1d0+U2INQ==</DP><DQ>d6wZYE0xz2IWxF8xkP77X98HSiRqb91vKAAg0DypyAt/gaMjOihhBvmYhLnZucysqXX46zN70whNR5H9mBQzXQ==</DQ><InverseQ>SX5uGal+1GV+KoqprQv7wUL4EGX5oUbMG/UGNOfhiRLJ4PqtR0vVLctvvz82vK9gPqisPLNOnzXDRJ+JN0YNGQ==</InverseQ><D>Oah8cXAZ/I37mWUr74l5tOpJONH1rNiqbFWSOUnL5Oiq84DBK8lG1rWF/Gy4hGzaGZhG6xCiZGT7eR5cOcUdJ45tiWSpIuPZMKJ/+Z/O4P14HT/BGlpXsUSrl4rLMyFMMZGvhWaibH3RERnn/XAepi1sWA/Ka5NfxKJ9RpnJ4Hk=</D></RSAKeyValue>",
      "Analytics": null,
      "AnalyticsContent": null,
      "GoogleVerification": null,
      "ExtraHead": null,
      "ExtraBodyTop": null,
      "ExtraBodyBottom": null,
      "UseGeoLocation": false,
      "SiteMetaTags": null,
      "PageMetaTags": null,
      "SiteMapPriority": 50,
      "DefaultChangeFrequency": 4
    }
  ]
}