{
  "$type": "YetaWF.Core.Serializers.SerializableList`1[[YetaWF.Core.Site.SiteDefinition, YetaWF.Core]], YetaWF.Core",
  "$values": [
    {
      "$type": "YetaWF.Core.Site.SiteDefinition, YetaWF.Core",
      "Identity": 1000,
      "SiteDomain": "YetaWFDist5",
      "SiteTestDomain": null,
      "SiteName": "YetaWFDist5",
      "EnforceSiteUrl": false,
      "PageSecurity": 0,
      "EnforceSitePort": false,
      "PortNumber": 80,
      "PortNumberSSL": 443,
      "Localization": true,
      "DefaultLanguageId": "en-US",
      "AllowAnonymousUsers": true,
      "Locked": false,
      "LockedForIP": null,
      "LockedExternalForIP": null,
      "LockedUrl": "/Maintenance/Offline For Maintenance.html",
      "AllowPopups": true,
      "CssNoTooltips": "linkpreview-show peelback",
      "FavIcon_Data": {
        "$type": "System.Byte[], System.Private.CoreLib",
        "$value": ""
      },
      "FavIconLrg_Data": {
        "$type": "System.Byte[], System.Private.CoreLib",
        "$value": ""
      },
      "Country": "United States",
      "TimeZone": null,
      "Currency": "USD",
      "CurrencyFormat": "$ #,0.00",
      "CurrencyDecimals": 2,
      "StaticPages": false,
      "AllowCacheUse": true,
      "Compression": true,
      "CompressCSSFiles": true,
      "BundleCSSFiles": true,
      "CssLocation": 1,
      "CompressJSFiles": true,
      "BundleJSFiles": true,
      "JSLocation": 1,
      "DisableMinimizeFUOC": false,
      "IFrameUse": 0,
      "Copyright": "YetaWF.com - © Copyright <<Year>> Softel vdm, Inc.",
      "UseCDNComponents": false,
      "UseCDN": false,
      "CDNUrl": null,
      "CDNUrlSecure": null,
      "StaticDomain": null,
      "EmailDebug": false,
      "AdminEmail": "youremail@YetaWFDist5",
      "SMTP": {
        "$type": "YetaWF.Core.SendEmail.SMTPServer, YetaWF.Core",
        "Server": "mail.YetaWFDist5",
        "Port": 25,
        "Authentication": 1,
        "UserName": "youremail@YetaWFDist5",
        "Password": "somepassword",
        "SSL": false
      },
      "HomePageUrl": "/",
      "NotFoundUrl": "/Errors/404",
      "MobileSiteUrl": null,
      "UnsupportedBrowserUrl": "/Maintenance/Unsupported Browser.html",
      "LoginUrl": "/User/Login",
      "PostLoginUrl": null,
      "ExternalAccountSetupUrl": "/User/Setup External Account",
      "ReferencedModules": {
        "$type": "YetaWF.Core.Serializers.SerializableList`1[[YetaWF.Core.Modules.ModuleDefinition+ReferencedModule, YetaWF.Core]], YetaWF.Core",
        "$values": []
      },
      "SelectedSkin": {
        "$type": "YetaWF.Core.Skins.SkinDefinition, YetaWF.Core",
        "Collection": "YetaWF/DefaultSkin/DefaultSkin",
        "FileName": "Default"
      },
      "SelectedPopupSkin": {
        "$type": "YetaWF.Core.Skins.SkinDefinition, YetaWF.Core",
        "Collection": "YetaWF/DefaultSkin/DefaultSkin",
        "FileName": "Popup"
      },
      "FormErrorsImmed": false,
      "BootstrapSkin": "Bootstrap Default",
      "jQueryUISkin": "Start",
      "KendoUISkin": "Blue Opal",
      "TabStyle": 0,
      "PublicKey": "<RSAKeyValue><Modulus>sXO91jaqfekltITu31hyjXk2S3cwVv2Lg2cALic+fJ6INUE3Af4p8kGTKBONWoO60iSmLYTw22gGSIqdjlCc7mp4gWPEuId0YRlo+w8drbvYEcadD2ldA0ONBLhGrEZPfH6X+dql5ZV+D1ctFv/HNfk/jzj2atNxrWU3AeX9wh0=</Modulus><Exponent>AQAB</Exponent><P></P><Q></Q><DP></DP><DQ></DQ><InverseQ></InverseQ><D></D></RSAKeyValue>",
      "PrivateKey": "<RSAKeyValue><Modulus>sXO91jaqfekltITu31hyjXk2S3cwVv2Lg2cALic+fJ6INUE3Af4p8kGTKBONWoO60iSmLYTw22gGSIqdjlCc7mp4gWPEuId0YRlo+w8drbvYEcadD2ldA0ONBLhGrEZPfH6X+dql5ZV+D1ctFv/HNfk/jzj2atNxrWU3AeX9wh0=</Modulus><Exponent>AQAB</Exponent><P>wi6MFvPejYS2I2pdrcsQlO6/xfpPqli+f8QfNCiCNcWDh1rEK8Y3ofeU3zVI7xZRTChAQyQFTnvmDFMYvZxEMw==</P><Q>6fHBKALqZjAT6DY/V6yfRc9BmZBwrIw9TAbmZV+R0k3hAqBedK6CnI/wHB67fVsX9KpP/lTK1LF9/RBVCCMQbw==</Q><DP>iLi9amvLB1mp5MW/r96KjlKMNJlJ/mb9ungcgF0FUVcAhQ0jkq69/QyVhZO/BphwJW8x0BRMqDYUhBj+EoM0gQ==</DP><DQ>PTkeYpk4vJtyaj/gHdK4L+3IbibFxfJBjGb13qu/Hrlw3F4ZuhF9bvmgTcuhJ3Iyd74mhxmrpzP4E8U1a5a5kw==</DQ><InverseQ>aHHIQFZ6AlTfvZDbSRqOyLb2Cb3SgpuWhq/cSMsJJzcfSA2ANTtCuI41azrcfuUhtgSh7K1NTiw2gWj2+ECRFw==</InverseQ><D>GI2XOsidloZn/S5XjvfCAek/pfl76s1yPGBIGhq7/qpA1n2Liu8MBsUkA2uRJ3EKrID9rVazrOgb1nW3jzWAQRGlSrG8/OVIoTH7A2f6W8KFxLc+RUqc6QudABvU62PRFM931B/tJb4GpuZGhtd0C7uI+U5tRrYU/MGD6P79JFE=</D></RSAKeyValue>",
      "Analytics": null,
      "AnalyticsContent": null,
      "GoogleVerification": null,
      "ExtraHead": null,
      "ExtraBodyTop": null,
      "ExtraBodyBottom": null,
      "UseGeoLocation": false,
      "SiteMetaTags": null,
      "PageMetaTags": null,
      "SiteMapPriority": 50,
      "DefaultChangeFrequency": 4
    }
  ]
}