{
  "$type": "YetaWF.Core.Serializers.SerializableList`1[[YetaWF.Core.Site.SiteDefinition, YetaWF.Core]], YetaWF.Core",
  "$values": [
    {
      "$type": "YetaWF.Core.Site.SiteDefinition, YetaWF.Core",
      "Identity": 1000,
      "SiteDomain": "YetaWFDist4",
      "SiteTestDomain": null,
      "SiteName": "YetaWFDist4",
      "EnforceSiteUrl": false,
      "PageSecurity": 0,
      "EnforceSitePort": false,
      "PortNumber": 80,
      "PortNumberSSL": 443,
      "Localization": true,
      "DefaultLanguageId": "en-US",
      "AllowAnonymousUsers": true,
      "Locked": false,
      "LockedForIP": null,
      "LockedExternalForIP": null,
      "LockedUrl": "/Maintenance/Offline For Maintenance.html",
      "AllowPopups": true,
      "CssNoTooltips": "linkpreview-show peelback",
      "FavIcon_Data": {
        "$type": "System.Byte[], mscorlib",
        "$value": ""
      },
      "FavIconLrg_Data": {
        "$type": "System.Byte[], mscorlib",
        "$value": ""
      },
      "Country": "United States",
      "TimeZone": null,
      "Currency": "USD",
      "CurrencyFormat": "$ #,0.00",
      "CurrencyDecimals": 2,
      "StaticPages": false,
      "AllowCacheUse": true,
      "Compression": true,
      "CompressCSSFiles": true,
      "BundleCSSFiles": true,
      "CssLocation": 1,
      "CompressJSFiles": true,
      "BundleJSFiles": true,
      "JSLocation": 1,
      "DisableMinimizeFUOC": false,
      "IFrameUse": 0,
      "Copyright": "YetaWF.com - © Copyright <<Year>> Softel vdm, Inc.",
      "UseCDNComponents": false,
      "UseCDN": false,
      "CDNUrl": null,
      "CDNUrlSecure": null,
      "StaticDomain": null,
      "EmailDebug": false,
      "AdminEmail": "youremail@YetaWFDist4",
      "SMTP": {
        "$type": "YetaWF.Core.SendEmail.SMTPServer, YetaWF.Core",
        "Server": "mail.YetaWFDist4",
        "Port": 25,
        "Authentication": 1,
        "UserName": "youremail@YetaWFDist4",
        "Password": "somepassword",
        "SSL": false
      },
      "HomePageUrl": "/",
      "NotFoundUrl": "/Errors/404",
      "MobileSiteUrl": null,
      "UnsupportedBrowserUrl": "/Maintenance/Unsupported Browser.html",
      "LoginUrl": "/User/Login",
      "PostLoginUrl": null,
      "ExternalAccountSetupUrl": "/User/Setup External Account",
      "ReferencedModules": {
        "$type": "YetaWF.Core.Serializers.SerializableList`1[[YetaWF.Core.Modules.ModuleDefinition+ReferencedModule, YetaWF.Core]], YetaWF.Core",
        "$values": []
      },
      "SelectedSkin": {
        "$type": "YetaWF.Core.Skins.SkinDefinition, YetaWF.Core",
        "Collection": "YetaWF/DefaultSkin/DefaultSkin",
        "FileName": "Default"
      },
      "SelectedPopupSkin": {
        "$type": "YetaWF.Core.Skins.SkinDefinition, YetaWF.Core",
        "Collection": "YetaWF/DefaultSkin/DefaultSkin",
        "FileName": "Popup"
      },
      "FormErrorsImmed": false,
      "BootstrapSkin": "Bootstrap Default",
      "jQueryUISkin": "Start",
      "KendoUISkin": "Blue Opal",
      "TabStyle": 0,
      "PublicKey": "<RSAKeyValue><Modulus>p/q8VtSP/lQ9Ioit34ZR+xFHJyYGZ3FSej3P4dvUO34IroiqCnIBONT3F4DBQDCXEQl5ynqyzThJq4al0RXBMBy0MFvZAutPVw/vp0A9uZ2etDBwxIYNY49X6VnIr+H3iAOlzq+GHoXXYD0ooJ6btmIZtewjt5JybsTXOoZis7U=</Modulus><Exponent>AQAB</Exponent></RSAKeyValue>",
      "PrivateKey": "<RSAKeyValue><Modulus>p/q8VtSP/lQ9Ioit34ZR+xFHJyYGZ3FSej3P4dvUO34IroiqCnIBONT3F4DBQDCXEQl5ynqyzThJq4al0RXBMBy0MFvZAutPVw/vp0A9uZ2etDBwxIYNY49X6VnIr+H3iAOlzq+GHoXXYD0ooJ6btmIZtewjt5JybsTXOoZis7U=</Modulus><Exponent>AQAB</Exponent><P>33jf20iSIyUG3ZQff3UrUATlxIBZHh9IBbrUsD1RMIERArORjiDOTOdBf6g14VFWxOgMmKOE5mEKnBcsUIPWSw==</P><Q>wG4Qns1rKdYhPz4/jUqxyOLMdEsZESYQmSUvw+35WNKuPGWhxpr/64cbaMHyYxPXFCG+DQXEtEZM2asNhEVd/w==</Q><DP>tRSsSHMwv7u0KX5qW4ylMS0Wxji+ffMZGFOBHuJA1M3w68B4NLQOlzBY2cmDB3YymlHySwlNmqSNxVfdt8xsqw==</DP><DQ>KJ0SVPH2FDZlffudXizNqSB1FnZjLANkrW3zzt6DKgQNUiIBKvG74fH6DvogNlkRo+YbPpRhF8tenPJFQA2D8Q==</DQ><InverseQ>v5SiW6IK874rXTbkSXqeTAggm6wTAC48Pr2Kqi8X3Qo4rk/eIEHRwXuZpM9PsvXXhjaQhXv40rzdNm4BsMB9hg==</InverseQ><D>jzWb1ic4b+rfiA6gtd1tDTBoyf6IHS6m02LZVUQ2R1YnDq2i0m7pjcs6sYXqu8/xKuw6Mh6zS3S+kgakXYI/hWOPFPRjcOnP+Yr5HvIPTq6y23GHN5CW0YS7oqEDtECCugqfmV8o9pdYfSeFj1PSBEteEAaxIAnO0ptwW3wOUm0=</D></RSAKeyValue>",
      "Analytics": null,
      "AnalyticsContent": null,
      "GoogleVerification": null,
      "ExtraHead": null,
      "ExtraBodyTop": null,
      "ExtraBodyBottom": null,
      "UseGeoLocation": false,
      "SiteMetaTags": null,
      "PageMetaTags": null,
      "SiteMapPriority": 50,
      "DefaultChangeFrequency": 4
    }
  ]
}