{
  "PackageName": "YetaWF.Text",
  "PackageVersion": "4.0.0",
  "Data": [
    {
      "Class": "TextModuleDataProvider",
      "Chunks": 1,
      "Files": [
        {
          "FileName": "\\YetaWF_Modules\\66d365d8-c1df-45bb-9dfb-9397722ca16f_Data\\Images\\logo_176x112.png",
          "FileDate": "2018-08-23T10:26:23.6578567Z",
          "SiteSpecific": true
        },
        {
          "FileName": "\\YetaWF_Modules\\afa55b5e-1ca5-43c7-b9b3-245c172e0819_Data\\Images\\logo_176x112.png",
          "FileDate": "2018-08-23T10:26:23.6598326Z",
          "SiteSpecific": true
        }
      ]
    }
  ]
}