﻿<?xml version="1.0" encoding="utf-8"?>
<!--YetaWF.Core.Serializers.SerializableList`1[YetaWF.Modules.SlideShow.Modules.TemplateSlideShowModule]-->
<Object Type="YetaWF.Core.Serializers.SerializableList`1[[YetaWF.Modules.SlideShow.Modules.TemplateSlideShowModule, YetaWF.SlideShow, Culture=neutral, PublicKeyToken=null]]" Assembly="YetaWF.Core">
  <Properties />
  <List>
    <Value>
      <Object Type="YetaWF.Modules.SlideShow.Modules.TemplateSlideShowModule" Assembly="YetaWF.SlideShow" AssemblyFull="YetaWF.SlideShow, Version=3.0.0.0, Culture=neutral, PublicKeyToken=null">
        <Properties>
          <SlideShow>
            <Object Type="YetaWF.Modules.SlideShow.Models.SlideShowInfo" Assembly="YetaWF.SlideShow" AssemblyFull="YetaWF.SlideShow, Version=3.0.0.0, Culture=neutral, PublicKeyToken=null">
              <Properties>
                <Style Value="0" />
                <ShowArrows Value="True" />
                <FillMode Value="0" />
                <Width Value="600" />
                <Height Value="400" />
                <Slides>
                  <Object Type="YetaWF.Core.Serializers.SerializableList`1[[YetaWF.Modules.SlideShow.Models.SlideShowInfo+SlideInfo, YetaWF.SlideShow, Culture=neutral, PublicKeyToken=null]]" Assembly="YetaWF.Core">
                    <Properties />
                    <List>
                      <Value>
                        <Object Type="YetaWF.Modules.SlideShow.Models.SlideShowInfo+SlideInfo" Assembly="YetaWF.SlideShow" AssemblyFull="YetaWF.SlideShow, Version=3.0.0.0, Culture=neutral, PublicKeyToken=null">
                          <Properties>
                            <Image Value="62555e91-7978-46da-bd64-4f21617cd551,Image,9715327e-4c68-43c6-bd13-085ba1734765" />
                            <Image_Guid Value="9715327e-4c68-43c6-bd13-085ba1734765" />
                            <ThumbnailImage Value="62555e91-7978-46da-bd64-4f21617cd551,ThumbnailImage,a8b5626e-1593-4506-9058-6b9095ffb683" />
                            <ThumbnailImage_Guid Value="a8b5626e-1593-4506-9058-6b9095ffb683" />
                            <ImageTransition Value="DEFAULT" />
                            <Url />
                            <Caption Value="Caption" />
                            <CaptionTransitionIn Value="DEFAULT" />
                            <CaptionTransitionOut Value="DEFAULT" />
                            <CaptionLeft Value="10" />
                            <CaptionTop Value="20" />
                            <CaptionWidth Value="100" />
                            <CaptionHeight Value="40" />
                          </Properties>
                        </Object>
                      </Value>
                      <Value>
                        <Object Type="YetaWF.Modules.SlideShow.Models.SlideShowInfo+SlideInfo" Assembly="YetaWF.SlideShow" AssemblyFull="YetaWF.SlideShow, Version=3.0.0.0, Culture=neutral, PublicKeyToken=null">
                          <Properties>
                            <Image Value="62555e91-7978-46da-bd64-4f21617cd551,Image,604dc884-09e6-4db9-bace-5f9749ccfcdd" />
                            <Image_Guid Value="604dc884-09e6-4db9-bace-5f9749ccfcdd" />
                            <ThumbnailImage Value="62555e91-7978-46da-bd64-4f21617cd551,ThumbnailImage,234ba233-c2ef-4733-8f9c-80fc3d63e908" />
                            <ThumbnailImage_Guid Value="234ba233-c2ef-4733-8f9c-80fc3d63e908" />
                            <ImageTransition Value="DEFAULT" />
                            <Url />
                            <Caption Value="Caption" />
                            <CaptionTransitionIn Value="DEFAULT" />
                            <CaptionTransitionOut Value="DEFAULT" />
                            <CaptionLeft Value="10" />
                            <CaptionTop Value="20" />
                            <CaptionWidth Value="100" />
                            <CaptionHeight Value="40" />
                          </Properties>
                        </Object>
                      </Value>
                      <Value>
                        <Object Type="YetaWF.Modules.SlideShow.Models.SlideShowInfo+SlideInfo" Assembly="YetaWF.SlideShow" AssemblyFull="YetaWF.SlideShow, Version=3.0.0.0, Culture=neutral, PublicKeyToken=null">
                          <Properties>
                            <Image Value="62555e91-7978-46da-bd64-4f21617cd551,Image,8ed7bc8f-af5f-4952-90a2-9dac47235f66" />
                            <Image_Guid Value="8ed7bc8f-af5f-4952-90a2-9dac47235f66" />
                            <ThumbnailImage Value="62555e91-7978-46da-bd64-4f21617cd551,ThumbnailImage,60db0533-cecd-43ab-a0a5-6eeede0558e4" />
                            <ThumbnailImage_Guid Value="60db0533-cecd-43ab-a0a5-6eeede0558e4" />
                            <ImageTransition Value="DEFAULT" />
                            <Url />
                            <Caption Value="Caption" />
                            <CaptionTransitionIn Value="DEFAULT" />
                            <CaptionTransitionOut Value="DEFAULT" />
                            <CaptionLeft Value="10" />
                            <CaptionTop Value="20" />
                            <CaptionWidth Value="100" />
                            <CaptionHeight Value="40" />
                          </Properties>
                        </Object>
                      </Value>
                    </List>
                  </Object>
                </Slides>
                <SlideShow Value="True" />
                <DefaultTransition Value="RANDOM" />
                <Loop Value="True" />
                <AutoPlayInterval Value="3000" />
                <Hover Value="3" />
                <Orientation Value="1" />
                <BulletStyle Value="b01" />
                <BulletsAlwaysShown Value="True" />
                <BulletLocation Value="0" />
                <BulletSpacingX Value="0" />
                <BulletSpacingY Value="0" />
                <ThumbnailStyle Value="t01" />
                <ThumbsAlwaysShown Value="True" />
                <ThumbnailCount Value="5" />
                <ThumbnailLocation Value="1" />
                <ThumbnailOrientation Value="1" />
                <ThumbnailLoop Value="True" />
                <ThumbnailSpacingX Value="0" />
                <ThumbnailSpacingY Value="0" />
                <ArrowStyle Value="a01" />
                <ArrowsAlwaysShown Value="True" />
                <ArrowLocation Value="2" />
                <Captions Value="True" />
                <DefaultCaptionTransitionIn Value="{$Duration:900,x:0.6,$Easing:{$Left:$JssorEasing$.$EaseInOutSine},$Opacity:2}" />
                <DefaultCaptionTransitionOut />
              </Properties>
            </Object>
          </SlideShow>
          <Name Value="Template Test - SlideShow" />
          <Title>
            <Object Type="YetaWF.Core.Models.MultiString" Assembly="YetaWF.Core">
              <Properties />
              <Dictionary>
                <Key Value="en-US" />
                <Value Value="SlideShow Test Template" />
              </Dictionary>
            </Object>
          </Title>
          <Visible Value="True" />
          <ModuleSecurity Value="0" />
          <WantSearch Value="True" />
          <WantFocus Value="True" />
          <Description>
            <Object Type="YetaWF.Core.Models.MultiString" Assembly="YetaWF.Core">
              <Properties />
              <Dictionary>
                <Key Value="en-US" />
                <Value Value="SlideShow Test Template" />
              </Dictionary>
            </Object>
          </Description>
          <ModuleGuid Value="62555e91-7978-46da-bd64-4f21617cd551" />
          <DateCreated Value="635810499418837642" />
          <DateUpdated Value="636594370933197200" />
          <SkinDefinitions>
            <Object Type="YetaWF.Core.Serializers.SerializableList`1[[YetaWF.Core.Skins.SkinDefinition, YetaWF.Core, Culture=neutral, PublicKeyToken=null]]" Assembly="YetaWF.Core">
              <Properties />
              <List />
            </Object>
          </SkinDefinitions>
          <SelectedPopupSkin>
            <Object Type="YetaWF.Core.Skins.SkinDefinition" Assembly="YetaWF.Core">
              <Properties>
                <Collection />
                <FileName />
              </Properties>
            </Object>
          </SelectedPopupSkin>
          <CssClass />
          <TempPageCssClass />
          <BootstrapContainer Value="0" />
          <_SuppressPartialFormCss Value="False" />
          <ShowTitle Value="True" />
          <ShowTitleActions Value="False" />
          <ShowHelp Value="False" />
          <Print Value="True" />
          <ShowFormButtons Value="True" />
          <AnchorId />
          <AllowedRoles>
            <Object Type="YetaWF.Core.Serializers.SerializableList`1[[YetaWF.Core.Modules.ModuleDefinition+AllowedRole, YetaWF.Core, Culture=neutral, PublicKeyToken=null]]" Assembly="YetaWF.Core">
              <Properties />
              <List>
                <Value>
                  <Object Type="YetaWF.Core.Modules.ModuleDefinition+AllowedRole" Assembly="YetaWF.Core">
                    <Properties>
                      <RoleId Value="1000" />
                      <View Value="1" />
                      <Edit Value="1" />
                      <Remove Value="1" />
                      <Extra1 Value="1" />
                      <Extra2 Value="1" />
                      <Extra3 Value="1" />
                      <Extra4 Value="1" />
                      <Extra5 Value="1" />
                    </Properties>
                  </Object>
                </Value>
              </List>
            </Object>
          </AllowedRoles>
          <AllowedUsers>
            <Object Type="YetaWF.Core.Serializers.SerializableList`1[[YetaWF.Core.Modules.ModuleDefinition+AllowedUser, YetaWF.Core, Culture=neutral, PublicKeyToken=null]]" Assembly="YetaWF.Core">
              <Properties />
              <List />
            </Object>
          </AllowedUsers>
          <ReferencedModules>
            <Object Type="YetaWF.Core.Serializers.SerializableList`1[[YetaWF.Core.Modules.ModuleDefinition+ReferencedModule, YetaWF.Core, Culture=neutral, PublicKeyToken=null]]" Assembly="YetaWF.Core">
              <Properties />
              <List />
            </Object>
          </ReferencedModules>
        </Properties>
      </Object>
    </Value>
  </List>
</Object>