﻿<?xml version="1.0" encoding="utf-8"?>
<!--YetaWF.Core.Serializers.SerializableList`1[YetaWF.Core.Site.SiteDefinition]-->
<Object Type="YetaWF.Core.Serializers.SerializableList`1[[YetaWF.Core.Site.SiteDefinition, YetaWF.Core, Culture=neutral, PublicKeyToken=null]]" Assembly="YetaWF.Core">
  <Properties />
  <List>
    <Value>
      <Object Type="YetaWF.Core.Site.SiteDefinition" Assembly="YetaWF.Core">
        <Properties>
          <Identity Value="1000" />
          <SiteDomain Value="YetaWFDist5" />
          <SiteName Value="YetaWFDist5" />
          <PortNumber Value="-1" />
          <PortNumberSSL Value="-1" />
          <Localization Value="True" />
          <DefaultLanguageId Value="en-US" />
          <AllowAnonymousUsers Value="True" />
          <Locked Value="False" />
          <LockedForIP />
          <LockedExternalForIP />
          <LockedUrl Value="/Maintenance/Offline For Maintenance.html" />
          <AllowPopups Value="True" />
          <CssNoTooltips Value="linkpreview-show peelback" />
          <FavIcon_Data Value="" />
          <FavIconLrg_Data Value="" />
          <Country Value="United States" />
          <Currency Value="USD" />
          <CurrencyFormat Value="$ #,0.00" />
          <CurrencyDecimals Value="2" />
          <StaticPages Value="False" />
          <AllowCacheUse Value="True" />
          <Compression Value="True" />
          <CompressCSSFiles Value="True" />
          <BundleCSSFiles Value="True" />
          <BundleCSSFilesContent Value="False" />
          <CompressJSFiles Value="True" />
          <BundleJSFiles Value="True" />
          <BundleJSFilesContent Value="False" />
          <Copyright Value="YetaWF.com - © Copyright &lt;&lt;Year&gt;&gt; Softel vdm, Inc." />
          <UseCDNComponents Value="False" />
          <UseCDN Value="False" />
          <CDNUrl />
          <CDNUrlSecure />
          <CDNSiteFiles Value="False" />
          <CDNVault Value="False" />
          <CDNScriptsContent Value="False" />
          <CDNAddons Value="False" />
          <CDNAddonsCustom Value="False" />
          <CDNAddonsBundles Value="False" />
          <CDNFileImage Value="False" />
          <EmailDebug Value="False" />
          <AdminEmail Value="youremail@YetaWFDist5" />
          <SMTP>
            <Object Type="YetaWF.Core.SendEmail.SMTPServer" Assembly="YetaWF.Core">
              <Properties>
                <Server Value="mail.YetaWFDist5" />
                <Port Value="25" />
                <Authentication Value="1" />
                <UserName Value="youremail@YetaWFDist5" />
                <Password Value="somepassword" />
                <SSL Value="False" />
              </Properties>
            </Object>
          </SMTP>
          <HomePageUrl Value="/" />
          <EnforceSiteUrl Value="False" />
          <PageSecurity Value="0" />
          <NotFoundUrl Value="/Errors/404" />
          <MobileSiteUrl />
          <UnsupportedBrowserUrl Value="/Maintenance/Unsupported Browser.html" />
          <LoginUrl Value="/User/Login" />
          <ExternalAccountSetupUrl Value="/User/Setup External Account" />
          <ReferencedModules>
            <Object Type="YetaWF.Core.Serializers.SerializableList`1[[YetaWF.Core.Modules.ModuleDefinition+ReferencedModule, YetaWF.Core, Culture=neutral, PublicKeyToken=null]]" Assembly="YetaWF.Core">
              <Properties />
              <List />
            </Object>
          </ReferencedModules>
          <SelectedSkin>
            <Object Type="YetaWF.Core.Skins.SkinDefinition" Assembly="YetaWF.Core">
              <Properties>
                <Collection Value="YetaWF/BootstrapSample/BootstrapSkin" />
                <FileName Value="Default.cshtml" />
              </Properties>
            </Object>
          </SelectedSkin>
          <SelectedPopupSkin>
            <Object Type="YetaWF.Core.Skins.SkinDefinition" Assembly="YetaWF.Core">
              <Properties>
                <Collection Value="YetaWF/BootstrapSample/BootstrapSkin" />
                <FileName Value="Popup.cshtml" />
              </Properties>
            </Object>
          </SelectedPopupSkin>
          <FormErrorsImmed Value="False" />
          <jQueryUISkin Value="Start" />
          <KendoUISkin Value="Blue Opal" />
          <TabStyle Value="0" />
          <PublicKey Value="&lt;RSAKeyValue&gt;&lt;Modulus&gt;sOqndQNrz5d3WzY7Tb4NajyhwnmIgiUSs23KvWM3/45irYF0JexmvD9L3aMc8pEP7ZekN4fjVWs3bU0kmQWFXp6UFua+d4R9WHNeWFTHTlNy3fNSIT4LVfqDYMD3wlvnqmMd8NvSB/ASpuEhmF10pGqLYPP+2wIpMGVro2wGUQ0=&lt;/Modulus&gt;&lt;Exponent&gt;AQAB&lt;/Exponent&gt;&lt;/RSAKeyValue&gt;" />
          <PrivateKey Value="&lt;RSAKeyValue&gt;&lt;Modulus&gt;sOqndQNrz5d3WzY7Tb4NajyhwnmIgiUSs23KvWM3/45irYF0JexmvD9L3aMc8pEP7ZekN4fjVWs3bU0kmQWFXp6UFua+d4R9WHNeWFTHTlNy3fNSIT4LVfqDYMD3wlvnqmMd8NvSB/ASpuEhmF10pGqLYPP+2wIpMGVro2wGUQ0=&lt;/Modulus&gt;&lt;Exponent&gt;AQAB&lt;/Exponent&gt;&lt;P&gt;6bemtENr8woW8IGid1xanTP7ZN+poabBnhqa8LqwIWxeWY2Buz5cVHcoC7UvJk0LBG+JyzjSNUaOtaXOdl7aWw==&lt;/P&gt;&lt;Q&gt;wciqG0s89/EY04sqjf03HG1d+WPsmjnnyVfpCNrP4iyFR3SQySRMzhdDHGoAkVrgQJsRwVlr9CZUEpNJyPnOtw==&lt;/Q&gt;&lt;DP&gt;mHncJFaoIpM+jAHHAKAb7dtv80uH25JzVrZ8xvjE18lfdIVBUetJSUHDun+mFxLEUUyDVTXoziEOEavumoMfaQ==&lt;/DP&gt;&lt;DQ&gt;mnXmESdhi4gjb8sHunHRUdljBHw/hZcOSBDIcQRomzE9cv1YwtsqVUN5fNaJaVL0WMrB1kn+oHdEoCHCuG1V9Q==&lt;/DQ&gt;&lt;InverseQ&gt;K7FJnOrJg/u6E9tQ54ae6e59tWjGEXHHr5Tilh44y5nbmwcxjZ4vcZH6wQPibLL3ZyPiXbXxlVEeyGBOyi7RpA==&lt;/InverseQ&gt;&lt;D&gt;Iy4GLpaHkbgk29Zk5IiuUjnMUMeqBXcpyNRERHS+ZesCZE4hsojXxQcxJtmQoAuIh05oMUKsSggP9YQpiuQ2KM2NWQ6zSvnrj/uM047v21ka+KpLQgkkQzzbVYuwVlEJGSzwLb5lPwzPBrE7cWPG2epDOP3f8zCGAUkJC/POdGE=&lt;/D&gt;&lt;/RSAKeyValue&gt;" />
          <Analytics />
          <AnalyticsContent />
          <GoogleVerification />
          <ExtraHead />
          <ExtraBodyTop />
          <ExtraBodyBottom />
          <UseGeoLocation Value="False" />
          <SiteMetaTags />
          <PageMetaTags />
          <SiteMapPriority Value="50" />
          <DefaultChangeFrequency Value="4" />
        </Properties>
      </Object>
    </Value>
  </List>
</Object>