{
  "PackageName": "YetaWF.ImageRepository",
  "PackageVersion": "5.1.0",
  "Roles": [
    {
      "RoleName": "Superuser",
      "RoleId": 997
    },
    {
      "RoleName": "Administrator",
      "RoleId": 1000
    },
    {
      "RoleName": "Editor",
      "RoleId": 1001
    },
    {
      "RoleName": "User",
      "RoleId": 998
    },
    {
      "RoleName": "User (two-step authentication setup required)",
      "RoleId": 996
    },
    {
      "RoleName": "Anonymous",
      "RoleId": 999
    }
  ],
  "Users": [],
  "Data": [
    {
      "Class": "CKEBrowseFlashModuleDataProvider",
      "Chunks": 1,
      "Files": []
    },
    {
      "Class": "CKEBrowseImagesModuleDataProvider",
      "Chunks": 1,
      "Files": []
    },
    {
      "Class": "CKEBrowsePageModuleDataProvider",
      "Chunks": 1,
      "Files": []
    },
    {
      "Class": "TemplateTestModuleDataProvider",
      "Chunks": 1,
      "Files": [
        {
          "FileName": "\\YetaWF_Modules\\ea57e23f-041f-497f-8521-2d03f5d13781_Data\\Flash\\header.swf",
          "FileDate": "2017-07-18T16:47:29.4133128Z",
          "SiteSpecific": true
        },
        {
          "FileName": "\\YetaWF_Modules\\ea57e23f-041f-497f-8521-2d03f5d13781_Data\\Images\\logo_123x63.png",
          "FileDate": "2018-11-23T21:22:51.7597225Z",
          "SiteSpecific": true
        },
        {
          "FileName": "\\YetaWF_Modules\\ea57e23f-041f-497f-8521-2d03f5d13781_Data\\Images\\logo_123x63.webp-gen",
          "FileDate": "2019-10-01T22:26:38.8251985Z",
          "SiteSpecific": true
        },
        {
          "FileName": "\\YetaWF_Modules\\ea57e23f-041f-497f-8521-2d03f5d13781_Data\\Images\\Site.jpg",
          "FileDate": "2017-07-18T16:47:29.5130203Z",
          "SiteSpecific": true
        },
        {
          "FileName": "\\YetaWF_Modules\\ea57e23f-041f-497f-8521-2d03f5d13781_Data\\Images\\Site.webp-gen",
          "FileDate": "2019-10-01T22:26:38.8262021Z",
          "SiteSpecific": true
        },
        {
          "FileName": "\\YetaWF_Modules\\ea57e23f-041f-497f-8521-2d03f5d13781_Data\\Images\\YetAnotherWebD27aR00aP01ZL_mdm.jpg",
          "FileDate": "2018-04-15T20:35:41.9160876Z",
          "SiteSpecific": true
        },
        {
          "FileName": "\\YetaWF_Modules\\ea57e23f-041f-497f-8521-2d03f5d13781_Data\\Images\\YetAnotherWebD27aR00aP01ZL_mdm.webp-gen",
          "FileDate": "2019-10-01T22:26:38.8281986Z",
          "SiteSpecific": true
        }
      ]
    }
  ]
}