{
  "$type": "YetaWF.Core.Serializers.SerializableList`1[[YetaWF.Modules.DevTests.Modules.TemplatePropertyListModule, YetaWF.DevTests]], YetaWF.Core",
  "$values": [
    {
      "$type": "YetaWF.Modules.DevTests.Modules.TemplatePropertyListModule, YetaWF.DevTests",
      "Name": "PropertyList Template",
      "Title": {
        "$type": "YetaWF.Core.Models.MultiString, YetaWF.Core",
        "en-US": "PropertyList"
      },
      "Visible": true,
      "ModuleSecurity": 0,
      "WantSearch": true,
      "WantFocus": true,
      "ModuleGuid": "3a049b02-56df-4fc5-bcdb-66359370fadc",
      "DateCreated": "2020-03-08T18:33:51.1153808",
      "DateUpdated": "2020-03-14T00:55:33.8173267",
      "SkinDefinitions": {
        "$type": "YetaWF.Core.Serializers.SerializableList`1[[YetaWF.Core.Skins.SkinDefinition, YetaWF.Core]], YetaWF.Core",
        "$values": [
          {
            "$type": "YetaWF.Core.Skins.SkinDefinition, YetaWF.Core",
            "Collection": "YetaWF/BootstrapSkin/BootstrapSkin",
            "FileName": "modStandard"
          },
          {
            "$type": "YetaWF.Core.Skins.SkinDefinition, YetaWF.Core",
            "Collection": "YetaWF/DefaultSkin/DefaultSkin",
            "FileName": "modStandard"
          },
          {
            "$type": "YetaWF.Core.Skins.SkinDefinition, YetaWF.Core",
            "Collection": "YetaWF/IVRSkin/IVRSkin",
            "FileName": "modStandard"
          },
          {
            "$type": "YetaWF.Core.Skins.SkinDefinition, YetaWF.Core",
            "Collection": "LinksWithPics/LinksWithPicsBSSkin/LinksWithPics",
            "FileName": "modStandard"
          },
          {
            "$type": "YetaWF.Core.Skins.SkinDefinition, YetaWF.Core",
            "Collection": "Softelvdm/MikevdmSkin2/Mikevdm2",
            "FileName": "modStandard"
          },
          {
            "$type": "YetaWF.Core.Skins.SkinDefinition, YetaWF.Core",
            "Collection": "YetaWF/Core/Standard",
            "FileName": "modStandard"
          },
          {
            "$type": "YetaWF.Core.Skins.SkinDefinition, YetaWF.Core",
            "Collection": "Softelvdm/YetaWF2Skin/YetaWF2",
            "FileName": "modStandard"
          }
        ]
      },
      "SelectedPopupSkin": {
        "$type": "YetaWF.Core.Skins.SkinDefinition, YetaWF.Core",
        "Collection": null,
        "FileName": "Popup"
      },
      "CssClass": null,
      "TempPageCssClass": null,
      "_SuppressPartialFormCss": true,
      "ShowTitle": true,
      "ShowTitleActions": true,
      "ShowHelp": false,
      "HelpURL": null,
      "Print": true,
      "ShowFormButtons": true,
      "AnchorId": null,
      "FormAutoComplete": false,
      "AllowedRoles": {
        "$type": "YetaWF.Core.Serializers.SerializableList`1[[YetaWF.Core.Modules.ModuleDefinition+AllowedRole, YetaWF.Core]], YetaWF.Core",
        "$values": [
          {
            "$type": "YetaWF.Core.Modules.ModuleDefinition+AllowedRole, YetaWF.Core",
            "RoleId": 1000,
            "View": 1,
            "Edit": 1,
            "Remove": 1,
            "Extra1": 0,
            "Extra2": 0,
            "Extra3": 0,
            "Extra4": 0,
            "Extra5": 0
          },
          {
            "$type": "YetaWF.Core.Modules.ModuleDefinition+AllowedRole, YetaWF.Core",
            "RoleId": 999,
            "View": 0,
            "Edit": 0,
            "Remove": 0,
            "Extra1": 0,
            "Extra2": 0,
            "Extra3": 0,
            "Extra4": 0,
            "Extra5": 0
          },
          {
            "$type": "YetaWF.Core.Modules.ModuleDefinition+AllowedRole, YetaWF.Core",
            "RoleId": 1001,
            "View": 0,
            "Edit": 0,
            "Remove": 0,
            "Extra1": 0,
            "Extra2": 0,
            "Extra3": 0,
            "Extra4": 0,
            "Extra5": 0
          },
          {
            "$type": "YetaWF.Core.Modules.ModuleDefinition+AllowedRole, YetaWF.Core",
            "RoleId": 997,
            "View": 0,
            "Edit": 0,
            "Remove": 0,
            "Extra1": 0,
            "Extra2": 0,
            "Extra3": 0,
            "Extra4": 0,
            "Extra5": 0
          },
          {
            "$type": "YetaWF.Core.Modules.ModuleDefinition+AllowedRole, YetaWF.Core",
            "RoleId": 998,
            "View": 0,
            "Edit": 0,
            "Remove": 0,
            "Extra1": 0,
            "Extra2": 0,
            "Extra3": 0,
            "Extra4": 0,
            "Extra5": 0
          },
          {
            "$type": "YetaWF.Core.Modules.ModuleDefinition+AllowedRole, YetaWF.Core",
            "RoleId": 996,
            "View": 0,
            "Edit": 0,
            "Remove": 0,
            "Extra1": 0,
            "Extra2": 0,
            "Extra3": 0,
            "Extra4": 0,
            "Extra5": 0
          }
        ]
      },
      "AllowedUsers": {
        "$type": "YetaWF.Core.Serializers.SerializableList`1[[YetaWF.Core.Modules.ModuleDefinition+AllowedUser, YetaWF.Core]], YetaWF.Core",
        "$values": []
      },
      "ReferencedModules": {
        "$type": "YetaWF.Core.Serializers.SerializableList`1[[YetaWF.Core.Modules.ModuleDefinition+ReferencedModule, YetaWF.Core]], YetaWF.Core",
        "$values": []
      }
    }
  ]
}