{
  "$type": "YetaWF.Core.Serializers.SerializableList`1[[YetaWF.Core.Site.SiteDefinition, YetaWF.Core]], YetaWF.Core",
  "$values": [
    {
      "$type": "YetaWF.Core.Site.SiteDefinition, YetaWF.Core",
      "Identity": 1000,
      "SiteDomain": "YetaWFDist5",
      "SiteTestDomain": null,
      "SiteName": "YetaWFDist5",
      "EnforceSiteUrl": false,
      "PageSecurity": 0,
      "EnforceSitePort": false,
      "PortNumber": 80,
      "PortNumberSSL": 443,
      "Localization": true,
      "DefaultLanguageId": "en-US",
      "AllowAnonymousUsers": true,
      "Locked": false,
      "LockedForIP": null,
      "LockedExternalForIP": null,
      "LockedUrl": "/Maintenance/Offline For Maintenance.html",
      "AllowPopups": true,
      "CssNoTooltips": "linkpreview-show peelback",
      "FavIcon_Data": {
        "$type": "System.Byte[], System.Private.CoreLib",
        "$value": ""
      },
      "FavIconLrg_Data": {
        "$type": "System.Byte[], System.Private.CoreLib",
        "$value": ""
      },
      "Country": "United States",
      "TimeZone": "Eastern Standard Time",
      "Currency": "USD",
      "CurrencyFormat": "$ #,0.00",
      "CurrencyDecimals": 2,
      "StaticPages": false,
      "AllowCacheUse": true,
      "Compression": true,
      "CompressCSSFiles": true,
      "BundleCSSFiles": true,
      "CssLocation": 1,
      "CompressJSFiles": true,
      "BundleJSFiles": true,
      "JSLocation": 1,
      "DisableMinimizeFUOC": false,
      "IFrameUse": 0,
      "Copyright": "YetaWF.com - © Copyright <<Year>> Softel vdm, Inc.",
      "UseCDNComponents": false,
      "UseCDN": false,
      "CDNUrl": null,
      "CDNUrlSecure": null,
      "StaticDomain": null,
      "EmailDebug": false,
      "AdminEmail": "youremail@YetaWFDist5",
      "SMTP": {
        "$type": "YetaWF.Core.SendEmail.SMTPServer, YetaWF.Core",
        "Server": "mail.YetaWFDist5",
        "Port": 25,
        "Authentication": 1,
        "UserName": "youremail@YetaWFDist5",
        "Password": "somepassword",
        "SSL": false
      },
      "HomePageUrl": "/",
      "NotFoundUrl": "/Errors/404",
      "MobileSiteUrl": null,
      "UnsupportedBrowserUrl": "/Maintenance/Unsupported Browser.html",
      "LoginUrl": "/User/Login",
      "PostLoginUrl": null,
      "ExternalAccountSetupUrl": "/User/Setup External Account",
      "ReferencedModules": {
        "$type": "YetaWF.Core.Serializers.SerializableList`1[[YetaWF.Core.Modules.ModuleDefinition+ReferencedModule, YetaWF.Core]], YetaWF.Core",
        "$values": [
          {
            "$type": "YetaWF.Core.Modules.ModuleDefinition+ReferencedModule, YetaWF.Core",
            "ModuleGuid": "466c0cca-3e63-43f3-8754-f4267767eed1"
          },
          {
            "$type": "YetaWF.Core.Modules.ModuleDefinition+ReferencedModule, YetaWF.Core",
            "ModuleGuid": "267f00cc-c619-4854-baed-9e4b812d7e95"
          }
        ]
      },
      "SelectedSkin": {
        "$type": "YetaWF.Core.Skins.SkinDefinition, YetaWF.Core",
        "Collection": "YetaWF/DefaultSkin/DefaultSkin",
        "FileName": "Default"
      },
      "SelectedPopupSkin": {
        "$type": "YetaWF.Core.Skins.SkinDefinition, YetaWF.Core",
        "Collection": "YetaWF/DefaultSkin/DefaultSkin",
        "FileName": "Popup"
      },
      "MessageType": 11,
      "FormErrorsImmed": false,
      "BootstrapSkin": "Bootstrap Default",
      "jQueryUISkin": "Start",
      "KendoUISkin": "Blue Opal",
      "TabStyle": 0,
      "PublicKey": "<RSAKeyValue><Modulus>r9Gos+OTYEXKf5oNveZQi6z/uzkvRdXWUHSy8cd37CgAS1toEC5fQrIPK+mPkkrORZrHbIqP+fkQwDa9nr+IXxDMwUC4J817x7k5HPYDwWg7QRARtaveirjxXs5FnZyJys4hjKGyqsIuWOlmf8pI1WhVHpTbL2RQXDxAIet/zqE=</Modulus><Exponent>AQAB</Exponent><P></P><Q></Q><DP></DP><DQ></DQ><InverseQ></InverseQ><D></D></RSAKeyValue>",
      "PrivateKey": "<RSAKeyValue><Modulus>r9Gos+OTYEXKf5oNveZQi6z/uzkvRdXWUHSy8cd37CgAS1toEC5fQrIPK+mPkkrORZrHbIqP+fkQwDa9nr+IXxDMwUC4J817x7k5HPYDwWg7QRARtaveirjxXs5FnZyJys4hjKGyqsIuWOlmf8pI1WhVHpTbL2RQXDxAIet/zqE=</Modulus><Exponent>AQAB</Exponent><P>4ISDvRs1onhrF0oy7oI0DFwswXf8didLuBM0/eAqThw3eATaVNpHmz0yyfoJsHmLGju4/GrmPiWP3U5Ey94D1w==</P><Q>yHkDluKdmkVvUEtV4+9ZjcFi6Ja6OvOa81V2Jxpncsmh+IvFNR24mcq2BGNLJxbY4QWJMX63OkuvA26Zj6FyRw==</Q><DP>pwaORvneDc9NxBbECyG7/NH5zbgojfGv5/IKAzBn6JIfRd8+Wc/FY5zEkvO7j5jsPgjeFpKkVOl2vGnEznGNIw==</DP><DQ>LHbq3OSWoEkWT3DmNBA6hL6H+Z603654h9BEzJeGqmcejcoyi310HGhhxsdfO+RNZlub+mZorX1r7A7z8G+WsQ==</DQ><InverseQ>E+vItXPNLB2gVG25TZbIAjoQfJr6yk7us5by0jUvg3uFBwE1UtI3JwB0Ysd2waK4lZYBmNtJ8JBN8oruS8WEAw==</InverseQ><D>JrvDtM3AHAeEExR3Toy81eio9jAk7/eqHVN4ULem/cnaNr/ObzIoHmNn4D62OH5ubvsoUAs+qM1sGUx1/dEoU5uZFaPHcPXqQawoo2wqu2r/M6PLqSzJiQzKPvpe5B/hQD1ivjjqEMTD4RKztFiAtcxYAchUE9eo8ajFhE7nJJk=</D></RSAKeyValue>",
      "Analytics": null,
      "AnalyticsContent": null,
      "GoogleVerification": null,
      "ExtraHead": null,
      "ExtraBodyTop": null,
      "ExtraBodyBottom": null,
      "UseGeoLocation": false,
      "SiteMetaTags": null,
      "PageMetaTags": null,
      "DefaultSiteMap": false,
      "SiteMapPriority": 50,
      "DefaultChangeFrequency": 4
    }
  ]
}