{
  "$type": "YetaWF.Core.Serializers.SerializableList`1[[YetaWF.Core.Site.SiteDefinition, YetaWF.Core]], YetaWF.Core",
  "$values": [
    {
      "$type": "YetaWF.Core.Site.SiteDefinition, YetaWF.Core",
      "Identity": 1000,
      "SiteDomain": "YetaWFDist5",
      "SiteTestDomain": null,
      "SiteName": "YetaWFDist5",
      "EnforceSiteUrl": false,
      "PageSecurity": 0,
      "EnforceSitePort": false,
      "PortNumber": 80,
      "PortNumberSSL": 443,
      "Localization": true,
      "DefaultLanguageId": "en-US",
      "AllowAnonymousUsers": true,
      "Locked": false,
      "LockedForIP": null,
      "LockedExternalForIP": null,
      "LockedUrl": "/Maintenance/Offline For Maintenance.html",
      "AllowPopups": true,
      "CssNoTooltips": "linkpreview-show peelback",
      "FavIcon_Data": {
        "$type": "System.Byte[], System.Private.CoreLib",
        "$value": ""
      },
      "FavIconLrg_Data": {
        "$type": "System.Byte[], System.Private.CoreLib",
        "$value": ""
      },
      "Country": "United States",
      "TimeZone": null,
      "Currency": "USD",
      "CurrencyFormat": "$ #,0.00",
      "CurrencyDecimals": 2,
      "StaticPages": false,
      "AllowCacheUse": true,
      "Compression": true,
      "CompressCSSFiles": true,
      "BundleCSSFiles": true,
      "CssLocation": 1,
      "CompressJSFiles": true,
      "BundleJSFiles": true,
      "JSLocation": 1,
      "DisableMinimizeFUOC": false,
      "IFrameUse": 0,
      "Copyright": "YetaWF.com - © Copyright <<Year>> Softel vdm, Inc.",
      "UseCDNComponents": false,
      "UseCDN": false,
      "CDNUrl": null,
      "CDNUrlSecure": null,
      "StaticDomain": null,
      "EmailDebug": false,
      "AdminEmail": "youremail@YetaWFDist5",
      "SMTP": {
        "$type": "YetaWF.Core.SendEmail.SMTPServer, YetaWF.Core",
        "Server": "mail.YetaWFDist5",
        "Port": 25,
        "Authentication": 1,
        "UserName": "youremail@YetaWFDist5",
        "Password": "somepassword",
        "SSL": false
      },
      "HomePageUrl": "/",
      "NotFoundUrl": "/Errors/404",
      "MobileSiteUrl": null,
      "UnsupportedBrowserUrl": "/Maintenance/Unsupported Browser.html",
      "LoginUrl": "/User/Login",
      "PostLoginUrl": null,
      "ExternalAccountSetupUrl": "/User/Setup External Account",
      "ReferencedModules": {
        "$type": "YetaWF.Core.Serializers.SerializableList`1[[YetaWF.Core.Modules.ModuleDefinition+ReferencedModule, YetaWF.Core]], YetaWF.Core",
        "$values": [
          {
            "$type": "YetaWF.Core.Modules.ModuleDefinition+ReferencedModule, YetaWF.Core",
            "ModuleGuid": "466c0cca-3e63-43f3-8754-f4267767eed1"
          },
          {
            "$type": "YetaWF.Core.Modules.ModuleDefinition+ReferencedModule, YetaWF.Core",
            "ModuleGuid": "267f00cc-c619-4854-baed-9e4b812d7e95"
          }
        ]
      },
      "SelectedSkin": {
        "$type": "YetaWF.Core.Skins.SkinDefinition, YetaWF.Core",
        "Collection": "YetaWF/DefaultSkin/DefaultSkin",
        "FileName": "Default"
      },
      "SelectedPopupSkin": {
        "$type": "YetaWF.Core.Skins.SkinDefinition, YetaWF.Core",
        "Collection": "YetaWF/DefaultSkin/DefaultSkin",
        "FileName": "Popup"
      },
      "MessageType": 0,
      "FormErrorsImmed": false,
      "BootstrapSkin": "Bootstrap Default",
      "jQueryUISkin": "Start",
      "KendoUISkin": "Blue Opal",
      "TabStyle": 0,
      "PublicKey": "<RSAKeyValue><Modulus>yzcjIEshjQjR8Apv3cWZ9tWhegvZuMp8V/PCv9QLtnM0g1qn0z1VLMb/PvyePdndFO7/g/BNy0+TWXy0d72G6OjayGxt7sdMoTF4coDmhWvng3svG2A40aBkTOmoln4wTbZLaXraiN9mBTgTDMlU1Es9biQTvsDhRlbayAXGK70=</Modulus><Exponent>AQAB</Exponent><P></P><Q></Q><DP></DP><DQ></DQ><InverseQ></InverseQ><D></D></RSAKeyValue>",
      "PrivateKey": "<RSAKeyValue><Modulus>yzcjIEshjQjR8Apv3cWZ9tWhegvZuMp8V/PCv9QLtnM0g1qn0z1VLMb/PvyePdndFO7/g/BNy0+TWXy0d72G6OjayGxt7sdMoTF4coDmhWvng3svG2A40aBkTOmoln4wTbZLaXraiN9mBTgTDMlU1Es9biQTvsDhRlbayAXGK70=</Modulus><Exponent>AQAB</Exponent><P>+QW8L8R5BwUf6ViIQYz7wKPWPz1DAaPJtXDzStU1NGkuSCGPuIZz+44Vn4ej67sDbq408cPbwvXPjiIBcx2Kew==</P><Q>0OjSxZ6/2j7DQMgUjdQmscQM5Pt5HtPnQrlv/8QCkakejk4PgY9a4whl8YTD/lTjwZ4gNv7hChpoMIga7YtJJw==</Q><DP>itWRt6f4Odu3kOcVAEbTzPEK77L9+poQSSIx4hTAVvoVHY3ojN4ZJ7RthcWftDtNjJV/WxLxIN7e2sVGvaFIpQ==</DP><DQ>P75a2bvntFMkRrcGNoR+Tg2RFal5uqNT1DM67mLDmehtj2RYLOMuC0o7uOcW2prSZ/i0wbMhvXBzTCOre8HdTw==</DQ><InverseQ>c59EkJ1IuP/rx4/+0YJF2tKNlJug6KubzKU6jsJlibkXKlJyU39uPKIJ+tKojXETfZ1yfzy7tf/jwYwIQ+fvFA==</InverseQ><D>Qw939QE2Gi+N8BPRpLK/wzfuaLMebx/K9s9HNjyIfPX5n1s8RLZZtEQbGTMOGUUa8vyHr4eOdIhXDNHdUCJoMT8AH1qMW0iFHAiaULebV/UTy9rGxNnqJpe9PL4zuUMzC4DULCNBiEwaMMfAponTWhdo9qCAtA88rv9EGHCNhXU=</D></RSAKeyValue>",
      "Analytics": null,
      "AnalyticsContent": null,
      "GoogleVerification": null,
      "ExtraHead": null,
      "ExtraBodyTop": null,
      "ExtraBodyBottom": null,
      "UseGeoLocation": false,
      "SiteMetaTags": null,
      "PageMetaTags": null,
      "DefaultSiteMap": false,
      "SiteMapPriority": 50,
      "DefaultChangeFrequency": 4
    }
  ]
}