{
  "$type": "YetaWF.Core.Serializers.SerializableList`1[[YetaWF.Core.Site.SiteDefinition, YetaWF.Core]], YetaWF.Core",
  "$values": [
    {
      "$type": "YetaWF.Core.Site.SiteDefinition, YetaWF.Core",
      "Identity": 1000,
      "SiteDomain": "YetaWFDist5",
      "SiteTestDomain": null,
      "SiteName": "YetaWFDist5",
      "EnforceSiteUrl": false,
      "PageSecurity": 0,
      "EnforceSitePort": false,
      "PortNumber": 80,
      "PortNumberSSL": 443,
      "Localization": true,
      "DefaultLanguageId": "en-US",
      "AllowAnonymousUsers": true,
      "Locked": false,
      "LockedForIP": null,
      "LockedExternalForIP": null,
      "LockedUrl": "/Maintenance/Offline For Maintenance.html",
      "AllowPopups": true,
      "CssNoTooltips": "linkpreview-show peelback",
      "FavIcon_Data": {
        "$type": "System.Byte[], System.Private.CoreLib",
        "$value": ""
      },
      "FavIconLrg_Data": {
        "$type": "System.Byte[], System.Private.CoreLib",
        "$value": ""
      },
      "Country": "United States",
      "TimeZone": null,
      "Currency": "USD",
      "CurrencyFormat": "$ #,0.00",
      "CurrencyDecimals": 2,
      "StaticPages": false,
      "AllowCacheUse": true,
      "Compression": true,
      "CompressCSSFiles": true,
      "BundleCSSFiles": true,
      "CssLocation": 1,
      "CompressJSFiles": true,
      "BundleJSFiles": true,
      "JSLocation": 1,
      "DisableMinimizeFUOC": false,
      "IFrameUse": 0,
      "Copyright": "YetaWF.com - © Copyright <<Year>> Softel vdm, Inc.",
      "UseCDNComponents": false,
      "UseCDN": false,
      "CDNUrl": null,
      "CDNUrlSecure": null,
      "StaticDomain": null,
      "EmailDebug": false,
      "AdminEmail": "youremail@YetaWFDist5",
      "SMTP": {
        "$type": "YetaWF.Core.SendEmail.SMTPServer, YetaWF.Core",
        "Server": "mail.YetaWFDist5",
        "Port": 25,
        "Authentication": 1,
        "UserName": "youremail@YetaWFDist5",
        "Password": "somepassword",
        "SSL": false
      },
      "HomePageUrl": "/",
      "NotFoundUrl": "/Errors/404",
      "MobileSiteUrl": null,
      "UnsupportedBrowserUrl": "/Maintenance/Unsupported Browser.html",
      "LoginUrl": "/User/Login",
      "PostLoginUrl": null,
      "ExternalAccountSetupUrl": "/User/Setup External Account",
      "ReferencedModules": {
        "$type": "YetaWF.Core.Serializers.SerializableList`1[[YetaWF.Core.Modules.ModuleDefinition+ReferencedModule, YetaWF.Core]], YetaWF.Core",
        "$values": [
          {
            "$type": "YetaWF.Core.Modules.ModuleDefinition+ReferencedModule, YetaWF.Core",
            "ModuleGuid": "466c0cca-3e63-43f3-8754-f4267767eed1"
          },
          {
            "$type": "YetaWF.Core.Modules.ModuleDefinition+ReferencedModule, YetaWF.Core",
            "ModuleGuid": "267f00cc-c619-4854-baed-9e4b812d7e95"
          }
        ]
      },
      "SelectedSkin": {
        "$type": "YetaWF.Core.Skins.SkinDefinition, YetaWF.Core",
        "Collection": "YetaWF/DefaultSkin/DefaultSkin",
        "FileName": "Default"
      },
      "SelectedPopupSkin": {
        "$type": "YetaWF.Core.Skins.SkinDefinition, YetaWF.Core",
        "Collection": "YetaWF/DefaultSkin/DefaultSkin",
        "FileName": "Popup"
      },
      "MessageType": 11,
      "FormErrorsImmed": false,
      "BootstrapSkin": "Bootstrap Default",
      "jQueryUISkin": "Start",
      "KendoUISkin": "Blue Opal",
      "TabStyle": 0,
      "PublicKey": "<RSAKeyValue><Modulus>4ZwcvGmJW73JAujkP8jXsgajvcZq04o7esi1UF5Eq2BcC24dQK9lBxi1vETQYRzygPehAX/w6VKtTLVjIY621nZBkZ5LnmriMye+Ek2AcEYjTJVEk/hPI4CD7M2/L5sM+87d924bzsGr/D/quY1A/0Do55lnZMXxjqpHIZCcs5E=</Modulus><Exponent>AQAB</Exponent><P></P><Q></Q><DP></DP><DQ></DQ><InverseQ></InverseQ><D></D></RSAKeyValue>",
      "PrivateKey": "<RSAKeyValue><Modulus>4ZwcvGmJW73JAujkP8jXsgajvcZq04o7esi1UF5Eq2BcC24dQK9lBxi1vETQYRzygPehAX/w6VKtTLVjIY621nZBkZ5LnmriMye+Ek2AcEYjTJVEk/hPI4CD7M2/L5sM+87d924bzsGr/D/quY1A/0Do55lnZMXxjqpHIZCcs5E=</Modulus><Exponent>AQAB</Exponent><P>90z9xKeibjxEx5rCyEEpCEGApYnvR7FnnawuSlPWVCUJMmHF6lJwEm6usyBV/CN2OWivLWY2lW66FbfDzxH1Bw==</P><Q>6YvJ0lWxZDDdN1Mp216WO4hUM19TMoRM6rHlRPDiMHc9fkORlrAc0s6neQH4zva/F+w/Ur414QHAtpaTLrBEpw==</Q><DP>RmLec4N24sM6nEk7GT4ajKQAFp2cwh4HLMRd5H/aJ9bmuDVF3HycM1LXXFpevsXlF0/pVBWcgYmjYx0LmTs2Lw==</DP><DQ>39l8uH4qaT3syvqLRBiFJsqk6hiURfdJQisA9fNs2cdwyXU6NpTXC7fIDdQ2Bym6P9PRXh2yxthHPrtUl4ucQQ==</DQ><InverseQ>a7rNE8uggsOXj0/umCpY3+KmlBRIG3CbQKa3uJ2dtDf/NyswOU25WwrKJf8wrRE5jjFCEDzV/oj89DkLRf1JJQ==</InverseQ><D>ZG8x37J/woaHULNKwRZw50DLbfVBozB7cBqflMqSeVRpRXFctmoeaH1Ykhp0RXc0gbM7SsahAc2bdnWdTtgQjiyBPMbp1I1wOBZaKxon+8TW/VWttWaUffEcMEz/CbrEq+xrOs67GrW90FMoOlZ6HBV6Yz8asB38kVKUqeGcPv0=</D></RSAKeyValue>",
      "Analytics": null,
      "AnalyticsContent": null,
      "GoogleVerification": null,
      "ExtraHead": null,
      "ExtraBodyTop": null,
      "ExtraBodyBottom": null,
      "UseGeoLocation": false,
      "SiteMetaTags": null,
      "PageMetaTags": null,
      "DefaultSiteMap": false,
      "SiteMapPriority": 50,
      "DefaultChangeFrequency": 4
    }
  ]
}