{
  "$type": "YetaWF.Core.Serializers.SerializableList`1[[YetaWF.Core.Site.SiteDefinition, YetaWF.Core]], YetaWF.Core",
  "$values": [
    {
      "$type": "YetaWF.Core.Site.SiteDefinition, YetaWF.Core",
      "Identity": 1000,
      "SiteDomain": "YetaWFDist5",
      "SiteTestDomain": null,
      "SiteName": "YetaWFDist5",
      "EnforceSiteUrl": false,
      "PageSecurity": 0,
      "EnforceSitePort": false,
      "PortNumber": 80,
      "PortNumberSSL": 443,
      "Localization": true,
      "DefaultLanguageId": "en-US",
      "AllowAnonymousUsers": true,
      "Locked": false,
      "LockedForIP": null,
      "LockedExternalForIP": null,
      "LockedUrl": "/Maintenance/Offline For Maintenance.html",
      "AllowPopups": true,
      "CssNoTooltips": "linkpreview-show peelback",
      "FavIcon_Data": {
        "$type": "System.Byte[], System.Private.CoreLib",
        "$value": ""
      },
      "FavIconLrg_Data": {
        "$type": "System.Byte[], System.Private.CoreLib",
        "$value": ""
      },
      "Country": "United States",
      "TimeZone": null,
      "Currency": "USD",
      "CurrencyFormat": "$ #,0.00",
      "CurrencyDecimals": 2,
      "StaticPages": false,
      "AllowCacheUse": true,
      "Compression": true,
      "CompressCSSFiles": true,
      "BundleCSSFiles": true,
      "CssLocation": 1,
      "CompressJSFiles": true,
      "BundleJSFiles": true,
      "JSLocation": 1,
      "DisableMinimizeFUOC": false,
      "IFrameUse": 0,
      "Copyright": "YetaWF.com - © Copyright <<Year>> Softel vdm, Inc.",
      "UseCDNComponents": false,
      "UseCDN": false,
      "CDNUrl": null,
      "CDNUrlSecure": null,
      "StaticDomain": null,
      "EmailDebug": false,
      "AdminEmail": "youremail@YetaWFDist5",
      "SMTP": {
        "$type": "YetaWF.Core.SendEmail.SMTPServer, YetaWF.Core",
        "Server": "mail.YetaWFDist5",
        "Port": 25,
        "Authentication": 1,
        "UserName": "youremail@YetaWFDist5",
        "Password": "somepassword",
        "SSL": false
      },
      "HomePageUrl": "/",
      "NotFoundUrl": "/Errors/404",
      "MobileSiteUrl": null,
      "UnsupportedBrowserUrl": "/Maintenance/Unsupported Browser.html",
      "LoginUrl": "/User/Login",
      "PostLoginUrl": null,
      "ExternalAccountSetupUrl": "/User/Setup External Account",
      "ReferencedModules": {
        "$type": "YetaWF.Core.Serializers.SerializableList`1[[YetaWF.Core.Modules.ModuleDefinition+ReferencedModule, YetaWF.Core]], YetaWF.Core",
        "$values": [
          {
            "$type": "YetaWF.Core.Modules.ModuleDefinition+ReferencedModule, YetaWF.Core",
            "ModuleGuid": "466c0cca-3e63-43f3-8754-f4267767eed1"
          },
          {
            "$type": "YetaWF.Core.Modules.ModuleDefinition+ReferencedModule, YetaWF.Core",
            "ModuleGuid": "267f00cc-c619-4854-baed-9e4b812d7e95"
          }
        ]
      },
      "SelectedSkin": {
        "$type": "YetaWF.Core.Skins.SkinDefinition, YetaWF.Core",
        "Collection": "YetaWF/DefaultSkin/DefaultSkin",
        "FileName": "Default"
      },
      "SelectedPopupSkin": {
        "$type": "YetaWF.Core.Skins.SkinDefinition, YetaWF.Core",
        "Collection": "YetaWF/DefaultSkin/DefaultSkin",
        "FileName": "Popup"
      },
      "MessageType": 11,
      "FormErrorsImmed": false,
      "BootstrapSkin": "Bootstrap Default",
      "jQueryUISkin": "Start",
      "KendoUISkin": "Blue Opal",
      "TabStyle": 0,
      "PublicKey": "<RSAKeyValue><Modulus>yHEsvB25w8m9J5wb2AEOSCwII/I7PE2mENdhRDa72gbSrD8pvtbyJWaXL/V259q2UYs3QdnpB4DUhe7gTC1XPL6lH8DZkov6COnrLuGNiPMS6s4V71+3MvQgBloe5sknVREyU9ho30icfb2iE8TOfHrYPoR4OfVYhywmLd7rR6k=</Modulus><Exponent>AQAB</Exponent><P></P><Q></Q><DP></DP><DQ></DQ><InverseQ></InverseQ><D></D></RSAKeyValue>",
      "PrivateKey": "<RSAKeyValue><Modulus>yHEsvB25w8m9J5wb2AEOSCwII/I7PE2mENdhRDa72gbSrD8pvtbyJWaXL/V259q2UYs3QdnpB4DUhe7gTC1XPL6lH8DZkov6COnrLuGNiPMS6s4V71+3MvQgBloe5sknVREyU9ho30icfb2iE8TOfHrYPoR4OfVYhywmLd7rR6k=</Modulus><Exponent>AQAB</Exponent><P>2UAwDSiTYh9AqG70w/RbPxLrufF/ml55Dzkx/6mnLdcjXP0NhdDQvNpZT1O2+lpNXO18laIxc1y0r3KSIoPYew==</P><Q>7DF+Q2XA9dD0uZi9gb/LWqylRajFJlrKRQFINL3pcrxOupyzvcVmuQWjfZtGQVzahqZihDHMdMSxBLhNPKVRKw==</Q><DP>GaJmSRcxlNFlOrqk7P5HSgD8iZtCWD+vfylbifRFwrXw+Ubusox6JN6KzT5uh8nh+QYYvjs+JIOa2lzle2cdQw==</DP><DQ>XA12DkJsD+HeXy8+PIFJeg9rYljCbY5Y4sf7IkMZ5tOpQ2WrT7zNqjKeY2fO286ahHv4TVkzPBckfpht0cMEfQ==</DQ><InverseQ>gO2s5TgRVvOklivLXlrKaiJ2tovGRGcf7nFUVcpD7fCQJL/GmySZgyPuUgu5y6Zq5PKh4GJN3Yw69oWI74/zOA==</InverseQ><D>JWk6OEI0Ed7tdx8j80T/LWlKe6sSc0bq3+nTNbAhj6gGWi/P0ta7i0+CmGjwMIYZ0U5ymc/aNpRNFlJnetBbn54zg9C5unpr+xc51mAgSsLxU6m+WzIhoz/s0COZ/HLGZ26+k11DlB85H7fNNT+RIzC4ijaVQMAWsiB6v0QJLyE=</D></RSAKeyValue>",
      "Analytics": null,
      "AnalyticsContent": null,
      "GoogleVerification": null,
      "ExtraHead": null,
      "ExtraBodyTop": null,
      "ExtraBodyBottom": null,
      "UseGeoLocation": false,
      "SiteMetaTags": null,
      "PageMetaTags": null,
      "DefaultSiteMap": false,
      "SiteMapPriority": 50,
      "DefaultChangeFrequency": 4
    }
  ]
}