{
  "$type": "YetaWF.Core.Serializers.SerializableList`1[[YetaWF.Core.Site.SiteDefinition, YetaWF.Core]], YetaWF.Core",
  "$values": [
    {
      "$type": "YetaWF.Core.Site.SiteDefinition, YetaWF.Core",
      "Identity": 1000,
      "SiteDomain": "YetaWFDist5",
      "SiteTestDomain": null,
      "SiteName": "YetaWFDist5",
      "EnforceSiteUrl": false,
      "PageSecurity": 0,
      "EnforceSitePort": false,
      "PortNumber": 80,
      "PortNumberSSL": 443,
      "Localization": true,
      "DefaultLanguageId": "en-US",
      "AllowAnonymousUsers": true,
      "Locked": false,
      "LockedForIP": null,
      "LockedExternalForIP": null,
      "LockedUrl": "/Maintenance/Offline For Maintenance.html",
      "AllowPopups": true,
      "CssNoTooltips": "linkpreview-show peelback",
      "FavIcon_Data": {
        "$type": "System.Byte[], System.Private.CoreLib",
        "$value": ""
      },
      "FavIconLrg_Data": {
        "$type": "System.Byte[], System.Private.CoreLib",
        "$value": ""
      },
      "Country": "United States",
      "TimeZone": null,
      "Currency": "USD",
      "CurrencyFormat": "$ #,0.00",
      "CurrencyDecimals": 2,
      "StaticPages": false,
      "AllowCacheUse": true,
      "Compression": true,
      "CompressCSSFiles": true,
      "BundleCSSFiles": true,
      "CssLocation": 1,
      "CompressJSFiles": true,
      "BundleJSFiles": true,
      "JSLocation": 1,
      "DisableMinimizeFUOC": false,
      "IFrameUse": 0,
      "Copyright": "YetaWF.com - © Copyright <<Year>> Softel vdm, Inc.",
      "UseCDNComponents": false,
      "UseCDN": false,
      "CDNUrl": null,
      "CDNUrlSecure": null,
      "StaticDomain": null,
      "EmailDebug": false,
      "AdminEmail": "youremail@YetaWFDist5",
      "SMTP": {
        "$type": "YetaWF.Core.SendEmail.SMTPServer, YetaWF.Core",
        "Server": "mail.YetaWFDist5",
        "Port": 25,
        "Authentication": 1,
        "UserName": "youremail@YetaWFDist5",
        "Password": "somepassword",
        "SSL": false
      },
      "HomePageUrl": "/",
      "NotFoundUrl": "/Errors/404",
      "MobileSiteUrl": null,
      "UnsupportedBrowserUrl": "/Maintenance/Unsupported Browser.html",
      "LoginUrl": "/User/Login",
      "PostLoginUrl": null,
      "ExternalAccountSetupUrl": "/User/Setup External Account",
      "ReferencedModules": {
        "$type": "YetaWF.Core.Serializers.SerializableList`1[[YetaWF.Core.Modules.ModuleDefinition+ReferencedModule, YetaWF.Core]], YetaWF.Core",
        "$values": [
          {
            "$type": "YetaWF.Core.Modules.ModuleDefinition+ReferencedModule, YetaWF.Core",
            "ModuleGuid": "466c0cca-3e63-43f3-8754-f4267767eed1"
          },
          {
            "$type": "YetaWF.Core.Modules.ModuleDefinition+ReferencedModule, YetaWF.Core",
            "ModuleGuid": "267f00cc-c619-4854-baed-9e4b812d7e95"
          }
        ]
      },
      "SelectedSkin": {
        "$type": "YetaWF.Core.Skins.SkinDefinition, YetaWF.Core",
        "Collection": "YetaWF/DefaultSkin/DefaultSkin",
        "FileName": "Default"
      },
      "SelectedPopupSkin": {
        "$type": "YetaWF.Core.Skins.SkinDefinition, YetaWF.Core",
        "Collection": "YetaWF/DefaultSkin/DefaultSkin",
        "FileName": "Popup"
      },
      "MessageType": 0,
      "FormErrorsImmed": false,
      "BootstrapSkin": "Bootstrap Default",
      "jQueryUISkin": "Start",
      "KendoUISkin": "Blue Opal",
      "TabStyle": 0,
      "PublicKey": "<RSAKeyValue><Modulus>plKytljzp1NjizLABhfA1Woft2WBRL04GimerLLRotOvFkBWrhoq5HpmqYz8BDBi2tuYl59x3LYqYH33ybUsbsvS3wvWPETapya9N105iofCrs9E04Hk8You6SrC/0U1FEtMIIf3WhcHO+GImu89eS535RsxNXGTZSD7P3kqx6k=</Modulus><Exponent>AQAB</Exponent><P></P><Q></Q><DP></DP><DQ></DQ><InverseQ></InverseQ><D></D></RSAKeyValue>",
      "PrivateKey": "<RSAKeyValue><Modulus>plKytljzp1NjizLABhfA1Woft2WBRL04GimerLLRotOvFkBWrhoq5HpmqYz8BDBi2tuYl59x3LYqYH33ybUsbsvS3wvWPETapya9N105iofCrs9E04Hk8You6SrC/0U1FEtMIIf3WhcHO+GImu89eS535RsxNXGTZSD7P3kqx6k=</Modulus><Exponent>AQAB</Exponent><P>1Zx1vk2zrT91XhCVqcGXMRqErIj+CZAcvc/fU10AJLv2TOdWn4A3m8faIWchsILBaC6SKtiJPdmTPbEyktQUsw==</P><Q>x1P7Bcwn0YdI4nAn1m0bhwZIfmCo3xNF1bfbkXZt/lY7py8f6I42giGDyNdTFxxzxW8F4ijoQO8oqe5dVs64Mw==</Q><DP>YWW3og/XzzTSFRPGyeJFR9RpjingewfEsx9nGqGbASTbBvGsY4mY0WTsprJZgBv+h7xEVVjqKtNb+ZMkFiKxVQ==</DP><DQ>BZimA5Onyoox0am0dKC7lR7oCiRMmXbBDy8KSxs4G1vwcNEx5CWaAi1OteTVwGBcH77uO1tKqggM7Dh1BmrnYQ==</DQ><InverseQ>ZmvKyxio9VSJ1RD2JWWA5ZMeHFCp7KYP3vjaldYgYBqs3c0+RFlBjS7FEkuRpNR3hgv5y11zlmvhTwwuomWnCA==</InverseQ><D>BsIffudYZzktN0/Fm7nFXSalyUb3nLpvmCiOyQevGwWs/KN6ojJwAb6zgzo2V1k7+xanOaoB72z7hdY4hlq1Rm58RuzlS61gy7rnRDBmK2TFeCy8g7BqiIufOXMgC+6uKjJO/OxoI4aI3ycYPTqo5KyAMldcO4MXFw88mYKkjN0=</D></RSAKeyValue>",
      "Analytics": null,
      "AnalyticsContent": null,
      "GoogleVerification": null,
      "ExtraHead": null,
      "ExtraBodyTop": null,
      "ExtraBodyBottom": null,
      "UseGeoLocation": false,
      "SiteMetaTags": null,
      "PageMetaTags": null,
      "DefaultSiteMap": false,
      "SiteMapPriority": 50,
      "DefaultChangeFrequency": 4
    }
  ]
}