{
  "$type": "YetaWF.Core.Serializers.SerializableList`1[[YetaWF.Modules.Blog.DataProvider.BlogConfigData, YetaWF.Blog]], YetaWF.Core",
  "$values": [
    {
      "$type": "YetaWF.Modules.Blog.DataProvider.BlogConfigData, YetaWF.Blog",
      "Id": 1,
      "BlogUrl": "/Blog",
      "DefaultCategory": 0,
      "Entries": 20,
      "BlogEntryUrl": "/BlogEntry",
      "ShowGravatar": true,
      "GravatarDefault": 4,
      "GravatarRating": 0,
      "GravatarSize": 40,
      "NotifyEmail": null,
      "NotifyNewComment": false,
      "Feed": false,
      "FeedTitle": "(Blog Title)",
      "FeedSummary": "(Blog Summary)",
      "FeedMainUrl": null,
      "FeedDetailUrl": null,
      "FeedImage_Data": {
        "$type": "System.Byte[], System.Private.CoreLib",
        "$value": ""
      }
    }
  ]
}