﻿<?xml version="1.0" encoding="utf-8"?>
<!--YetaWF.Core.Serializers.SerializableList`1[YetaWF.Modules.AddThis.DataProvider.ConfigData]-->
<Object Type="YetaWF.Core.Serializers.SerializableList`1[[YetaWF.Modules.AddThis.DataProvider.ConfigData, YetaWF.AddThis, Culture=neutral, PublicKeyToken=null]]" Assembly="YetaWF.Core">
  <Properties />
  <List>
    <Value>
      <Object Type="YetaWF.Modules.AddThis.DataProvider.ConfigData" Assembly="YetaWF.AddThis" AssemblyFull="YetaWF.AddThis, Version=3.0.0.0, Culture=neutral, PublicKeyToken=null">
        <Properties>
          <Id Value="1" />
          <Code />
        </Properties>
      </Object>
    </Value>
  </List>
</Object>