{
  "PackageName": "YetaWF.Feedback",
  "PackageVersion": "4.1.0",
  "Roles": [
    {
      "RoleName": "Superuser",
      "RoleId": 997
    },
    {
      "RoleName": "Administrator",
      "RoleId": 1000
    },
    {
      "RoleName": "Editor",
      "RoleId": 1001
    },
    {
      "RoleName": "User",
      "RoleId": 998
    },
    {
      "RoleName": "User (two-step authentication setup required)",
      "RoleId": 996
    },
    {
      "RoleName": "Anonymous",
      "RoleId": 999
    }
  ],
  "Users": [],
  "Data": [
    {
      "Class": "FeedbackAddModuleDataProvider",
      "Chunks": 1,
      "Files": []
    },
    {
      "Class": "FeedbackBrowseModuleDataProvider",
      "Chunks": 1,
      "Files": []
    },
    {
      "Class": "FeedbackConfigModuleDataProvider",
      "Chunks": 1,
      "Files": []
    },
    {
      "Class": "FeedbackDisplayModuleDataProvider",
      "Chunks": 0,
      "Files": []
    },
    {
      "Class": "FeedbackDataProvider",
      "Chunks": 1,
      "Files": []
    },
    {
      "Class": "FeedbackConfigDataProvider",
      "Chunks": 1,
      "Files": []
    }
  ]
}