{
  "PackageName": "YetaWF.Text",
  "PackageVersion": "4.2.0",
  "Roles": [
    {
      "RoleName": "Superuser",
      "RoleId": 997
    },
    {
      "RoleName": "Administrator",
      "RoleId": 1000
    },
    {
      "RoleName": "Editor",
      "RoleId": 1001
    },
    {
      "RoleName": "User",
      "RoleId": 998
    },
    {
      "RoleName": "User (two-step authentication setup required)",
      "RoleId": 996
    },
    {
      "RoleName": "Anonymous",
      "RoleId": 999
    }
  ],
  "Users": [],
  "Data": [
    {
      "Class": "TextModuleDataProvider",
      "Chunks": 1,
      "Files": [
        {
          "FileName": "\\YetaWF_Modules\\66d365d8-c1df-45bb-9dfb-9397722ca16f_Data\\Images\\logo_176x112.png",
          "FileDate": "2019-03-07T13:29:01.1142519Z",
          "SiteSpecific": true
        },
        {
          "FileName": "\\YetaWF_Modules\\afa55b5e-1ca5-43c7-b9b3-245c172e0819_Data\\Images\\logo_176x112.png",
          "FileDate": "2019-03-07T13:29:01.1152513Z",
          "SiteSpecific": true
        }
      ]
    }
  ]
}