﻿<?xml version="1.0" encoding="utf-8"?>
<!--YetaWF.Core.Packages.SerializableData-->
<Object Type="YetaWF.Core.Packages.SerializableData" Assembly="YetaWF.Core">
  <Properties>
    <PackageName Value="YetaWF.ImageRepository" />
    <PackageVersion Value="2.6.1" />
    <Data>
      <Object Type="YetaWF.Core.Serializers.SerializableList`1[[YetaWF.Core.Packages.SerializableModelData, YetaWF.Core, Culture=neutral, PublicKeyToken=null]]" Assembly="YetaWF.Core">
        <Properties />
        <List>
          <Value>
            <Object Type="YetaWF.Core.Packages.SerializableModelData" Assembly="YetaWF.Core">
              <Properties>
                <Class Value="CKEBrowseFlashModuleDataProvider" />
                <Chunks Value="1" />
                <Files>
                  <Object Type="YetaWF.Core.Serializers.SerializableList`1[[YetaWF.Core.Packages.SerializableFile, YetaWF.Core, Culture=neutral, PublicKeyToken=null]]" Assembly="YetaWF.Core">
                    <Properties />
                    <List />
                  </Object>
                </Files>
              </Properties>
            </Object>
          </Value>
          <Value>
            <Object Type="YetaWF.Core.Packages.SerializableModelData" Assembly="YetaWF.Core">
              <Properties>
                <Class Value="CKEBrowseImagesModuleDataProvider" />
                <Chunks Value="1" />
                <Files>
                  <Object Type="YetaWF.Core.Serializers.SerializableList`1[[YetaWF.Core.Packages.SerializableFile, YetaWF.Core, Culture=neutral, PublicKeyToken=null]]" Assembly="YetaWF.Core">
                    <Properties />
                    <List />
                  </Object>
                </Files>
              </Properties>
            </Object>
          </Value>
          <Value>
            <Object Type="YetaWF.Core.Packages.SerializableModelData" Assembly="YetaWF.Core">
              <Properties>
                <Class Value="CKEBrowsePageModuleDataProvider" />
                <Chunks Value="1" />
                <Files>
                  <Object Type="YetaWF.Core.Serializers.SerializableList`1[[YetaWF.Core.Packages.SerializableFile, YetaWF.Core, Culture=neutral, PublicKeyToken=null]]" Assembly="YetaWF.Core">
                    <Properties />
                    <List />
                  </Object>
                </Files>
              </Properties>
            </Object>
          </Value>
          <Value>
            <Object Type="YetaWF.Core.Packages.SerializableModelData" Assembly="YetaWF.Core">
              <Properties>
                <Class Value="TemplateTestModuleDataProvider" />
                <Chunks Value="1" />
                <Files>
                  <Object Type="YetaWF.Core.Serializers.SerializableList`1[[YetaWF.Core.Packages.SerializableFile, YetaWF.Core, Culture=neutral, PublicKeyToken=null]]" Assembly="YetaWF.Core">
                    <Properties />
                    <List>
                      <Value>
                        <Object Type="YetaWF.Core.Packages.SerializableFile" Assembly="YetaWF.Core">
                          <Properties>
                            <FileName Value="\YetaWF_Modules\ea57e23f-041f-497f-8521-2d03f5d13781_Data\Flash\header.swf" />
                            <FileDate Value="636248450168138828" />
                            <SiteSpecific Value="True" />
                          </Properties>
                        </Object>
                      </Value>
                      <Value>
                        <Object Type="YetaWF.Core.Packages.SerializableFile" Assembly="YetaWF.Core">
                          <Properties>
                            <FileName Value="\YetaWF_Modules\ea57e23f-041f-497f-8521-2d03f5d13781_Data\Images\Site.jpg" />
                            <FileDate Value="636248450168223909" />
                            <SiteSpecific Value="True" />
                          </Properties>
                        </Object>
                      </Value>
                    </List>
                  </Object>
                </Files>
              </Properties>
            </Object>
          </Value>
        </List>
      </Object>
    </Data>
  </Properties>
</Object>