﻿<?xml version="1.0" encoding="utf-8"?>
<!--YetaWF.Core.Serializers.SerializableList`1[YetaWF.Modules.TawkTo.DataProvider.ConfigData]-->
<Object Type="YetaWF.Core.Serializers.SerializableList`1[[YetaWF.Modules.TawkTo.DataProvider.ConfigData, YetaWF.TawkTo, Culture=neutral, PublicKeyToken=null]]" Assembly="YetaWF.Core">
  <Properties />
  <List>
    <Value>
      <Object Type="YetaWF.Modules.TawkTo.DataProvider.ConfigData" Assembly="YetaWF.TawkTo" AssemblyFull="YetaWF.TawkTo, Version=2.8.0.0, Culture=neutral, PublicKeyToken=null">
        <Properties>
          <Id Value="1" />
          <Account />
          <APIKey />
          <ExcludedPagesCss />
          <IncludedPagesCss />
        </Properties>
      </Object>
    </Value>
  </List>
</Object>