{
  "PackageName": "YetaWF.Pages",
  "PackageVersion": "4.1.0",
  "Roles": [
    {
      "RoleName": "Superuser",
      "RoleId": 997
    },
    {
      "RoleName": "Administrator",
      "RoleId": 1000
    },
    {
      "RoleName": "Editor",
      "RoleId": 1001
    },
    {
      "RoleName": "User",
      "RoleId": 998
    },
    {
      "RoleName": "User (two-step authentication setup required)",
      "RoleId": 996
    },
    {
      "RoleName": "Anonymous",
      "RoleId": 999
    }
  ],
  "Users": [],
  "Data": [
    {
      "Class": "SkinScrollToTopModuleDataProvider",
      "Chunks": 1,
      "Files": []
    },
    {
      "Class": "TemplateListOfLocalPagesModuleDataProvider",
      "Chunks": 1,
      "Files": []
    },
    {
      "Class": "UnifiedSetAddModuleDataProvider",
      "Chunks": 0,
      "Files": []
    },
    {
      "Class": "UnifiedSetEditModuleDataProvider",
      "Chunks": 0,
      "Files": []
    },
    {
      "Class": "UnifiedSetsBrowseModuleDataProvider",
      "Chunks": 1,
      "Files": []
    },
    {
      "Class": "PagesBrowseModuleDataProvider",
      "Chunks": 1,
      "Files": []
    },
    {
      "Class": "UnifiedSetDataProvider",
      "Chunks": 1,
      "Files": []
    },
    {
      "Class": "PageDefinitionDataProvider",
      "Chunks": 1,
      "Files": []
    }
  ]
}