{
  "PackageName": "YetaWF.DevTests",
  "PackageVersion": "4.0.0",
  "Data": [
    {
      "Class": "TemplateColorPickerModuleDataProvider",
      "Chunks": 1,
      "Files": []
    },
    {
      "Class": "TemplateMultiStringModuleDataProvider",
      "Chunks": 1,
      "Files": []
    },
    {
      "Class": "BasicTemplatesModuleDataProvider",
      "Chunks": 1,
      "Files": []
    },
    {
      "Class": "SMSProcessorStatusModuleDataProvider",
      "Chunks": 1,
      "Files": []
    },
    {
      "Class": "TemplateDateTimeModuleDataProvider",
      "Chunks": 1,
      "Files": []
    },
    {
      "Class": "TemplateListOfEmailAddressesModuleDataProvider",
      "Chunks": 1,
      "Files": []
    },
    {
      "Class": "TemplateRecaptchaV2ModuleDataProvider",
      "Chunks": 1,
      "Files": []
    },
    {
      "Class": "TemplateScrollerModuleDataProvider",
      "Chunks": 1,
      "Files": []
    },
    {
      "Class": "TemplateSkinModuleDataProvider",
      "Chunks": 1,
      "Files": []
    },
    {
      "Class": "TemplateTimeZoneModuleDataProvider",
      "Chunks": 1,
      "Files": []
    },
    {
      "Class": "SMSTestModuleDataProvider",
      "Chunks": 1,
      "Files": []
    },
    {
      "Class": "TestEscapesModuleDataProvider",
      "Chunks": 1,
      "Files": []
    },
    {
      "Class": "TemplateEmailModuleDataProvider",
      "Chunks": 1,
      "Files": []
    },
    {
      "Class": "TemplateModuleSelectionModuleDataProvider",
      "Chunks": 1,
      "Files": []
    },
    {
      "Class": "TemplateReferencedModulesModuleDataProvider",
      "Chunks": 1,
      "Files": []
    },
    {
      "Class": "TemplateTestUrlModuleDataProvider",
      "Chunks": 1,
      "Files": []
    }
  ]
}