{
  "$type": "YetaWF.Core.Serializers.SerializableList`1[[YetaWF.Modules.DevTests.Modules.TemplateMultiStringModule, YetaWF.DevTests]], YetaWF.Core",
  "$values": [
    {
      "$type": "YetaWF.Modules.DevTests.Modules.TemplateMultiStringModule, YetaWF.DevTests",
      "Name": "MultiString",
      "Title": {
        "$type": "YetaWF.Core.Models.MultiString, YetaWF.Core",
        "en-US": "MultiString"
      },
      "Visible": true,
      "ModuleSecurity": 0,
      "WantSearch": true,
      "WantFocus": true,
      "Description": {
        "$type": "YetaWF.Core.Models.MultiString, YetaWF.Core",
        "en-US": "MultiString test template"
      },
      "ModuleGuid": "7243bc44-a8e1-490a-a043-b41333fc635d",
      "DateCreated": "2018-08-15T13:30:55.2419297",
      "DateUpdated": "2018-08-15T13:32:14.7349276",
      "SkinDefinitions": {
        "$type": "YetaWF.Core.Serializers.SerializableList`1[[YetaWF.Core.Skins.SkinDefinition, YetaWF.Core]], YetaWF.Core",
        "$values": []
      },
      "SelectedPopupSkin": {
        "$type": "YetaWF.Core.Skins.SkinDefinition, YetaWF.Core",
        "Collection": null,
        "FileName": null
      },
      "CssClass": null,
      "TempPageCssClass": null,
      "_SuppressPartialFormCss": false,
      "ShowTitle": true,
      "ShowTitleActions": true,
      "ShowHelp": false,
      "Print": true,
      "ShowFormButtons": true,
      "AnchorId": null,
      "AllowedRoles": {
        "$type": "YetaWF.Core.Serializers.SerializableList`1[[YetaWF.Core.Modules.ModuleDefinition+AllowedRole, YetaWF.Core]], YetaWF.Core",
        "$values": [
          {
            "$type": "YetaWF.Core.Modules.ModuleDefinition+AllowedRole, YetaWF.Core",
            "RoleId": 1000,
            "View": 1,
            "Edit": 1,
            "Remove": 1,
            "Extra1": 1,
            "Extra2": 1,
            "Extra3": 1,
            "Extra4": 1,
            "Extra5": 1
          },
          {
            "$type": "YetaWF.Core.Modules.ModuleDefinition+AllowedRole, YetaWF.Core",
            "RoleId": 1000,
            "View": 1,
            "Edit": 1,
            "Remove": 1,
            "Extra1": 1,
            "Extra2": 1,
            "Extra3": 1,
            "Extra4": 1,
            "Extra5": 1
          }
        ]
      },
      "AllowedUsers": {
        "$type": "YetaWF.Core.Serializers.SerializableList`1[[YetaWF.Core.Modules.ModuleDefinition+AllowedUser, YetaWF.Core]], YetaWF.Core",
        "$values": []
      },
      "ReferencedModules": {
        "$type": "YetaWF.Core.Serializers.SerializableList`1[[YetaWF.Core.Modules.ModuleDefinition+ReferencedModule, YetaWF.Core]], YetaWF.Core",
        "$values": []
      }
    }
  ]
}