﻿<?xml version="1.0" encoding="utf-8"?>
<!--YetaWF.DataProvider.ModuleDefinitionDataProvider`2+ModData[System.Guid,YetaWF.Modules.Sites.Modules.SitesBrowseModule]-->
<Object Type="YetaWF.DataProvider.ModuleDefinitionDataProvider`2+ModData[[System.Guid, mscorlib, Culture=neutral, PublicKeyToken=b77a5c561934e089],[YetaWF.Modules.Sites.Modules.SitesBrowseModule, YetaWF.Sites, Culture=neutral, PublicKeyToken=null]]" Assembly="YetaWF.DataProvider.ModuleDefinition" AssemblyFull="YetaWF.DataProvider.ModuleDefinition, Version=2.6.1.0, Culture=neutral, PublicKeyToken=null">
  <Properties>
    <ModList>
      <Object Type="YetaWF.Core.Serializers.SerializableList`1[[YetaWF.Modules.Sites.Modules.SitesBrowseModule, YetaWF.Sites, Culture=neutral, PublicKeyToken=null]]" Assembly="YetaWF.Core">
        <Properties />
        <List>
          <Value>
            <Object Type="YetaWF.Modules.Sites.Modules.SitesBrowseModule" Assembly="YetaWF.Sites" AssemblyFull="YetaWF.Sites, Version=2.6.1.0, Culture=neutral, PublicKeyToken=null">
              <Properties>
                <AddUrl />
                <Name Value="Sites" />
                <Title>
                  <Object Type="YetaWF.Core.Models.MultiString" Assembly="YetaWF.Core">
                    <Properties />
                    <Dictionary>
                      <Key Value="en-US" />
                      <Value Value="Sites" />
                    </Dictionary>
                  </Object>
                </Title>
                <Visible Value="True" />
                <ModuleSecurity Value="0" />
                <WantSearch Value="True" />
                <WantFocus Value="True" />
                <Description>
                  <Object Type="YetaWF.Core.Models.MultiString" Assembly="YetaWF.Core">
                    <Properties />
                    <Dictionary>
                      <Key Value="en-US" />
                      <Value Value="Displays and manages sites" />
                    </Dictionary>
                  </Object>
                </Description>
                <ModuleGuid Value="6a3d60fa-02d5-496f-97e2-c0ea60dae4da" />
                <DateCreated Value="635635891267716087" />
                <DateUpdated Value="636073344952170098" />
                <SkinDefinitions>
                  <Object Type="YetaWF.Core.Serializers.SerializableList`1[[YetaWF.Core.Skins.SkinDefinition, YetaWF.Core, Culture=neutral, PublicKeyToken=null]]" Assembly="YetaWF.Core">
                    <Properties />
                    <List />
                  </Object>
                </SkinDefinitions>
                <SelectedPopupSkin>
                  <Object Type="YetaWF.Core.Skins.SkinDefinition" Assembly="YetaWF.Core">
                    <Properties>
                      <Collection />
                      <FileName />
                    </Properties>
                  </Object>
                </SelectedPopupSkin>
                <CssClass />
                <BootstrapContainer Value="0" />
                <ShowTitle Value="True" />
                <ShowTitleActions Value="False" />
                <ShowHelp Value="False" />
                <Print Value="True" />
                <ShowFormButtons Value="True" />
                <AnchorId />
                <AllowedRoles>
                  <Object Type="YetaWF.Core.Serializers.SerializableList`1[[YetaWF.Core.Modules.ModuleDefinition+AllowedRole, YetaWF.Core, Culture=neutral, PublicKeyToken=null]]" Assembly="YetaWF.Core">
                    <Properties />
                    <List />
                  </Object>
                </AllowedRoles>
                <AllowedUsers>
                  <Object Type="YetaWF.Core.Serializers.SerializableList`1[[YetaWF.Core.Modules.ModuleDefinition+AllowedUser, YetaWF.Core, Culture=neutral, PublicKeyToken=null]]" Assembly="YetaWF.Core">
                    <Properties />
                    <List />
                  </Object>
                </AllowedUsers>
                <ReferencedModules>
                  <Object Type="YetaWF.Core.Serializers.SerializableList`1[[YetaWF.Core.Modules.ModuleDefinition+ReferencedModule, YetaWF.Core, Culture=neutral, PublicKeyToken=null]]" Assembly="YetaWF.Core">
                    <Properties />
                    <List />
                  </Object>
                </ReferencedModules>
              </Properties>
            </Object>
          </Value>
        </List>
      </Object>
    </ModList>
    <ImageList>
      <Object Type="YetaWF.Core.Serializers.SerializableList`1[[YetaWF.Core.Packages.SerializableFile, YetaWF.Core, Culture=neutral, PublicKeyToken=null]]" Assembly="YetaWF.Core">
        <Properties />
        <List />
      </Object>
    </ImageList>
  </Properties>
</Object>