{
  "PackageName": "YetaWF.Basics",
  "PackageVersion": "4.0.0",
  "Data": [
    {
      "Class": "AlertConfigModuleDataProvider",
      "Chunks": 1,
      "Files": []
    },
    {
      "Class": "AlertDisplayModuleDataProvider",
      "Chunks": 1,
      "Files": []
    },
    {
      "Class": "MailtoObfuscatorSkinModuleDataProvider",
      "Chunks": 1,
      "Files": []
    },
    {
      "Class": "RecaptchaV2ConfigModuleDataProvider",
      "Chunks": 1,
      "Files": []
    },
    {
      "Class": "ModuleSkinInfoModuleDataProvider",
      "Chunks": 1,
      "Files": []
    },
    {
      "Class": "ShowMessageModuleDataProvider",
      "Chunks": 1,
      "Files": []
    },
    {
      "Class": "AlertConfigDataProvider",
      "Chunks": 1,
      "Files": []
    },
    {
      "Class": "RecaptchaV2ConfigDataProvider",
      "Chunks": 1,
      "Files": []
    }
  ]
}