{
  "$type": "YetaWF.Core.Serializers.SerializableList`1[[YetaWF.Core.Site.SiteDefinition, YetaWF.Core]], YetaWF.Core",
  "$values": [
    {
      "$type": "YetaWF.Core.Site.SiteDefinition, YetaWF.Core",
      "Identity": 1000,
      "SiteDomain": "YetaWFDist5",
      "SiteTestDomain": null,
      "SiteName": "YetaWFDist5",
      "EnforceSiteUrl": false,
      "PageSecurity": 0,
      "EnforceSitePort": false,
      "PortNumber": 80,
      "PortNumberSSL": 443,
      "Localization": true,
      "DefaultLanguageId": "en-US",
      "AllowAnonymousUsers": true,
      "Locked": false,
      "LockedForIP": null,
      "LockedExternalForIP": null,
      "LockedUrl": "/Maintenance/Offline For Maintenance.html",
      "AllowPopups": true,
      "CssNoTooltips": "linkpreview-show peelback",
      "FavIcon_Data": {
        "$type": "System.Byte[], System.Private.CoreLib",
        "$value": ""
      },
      "FavIconLrg_Data": {
        "$type": "System.Byte[], System.Private.CoreLib",
        "$value": ""
      },
      "Country": "United States",
      "TimeZone": null,
      "Currency": "USD",
      "CurrencyFormat": "$ #,0.00",
      "CurrencyDecimals": 2,
      "StaticPages": false,
      "AllowCacheUse": true,
      "Compression": false,
      "CompressCSSFiles": true,
      "BundleCSSFiles": true,
      "CssLocation": 1,
      "CompressJSFiles": true,
      "BundleJSFiles": true,
      "JSLocation": 1,
      "DisableMinimizeFUOC": false,
      "IFrameUse": 0,
      "ContentTypeOptions": 1,
      "StrictTransportSecurity": 1,
      "Copyright": "YetaWF.com - © Copyright <<Year>> Softel vdm, Inc.",
      "UseCDNComponents": false,
      "UseCDN": false,
      "CDNUrl": null,
      "CDNUrlSecure": null,
      "StaticDomain": null,
      "EmailDebug": false,
      "AdminEmail": "youremail@YetaWFDist5",
      "SMTP": {
        "$type": "YetaWF.Core.SendEmail.SMTPServer, YetaWF.Core",
        "Server": "mail.YetaWFDist5",
        "Port": 25,
        "Authentication": 1,
        "UserName": "youremail@YetaWFDist5",
        "Password": "somepassword",
        "SSL": false
      },
      "HomePageUrl": "/",
      "NotFoundUrl": "/Errors/404",
      "MobileSiteUrl": null,
      "UnsupportedBrowserUrl": "/Maintenance/Unsupported Browser.html",
      "LoginUrl": "/User/Login",
      "PostLoginUrl": null,
      "ExternalAccountSetupUrl": "/User/Setup External Account",
      "ReferencedModules": {
        "$type": "YetaWF.Core.Serializers.SerializableList`1[[YetaWF.Core.Modules.ModuleDefinition+ReferencedModule, YetaWF.Core]], YetaWF.Core",
        "$values": [
          {
            "$type": "YetaWF.Core.Modules.ModuleDefinition+ReferencedModule, YetaWF.Core",
            "ModuleGuid": "466c0cca-3e63-43f3-8754-f4267767eed1"
          },
          {
            "$type": "YetaWF.Core.Modules.ModuleDefinition+ReferencedModule, YetaWF.Core",
            "ModuleGuid": "267f00cc-c619-4854-baed-9e4b812d7e95"
          }
        ]
      },
      "SelectedSkin": {
        "$type": "YetaWF.Core.Skins.SkinDefinition, YetaWF.Core",
        "Collection": "YetaWF/DefaultSkin/DefaultSkin",
        "FileName": "Default"
      },
      "SelectedPopupSkin": {
        "$type": "YetaWF.Core.Skins.SkinDefinition, YetaWF.Core",
        "Collection": "YetaWF/DefaultSkin/DefaultSkin",
        "FileName": "Popup"
      },
      "MessageType": 11,
      "FormErrorsImmed": false,
      "BootstrapSkin": "Bootstrap Default",
      "jQueryUISkin": "Start",
      "KendoUISkin": "Blue Opal",
      "TabStyle": 0,
      "PublicKey": "<RSAKeyValue><Modulus>v+UHINWkY1Vyo77+uTyPrnm/yzRLcZzULhQnE6craZ913sux6c0yJYiSYsLVxMGaIAGqRmjyiLB6vNBd/ukUQXRi4sX4EmnIrS0DPmn+DsjGldWyQUHrcmeDE0rL8NLVbUr4p2lI4wY5ImMawwERe0DII7t3jPWmMX8mSuI7mOE=</Modulus><Exponent>AQAB</Exponent><P></P><Q></Q><DP></DP><DQ></DQ><InverseQ></InverseQ><D></D></RSAKeyValue>",
      "PrivateKey": "<RSAKeyValue><Modulus>v+UHINWkY1Vyo77+uTyPrnm/yzRLcZzULhQnE6craZ913sux6c0yJYiSYsLVxMGaIAGqRmjyiLB6vNBd/ukUQXRi4sX4EmnIrS0DPmn+DsjGldWyQUHrcmeDE0rL8NLVbUr4p2lI4wY5ImMawwERe0DII7t3jPWmMX8mSuI7mOE=</Modulus><Exponent>AQAB</Exponent><P>zdFL+AhilpE44t3ARjjG0LCvTtXSFEk1dEmmaxs8xxtRlTz2XXyw6Iv0zHQT22n3vYHGbNaCjkvp5zDXHvqEXw==</P><Q>7q6w7TcQb2M4Eg/HMpDZKa5pTBOgrfG4M+N9YTE59egy30NlK1XVK2uAnok/IiHdeeBPXFPVOBFxXIYx+Czqvw==</Q><DP>aKQIo8pflX2wFmf34bvsGR47gzFi5b1y1/S6D6qBdBmHmQCtoUpMB29gvrIlhmCR/F+Gqr9FEWO3QDuso6tqsQ==</DP><DQ>NKQGlWrNjyN83E7qifZ0TsMOqh6yE2r6S0djAaqPs/JwNdlxWKtnhloBVfXDHM4HQLf+CMjcf68pJ1TZdHjDlQ==</DQ><InverseQ>aQlHHBsjVeSBv6yL0c3uXPUR2/dWz7u+7/2HPGAObLY4IDT2o78dBXCQk4ZRMNLy3bjA3cgyOIOg6B9kr1s9sQ==</InverseQ><D>RqmKr2+cgiuj9GJPoFyJuEEC/Ev8gBC1HWa0YQtM9C8RE4LEuAikr6eT6CRA3ZxBKgoS7qyUqvr5p2+/PTANEc2gEvBma+Mx8x7f+CboHOmKuFWePlRM5wUiGvfk70r7qhbX43D7hQx8XLpc9LOHUnXhi78u6SfJVYI7XOnwOdU=</D></RSAKeyValue>",
      "Analytics": null,
      "AnalyticsContent": null,
      "GoogleVerification": null,
      "ExtraHead": null,
      "ExtraBodyTop": null,
      "ExtraBodyBottom": null,
      "UseGeoLocation": false,
      "SiteMetaTags": null,
      "PageMetaTags": null,
      "DefaultSiteMap": false,
      "SiteMapPriority": 50,
      "DefaultChangeFrequency": 4
    }
  ]
}