{
  "$type": "YetaWF.Core.Serializers.SerializableList`1[[YetaWF.Core.Site.SiteDefinition, YetaWF.Core]], YetaWF.Core",
  "$values": [
    {
      "$type": "YetaWF.Core.Site.SiteDefinition, YetaWF.Core",
      "Identity": 1000,
      "SiteDomain": "YetaWFDist5",
      "SiteTestDomain": null,
      "SiteName": "YetaWFDist5",
      "EnforceSiteUrl": false,
      "PageSecurity": 0,
      "EnforceSitePort": false,
      "PortNumber": 80,
      "PortNumberSSL": 443,
      "Localization": true,
      "DefaultLanguageId": "en-US",
      "AllowAnonymousUsers": true,
      "Locked": false,
      "LockedForIP": null,
      "LockedExternalForIP": null,
      "LockedUrl": "/Maintenance/Offline For Maintenance.html",
      "AllowPopups": true,
      "CssNoTooltips": "linkpreview-show peelback",
      "FavIcon_Data": {
        "$type": "System.Byte[], System.Private.CoreLib",
        "$value": ""
      },
      "FavIconLrg_Data": {
        "$type": "System.Byte[], System.Private.CoreLib",
        "$value": ""
      },
      "Country": "United States",
      "TimeZone": null,
      "Currency": "USD",
      "CurrencyFormat": "$ #,0.00",
      "CurrencyDecimals": 2,
      "StaticPages": false,
      "AllowCacheUse": true,
      "Compression": true,
      "CompressCSSFiles": true,
      "BundleCSSFiles": true,
      "CssLocation": 1,
      "CompressJSFiles": true,
      "BundleJSFiles": true,
      "JSLocation": 1,
      "DisableMinimizeFUOC": false,
      "IFrameUse": 0,
      "Copyright": "YetaWF.com - © Copyright <<Year>> Softel vdm, Inc.",
      "UseCDNComponents": false,
      "UseCDN": false,
      "CDNUrl": null,
      "CDNUrlSecure": null,
      "StaticDomain": null,
      "EmailDebug": false,
      "AdminEmail": "youremail@YetaWFDist5",
      "SMTP": {
        "$type": "YetaWF.Core.SendEmail.SMTPServer, YetaWF.Core",
        "Server": "mail.YetaWFDist5",
        "Port": 25,
        "Authentication": 1,
        "UserName": "youremail@YetaWFDist5",
        "Password": "somepassword",
        "SSL": false
      },
      "HomePageUrl": "/",
      "NotFoundUrl": "/Errors/404",
      "MobileSiteUrl": null,
      "UnsupportedBrowserUrl": "/Maintenance/Unsupported Browser.html",
      "LoginUrl": "/User/Login",
      "PostLoginUrl": null,
      "ExternalAccountSetupUrl": "/User/Setup External Account",
      "ReferencedModules": {
        "$type": "YetaWF.Core.Serializers.SerializableList`1[[YetaWF.Core.Modules.ModuleDefinition+ReferencedModule, YetaWF.Core]], YetaWF.Core",
        "$values": [
          {
            "$type": "YetaWF.Core.Modules.ModuleDefinition+ReferencedModule, YetaWF.Core",
            "ModuleGuid": "466c0cca-3e63-43f3-8754-f4267767eed1"
          },
          {
            "$type": "YetaWF.Core.Modules.ModuleDefinition+ReferencedModule, YetaWF.Core",
            "ModuleGuid": "267f00cc-c619-4854-baed-9e4b812d7e95"
          }
        ]
      },
      "SelectedSkin": {
        "$type": "YetaWF.Core.Skins.SkinDefinition, YetaWF.Core",
        "Collection": "YetaWF/DefaultSkin/DefaultSkin",
        "FileName": "Default"
      },
      "SelectedPopupSkin": {
        "$type": "YetaWF.Core.Skins.SkinDefinition, YetaWF.Core",
        "Collection": "YetaWF/DefaultSkin/DefaultSkin",
        "FileName": "Popup"
      },
      "MessageType": 0,
      "FormErrorsImmed": false,
      "BootstrapSkin": "Bootstrap Default",
      "jQueryUISkin": "Start",
      "KendoUISkin": "Blue Opal",
      "TabStyle": 0,
      "PublicKey": "<RSAKeyValue><Modulus>zRLRHk99SpyN4jZIIYKckbWrGaulMofhu//hhBXfEdhiiELahgjw/dU8675nt2kcdeN9b33+/B6bXEh7l81vP2JibPP8Z8VPXtOosXxo740bSz7nWMDTDyTuLOvpTjXMc/8vC0U7dPOqxa1qorFZcOq2zydgW0Qj36vSJsU6xDk=</Modulus><Exponent>AQAB</Exponent><P></P><Q></Q><DP></DP><DQ></DQ><InverseQ></InverseQ><D></D></RSAKeyValue>",
      "PrivateKey": "<RSAKeyValue><Modulus>zRLRHk99SpyN4jZIIYKckbWrGaulMofhu//hhBXfEdhiiELahgjw/dU8675nt2kcdeN9b33+/B6bXEh7l81vP2JibPP8Z8VPXtOosXxo740bSz7nWMDTDyTuLOvpTjXMc/8vC0U7dPOqxa1qorFZcOq2zydgW0Qj36vSJsU6xDk=</Modulus><Exponent>AQAB</Exponent><P>2hCKW8monmJKOJgH0T5DBbAL1ASZTDrwuO2JLnoJHcsyR6qo4NRFKyInrq64XFA3GnQkY0QKOMqxscsF+os4zw==</P><Q>8L+4Y/RQbiqIBiHzLQgyuN9MaG4e88G/s1ZXywAaAy6n+PtoYaIdeDdlioAvIC6VDetcWsbkh821oEUUxiXkdw==</Q><DP>0Xah8Jk8hycS9FnU6IFOD+CS/A2O01KqeHhzFVnT9/J/Uaf0oEJGTrB4PatHHCVRSO/XJCLvTq4lEgtaqtegsQ==</DP><DQ>zDC/0r8n7JhUMGdhGiOm6Zgy9SvZQsNktVWZNssKRQKwYwPQ32YhepH5pIPd9Hyt3VVvSmsA75Hw51NQMFN5Nw==</DQ><InverseQ>usl48rlkz5nN3SZeUb4jb0wPXGg/X6VfeVPklkHN/yZphc62ScpCpSeDqq1DJEUi+KoTzWiNMhpaTWv/p224UQ==</InverseQ><D>XkCcvkqYcjdb+rEqG8S1Az804XqDVaMgO9DSLGwE92W1e50GZH4tjOx5sHv1nVWBECm7WAfXrra+fv6NV2rDCtLkCeOzIh5mxEgbIuL8I3Gr3setJKuyWxySoI9PSsSqOqFYwVeOjek+Oy0o2tTi/MCZcd91tIcNDgZq6i0XuxU=</D></RSAKeyValue>",
      "Analytics": null,
      "AnalyticsContent": null,
      "GoogleVerification": null,
      "ExtraHead": null,
      "ExtraBodyTop": null,
      "ExtraBodyBottom": null,
      "UseGeoLocation": false,
      "SiteMetaTags": null,
      "PageMetaTags": null,
      "DefaultSiteMap": false,
      "SiteMapPriority": 50,
      "DefaultChangeFrequency": 4
    }
  ]
}