{
  "$type": "YetaWF.Core.Serializers.SerializableList`1[[YetaWF.Core.Site.SiteDefinition, YetaWF.Core]], YetaWF.Core",
  "$values": [
    {
      "$type": "YetaWF.Core.Site.SiteDefinition, YetaWF.Core",
      "Identity": 1000,
      "SiteDomain": "YetaWFDist5",
      "SiteTestDomain": null,
      "SiteName": "YetaWFDist5",
      "EnforceSiteUrl": false,
      "PageSecurity": 0,
      "EnforceSitePort": false,
      "PortNumber": 80,
      "PortNumberSSL": 443,
      "Localization": true,
      "DefaultLanguageId": "en-US",
      "AllowAnonymousUsers": true,
      "Locked": false,
      "LockedForIP": null,
      "LockedExternalForIP": null,
      "LockedUrl": "/Maintenance/Offline For Maintenance.html",
      "AllowPopups": true,
      "CssNoTooltips": "linkpreview-show peelback",
      "FavIcon_Data": {
        "$type": "System.Byte[], System.Private.CoreLib",
        "$value": ""
      },
      "FavIconLrg_Data": {
        "$type": "System.Byte[], System.Private.CoreLib",
        "$value": ""
      },
      "Country": "United States",
      "TimeZone": null,
      "Currency": "USD",
      "CurrencyFormat": "$ #,0.00",
      "CurrencyDecimals": 2,
      "StaticPages": false,
      "AllowCacheUse": true,
      "Compression": true,
      "CompressCSSFiles": true,
      "BundleCSSFiles": true,
      "CssLocation": 1,
      "CompressJSFiles": true,
      "BundleJSFiles": true,
      "JSLocation": 1,
      "DisableMinimizeFUOC": false,
      "IFrameUse": 0,
      "Copyright": "YetaWF.com - © Copyright <<Year>> Softel vdm, Inc.",
      "UseCDNComponents": false,
      "UseCDN": false,
      "CDNUrl": null,
      "CDNUrlSecure": null,
      "StaticDomain": null,
      "EmailDebug": false,
      "AdminEmail": "youremail@YetaWFDist5",
      "SMTP": {
        "$type": "YetaWF.Core.SendEmail.SMTPServer, YetaWF.Core",
        "Server": "mail.YetaWFDist5",
        "Port": 25,
        "Authentication": 1,
        "UserName": "youremail@YetaWFDist5",
        "Password": "somepassword",
        "SSL": false
      },
      "HomePageUrl": "/",
      "NotFoundUrl": "/Errors/404",
      "MobileSiteUrl": null,
      "UnsupportedBrowserUrl": "/Maintenance/Unsupported Browser.html",
      "LoginUrl": "/User/Login",
      "PostLoginUrl": null,
      "ExternalAccountSetupUrl": "/User/Setup External Account",
      "ReferencedModules": {
        "$type": "YetaWF.Core.Serializers.SerializableList`1[[YetaWF.Core.Modules.ModuleDefinition+ReferencedModule, YetaWF.Core]], YetaWF.Core",
        "$values": [
          {
            "$type": "YetaWF.Core.Modules.ModuleDefinition+ReferencedModule, YetaWF.Core",
            "ModuleGuid": "466c0cca-3e63-43f3-8754-f4267767eed1"
          },
          {
            "$type": "YetaWF.Core.Modules.ModuleDefinition+ReferencedModule, YetaWF.Core",
            "ModuleGuid": "267f00cc-c619-4854-baed-9e4b812d7e95"
          }
        ]
      },
      "SelectedSkin": {
        "$type": "YetaWF.Core.Skins.SkinDefinition, YetaWF.Core",
        "Collection": "YetaWF/DefaultSkin/DefaultSkin",
        "FileName": "Default"
      },
      "SelectedPopupSkin": {
        "$type": "YetaWF.Core.Skins.SkinDefinition, YetaWF.Core",
        "Collection": "YetaWF/DefaultSkin/DefaultSkin",
        "FileName": "Popup"
      },
      "FormErrorsImmed": false,
      "BootstrapSkin": "Bootstrap Default",
      "jQueryUISkin": "Start",
      "KendoUISkin": "Blue Opal",
      "TabStyle": 0,
      "PublicKey": "<RSAKeyValue><Modulus>yCstIsZKYTetIvtpfhuvsUFNQHbJURKwIDHPLtJR9fejpcW51r2TcSXo3Dl3vwi6VTIRMWQx4A/esgegMjbnosR2++qBTH1DK7THduJhLH79rhi5CBZRDde4jlVsAs2WcCg2mEL7AYmmJB7FAi5WthYr//NPqfGRyMBDKHKpNfE=</Modulus><Exponent>AQAB</Exponent><P></P><Q></Q><DP></DP><DQ></DQ><InverseQ></InverseQ><D></D></RSAKeyValue>",
      "PrivateKey": "<RSAKeyValue><Modulus>yCstIsZKYTetIvtpfhuvsUFNQHbJURKwIDHPLtJR9fejpcW51r2TcSXo3Dl3vwi6VTIRMWQx4A/esgegMjbnosR2++qBTH1DK7THduJhLH79rhi5CBZRDde4jlVsAs2WcCg2mEL7AYmmJB7FAi5WthYr//NPqfGRyMBDKHKpNfE=</Modulus><Exponent>AQAB</Exponent><P>7oRnaX+B4Ysr0cB815lfIuKRVuVb8C5+n+PX6xdApA+uEdJX59CZp2rNYxCdulunkc61V6dUm4fkMDOucbUHCw==</P><Q>1tcw01ePgowwZ5vAqSWlFtO4U8fg/IZuwXdr6lQfcll9xgjOt6uI/vck+L8Zw5Ofw/yX4Q+GXXaBvBwfxfykcw==</Q><DP>ZuiRhZ8R9rIJMfKO6qatuWtvscI7rKEi2PGBE1lw9lgdjmrmqooCAY2/F+Lvapxo7Cv3ad40TvaOqY1i0oR8iQ==</DP><DQ>R2yrUtfdYi1xOkDRwGo/hGNG+LOO3OVklPU672CgQ8f0xI3RC8b/eKR5qij+S8Mcbm/fnncm2JO5dexzs8LWeQ==</DQ><InverseQ>AZwEMY6kpnrVljmYR/mwT7L1R/RABII/uijMg3+W2Jmc20R5ZpglaPvn3DV+sSLXjT56yHJyQW6zku4R2G9Osg==</InverseQ><D>bX44tWH0Q9OZ0J3n6cSpSXOoF1Ai9Uccsq+sXjdMABkTGlXbPxz6LxWGmBiTaRsUGhBGGVdudNsZfRbwyScBcy64w8C2cpdlQJyJXZ0Lf63NzKDpsJs1PQiiJWN5dYhvqYOvUa0WdEOrBPFZDh8KpSl0e6/YcLbGoHPCFSRWThU=</D></RSAKeyValue>",
      "Analytics": null,
      "AnalyticsContent": null,
      "GoogleVerification": null,
      "ExtraHead": null,
      "ExtraBodyTop": null,
      "ExtraBodyBottom": null,
      "UseGeoLocation": false,
      "SiteMetaTags": null,
      "PageMetaTags": null,
      "DefaultSiteMap": false,
      "SiteMapPriority": 50,
      "DefaultChangeFrequency": 4
    }
  ]
}