{
  "$type": "YetaWF.Core.Serializers.SerializableList`1[[YetaWF.Core.Site.SiteDefinition, YetaWF.Core]], YetaWF.Core",
  "$values": [
    {
      "$type": "YetaWF.Core.Site.SiteDefinition, YetaWF.Core",
      "Identity": 1000,
      "SiteDomain": "YetaWFDist5",
      "SiteTestDomain": null,
      "SiteName": "YetaWFDist5",
      "EnforceSiteUrl": false,
      "PageSecurity": 0,
      "EnforceSitePort": false,
      "PortNumber": 80,
      "PortNumberSSL": 443,
      "Localization": true,
      "DefaultLanguageId": "en-US",
      "AllowAnonymousUsers": true,
      "Locked": false,
      "LockedForIP": null,
      "LockedExternalForIP": null,
      "LockedUrl": "/Maintenance/Offline For Maintenance.html",
      "AllowPopups": true,
      "CssNoTooltips": "linkpreview-show peelback",
      "FavIcon_Data": {
        "$type": "System.Byte[], System.Private.CoreLib",
        "$value": ""
      },
      "FavIconLrg_Data": {
        "$type": "System.Byte[], System.Private.CoreLib",
        "$value": ""
      },
      "Country": "United States",
      "TimeZone": "Eastern Standard Time",
      "Currency": "USD",
      "CurrencyFormat": "$ #,0.00",
      "CurrencyDecimals": 2,
      "StaticPages": false,
      "AllowCacheUse": true,
      "Compression": true,
      "CompressCSSFiles": true,
      "BundleCSSFiles": true,
      "CssLocation": 1,
      "CompressJSFiles": true,
      "BundleJSFiles": true,
      "JSLocation": 1,
      "DisableMinimizeFUOC": false,
      "IFrameUse": 0,
      "Copyright": "YetaWF.com - © Copyright <<Year>> Softel vdm, Inc.",
      "UseCDNComponents": false,
      "UseCDN": false,
      "CDNUrl": null,
      "CDNUrlSecure": null,
      "StaticDomain": null,
      "EmailDebug": false,
      "AdminEmail": "youremail@YetaWFDist5",
      "SMTP": {
        "$type": "YetaWF.Core.SendEmail.SMTPServer, YetaWF.Core",
        "Server": "mail.YetaWFDist5",
        "Port": 25,
        "Authentication": 1,
        "UserName": "youremail@YetaWFDist5",
        "Password": "somepassword",
        "SSL": false
      },
      "HomePageUrl": "/",
      "NotFoundUrl": "/Errors/404",
      "MobileSiteUrl": null,
      "UnsupportedBrowserUrl": "/Maintenance/Unsupported Browser.html",
      "LoginUrl": "/User/Login",
      "PostLoginUrl": null,
      "ExternalAccountSetupUrl": "/User/Setup External Account",
      "ReferencedModules": {
        "$type": "YetaWF.Core.Serializers.SerializableList`1[[YetaWF.Core.Modules.ModuleDefinition+ReferencedModule, YetaWF.Core]], YetaWF.Core",
        "$values": [
          {
            "$type": "YetaWF.Core.Modules.ModuleDefinition+ReferencedModule, YetaWF.Core",
            "ModuleGuid": "466c0cca-3e63-43f3-8754-f4267767eed1"
          },
          {
            "$type": "YetaWF.Core.Modules.ModuleDefinition+ReferencedModule, YetaWF.Core",
            "ModuleGuid": "267f00cc-c619-4854-baed-9e4b812d7e95"
          }
        ]
      },
      "SelectedSkin": {
        "$type": "YetaWF.Core.Skins.SkinDefinition, YetaWF.Core",
        "Collection": "YetaWF/DefaultSkin/DefaultSkin",
        "FileName": "Default"
      },
      "SelectedPopupSkin": {
        "$type": "YetaWF.Core.Skins.SkinDefinition, YetaWF.Core",
        "Collection": "YetaWF/DefaultSkin/DefaultSkin",
        "FileName": "Popup"
      },
      "MessageType": 11,
      "FormErrorsImmed": false,
      "BootstrapSkin": "Bootstrap Default",
      "jQueryUISkin": "Start",
      "KendoUISkin": "Blue Opal",
      "TabStyle": 0,
      "PublicKey": "<RSAKeyValue><Modulus>nNhxgKPShdQc2qMIee8RJLLRTXuGbQbwxRJ0fRxn6xAOyex2dXH3JEp1iRdfb7lcgbFVjssKeQt0uMUYU8D5u0a2DxsLAm2hDdaq171UJUKi2+a8AdEmM0G6Rtf7avaXEczRLeGNzWXsgtg0yaq3Epo4EBvcr0bE+cfSu1BSdhk=</Modulus><Exponent>AQAB</Exponent><P></P><Q></Q><DP></DP><DQ></DQ><InverseQ></InverseQ><D></D></RSAKeyValue>",
      "PrivateKey": "<RSAKeyValue><Modulus>nNhxgKPShdQc2qMIee8RJLLRTXuGbQbwxRJ0fRxn6xAOyex2dXH3JEp1iRdfb7lcgbFVjssKeQt0uMUYU8D5u0a2DxsLAm2hDdaq171UJUKi2+a8AdEmM0G6Rtf7avaXEczRLeGNzWXsgtg0yaq3Epo4EBvcr0bE+cfSu1BSdhk=</Modulus><Exponent>AQAB</Exponent><P>xC2mcAbpfnivKIuLNp1CI5NZiB7+iFjTaZU3LW00lp7WfMTUs7/H9t0N+mmdbBlki7tdnR0xek+RG2TmvtbY5w==</P><Q>zKxWY3InyD6SYkGWPQAGDrVtj4L/feMtDGT2ryueOwqIuc2ft59lvDihUOfj0dr7ZBosCOEktBQOTVwD9xdY/w==</Q><DP>u2eYjYAs4eJMAYF8lcmYev+yEbT6Fio0m7Itqbme+Rv3be1h++yDC7KUPdlSxwdi45Ezlnli4KLNzcuQGlKHlQ==</DP><DQ>Z/C1Rnd4oIa2TFPGemACs4GLjDAYk9PE0uCLLlZWWuF0ofc8v0Ghpr6TncTFu5Mby7BG4JOF0jXFNaAfG2Kt/Q==</DQ><InverseQ>TjTQ95+BZdDe6y6ijjWt45R5s+BK2A1e98xcafP6qcq923dCzj/b4iVmrJRObB2QSA/nOF4mVQWqCtKPvMUASw==</InverseQ><D>SPXOZr7OMX7oJTRtvvrciKu9/UMW1yTBX4skMQbDuG7x0jBzMlLfWjxgzHLY7EnXpGTvncsJhiE0HLdih6NfB2p3gvFUDE/DtkscSa2kqNTwcnmcamM76oEpTPWzeX7EK60EZJV7PsKceDAzkf812pKz3kR6OAvFTZqn2NfZCHk=</D></RSAKeyValue>",
      "Analytics": null,
      "AnalyticsContent": null,
      "GoogleVerification": null,
      "ExtraHead": null,
      "ExtraBodyTop": null,
      "ExtraBodyBottom": null,
      "UseGeoLocation": false,
      "SiteMetaTags": null,
      "PageMetaTags": null,
      "DefaultSiteMap": false,
      "SiteMapPriority": 50,
      "DefaultChangeFrequency": 4
    }
  ]
}