{
  "$type": "YetaWF.Core.Serializers.SerializableList`1[[YetaWF.Core.Site.SiteDefinition, YetaWF.Core]], YetaWF.Core",
  "$values": [
    {
      "$type": "YetaWF.Core.Site.SiteDefinition, YetaWF.Core",
      "Identity": 1000,
      "SiteDomain": "YetaWFDist4",
      "SiteTestDomain": null,
      "SiteName": "YetaWFDist4",
      "EnforceSiteUrl": false,
      "PageSecurity": 0,
      "EnforceSitePort": false,
      "PortNumber": 80,
      "PortNumberSSL": 443,
      "Localization": true,
      "DefaultLanguageId": "en-US",
      "AllowAnonymousUsers": true,
      "Locked": false,
      "LockedForIP": null,
      "LockedExternalForIP": null,
      "LockedUrl": "/Maintenance/Offline For Maintenance.html",
      "AllowPopups": true,
      "CssNoTooltips": "linkpreview-show peelback",
      "FavIcon_Data": {
        "$type": "System.Byte[], mscorlib",
        "$value": ""
      },
      "FavIconLrg_Data": {
        "$type": "System.Byte[], mscorlib",
        "$value": ""
      },
      "Country": "United States",
      "Currency": "USD",
      "CurrencyFormat": "$ #,0.00",
      "CurrencyDecimals": 2,
      "StaticPages": false,
      "AllowCacheUse": true,
      "Compression": true,
      "CompressCSSFiles": true,
      "BundleCSSFiles": true,
      "CssLocation": 1,
      "CompressJSFiles": true,
      "BundleJSFiles": true,
      "JSLocation": 1,
      "DisableMinimizeFUOC": false,
      "IFrameUse": 0,
      "Copyright": "YetaWF.com - © Copyright <<Year>> Softel vdm, Inc.",
      "UseCDNComponents": false,
      "UseCDN": false,
      "CDNUrl": null,
      "CDNUrlSecure": null,
      "StaticDomain": null,
      "EmailDebug": false,
      "AdminEmail": "youremail@YetaWFDist4",
      "SMTP": {
        "$type": "YetaWF.Core.SendEmail.SMTPServer, YetaWF.Core",
        "Server": "mail.YetaWFDist4",
        "Port": 25,
        "Authentication": 1,
        "UserName": "youremail@YetaWFDist4",
        "Password": "somepassword",
        "SSL": false
      },
      "HomePageUrl": "/",
      "NotFoundUrl": "/Errors/404",
      "MobileSiteUrl": null,
      "UnsupportedBrowserUrl": "/Maintenance/Unsupported Browser.html",
      "LoginUrl": "/User/Login",
      "ExternalAccountSetupUrl": "/User/Setup External Account",
      "ReferencedModules": {
        "$type": "YetaWF.Core.Serializers.SerializableList`1[[YetaWF.Core.Modules.ModuleDefinition+ReferencedModule, YetaWF.Core]], YetaWF.Core",
        "$values": []
      },
      "SelectedSkin": {
        "$type": "YetaWF.Core.Skins.SkinDefinition, YetaWF.Core",
        "Collection": "YetaWF/DefaultSkin/DefaultSkin",
        "FileName": "Default.cshtml"
      },
      "SelectedPopupSkin": {
        "$type": "YetaWF.Core.Skins.SkinDefinition, YetaWF.Core",
        "Collection": "YetaWF/DefaultSkin/DefaultSkin",
        "FileName": "Popup.cshtml"
      },
      "FormErrorsImmed": false,
      "BootstrapSkin": "Bootstrap Default",
      "jQueryUISkin": "Start",
      "KendoUISkin": "Blue Opal",
      "TabStyle": 0,
      "PublicKey": "<RSAKeyValue><Modulus>7fPxoBlwnDQO+N0SFF5r2Sm8iNyYvZ8KSmqrn/mINYX9sobcSoJ5dK1U1VaV65rntAbo4mG/hJDet1xz7b8tXF2bPyyE73BSI04+0Pv/VcxZQvEI1hdZ8/5D1Y6u0LmShpUUUJGbNboowQpZQPWOfCAmH4gpMFnbrh2zsSkedOk=</Modulus><Exponent>AQAB</Exponent></RSAKeyValue>",
      "PrivateKey": "<RSAKeyValue><Modulus>7fPxoBlwnDQO+N0SFF5r2Sm8iNyYvZ8KSmqrn/mINYX9sobcSoJ5dK1U1VaV65rntAbo4mG/hJDet1xz7b8tXF2bPyyE73BSI04+0Pv/VcxZQvEI1hdZ8/5D1Y6u0LmShpUUUJGbNboowQpZQPWOfCAmH4gpMFnbrh2zsSkedOk=</Modulus><Exponent>AQAB</Exponent><P>+skH77/wX2PYvguKiYP7v5oHH+lQvvn6aZvb13E0lSnM+cUbr6jlqgAYFvGB+6xvZcD2bR70nu6IVIV+qI8hbw==</P><Q>8uaaqNZC0REtFDYt6L4SOU9cC6B7AezkbGU+IIB9vvmrYO+kqsv9pvJBeqSsY1Cj1WdFHKcn09Zik9OTWKzzJw==</Q><DP>0KZ9Ye1xkgvCgqubgbo7tDf0gYpe0eWtgDxadi8LrqbukUh7NnTxT7VwVXZtzPS0YhZfcH52y9xttNS0go1DJQ==</DP><DQ>bii7V3rkjqB1i0cPBxC8fxVIr1U2tCbVaXt485CSdrwQR0Qnr/YXsVEI9TAdpmT6CFxvcZE1dNMznctEdeDp3Q==</DQ><InverseQ>I1+PTpaaA2xyBZgu5INfhETxLXJgehG1IMN0KAPQxp83FHhpEAtg0Tv4AbmiE+FdpbYmIuAJoHHniI+DyeE1aw==</InverseQ><D>mwof/C23Nr+gpbv9BLKE2KkeA5qgFqTiYpxgGMrQWfdk1oaSUCX1FvW82YgiBLIYmC8MXDxOOgTeaGBf1J+E4HEd9hZZLeT6oDRiMzPD1WHJeebHoKe1MiraWDmeHYj/tCiKjX+xg260GPURPTJHqi3R01Szn4spRKWl1x94m0U=</D></RSAKeyValue>",
      "Analytics": null,
      "AnalyticsContent": null,
      "GoogleVerification": null,
      "ExtraHead": null,
      "ExtraBodyTop": null,
      "ExtraBodyBottom": null,
      "UseGeoLocation": false,
      "SiteMetaTags": null,
      "PageMetaTags": null,
      "SiteMapPriority": 50,
      "DefaultChangeFrequency": 4
    }
  ]
}