{
  "$type": "YetaWF.Core.Serializers.SerializableList`1[[YetaWF.Core.Site.SiteDefinition, YetaWF.Core]], YetaWF.Core",
  "$values": [
    {
      "$type": "YetaWF.Core.Site.SiteDefinition, YetaWF.Core",
      "Identity": 1000,
      "SiteDomain": "YetaWFDist4",
      "SiteName": "YetaWFDist4",
      "EnforceSiteUrl": false,
      "PageSecurity": 0,
      "EnforceSitePort": false,
      "PortNumber": 80,
      "PortNumberSSL": 443,
      "Localization": true,
      "DefaultLanguageId": "en-US",
      "AllowAnonymousUsers": true,
      "Locked": false,
      "LockedForIP": null,
      "LockedExternalForIP": null,
      "LockedUrl": "/Maintenance/Offline For Maintenance.html",
      "AllowPopups": true,
      "CssNoTooltips": "linkpreview-show peelback",
      "FavIcon_Data": {
        "$type": "System.Byte[], mscorlib",
        "$value": ""
      },
      "FavIconLrg_Data": {
        "$type": "System.Byte[], mscorlib",
        "$value": ""
      },
      "Country": "United States",
      "Currency": "USD",
      "CurrencyFormat": "$ #,0.00",
      "CurrencyDecimals": 2,
      "StaticPages": false,
      "AllowCacheUse": true,
      "Compression": true,
      "CompressCSSFiles": true,
      "BundleCSSFiles": true,
      "CssLocation": 1,
      "CompressJSFiles": true,
      "BundleJSFiles": true,
      "JSLocation": 1,
      "DisableMinimizeFUOC": false,
      "IFrameUse": 0,
      "Copyright": "YetaWF.com - © Copyright <<Year>> Softel vdm, Inc.",
      "UseCDNComponents": false,
      "UseCDN": false,
      "CDNUrl": null,
      "CDNUrlSecure": null,
      "StaticDomain": null,
      "EmailDebug": false,
      "AdminEmail": "youremail@YetaWFDist4",
      "SMTP": {
        "$type": "YetaWF.Core.SendEmail.SMTPServer, YetaWF.Core",
        "Server": "mail.YetaWFDist4",
        "Port": 25,
        "Authentication": 1,
        "UserName": "youremail@YetaWFDist4",
        "Password": "somepassword",
        "SSL": false
      },
      "HomePageUrl": "/",
      "NotFoundUrl": "/Errors/404",
      "MobileSiteUrl": null,
      "UnsupportedBrowserUrl": "/Maintenance/Unsupported Browser.html",
      "LoginUrl": "/User/Login",
      "ExternalAccountSetupUrl": "/User/Setup External Account",
      "ReferencedModules": {
        "$type": "YetaWF.Core.Serializers.SerializableList`1[[YetaWF.Core.Modules.ModuleDefinition+ReferencedModule, YetaWF.Core]], YetaWF.Core",
        "$values": []
      },
      "SelectedSkin": {
        "$type": "YetaWF.Core.Skins.SkinDefinition, YetaWF.Core",
        "Collection": "YetaWF/DefaultSkin/DefaultSkin",
        "FileName": "Default.cshtml"
      },
      "SelectedPopupSkin": {
        "$type": "YetaWF.Core.Skins.SkinDefinition, YetaWF.Core",
        "Collection": "YetaWF/DefaultSkin/DefaultSkin",
        "FileName": "Popup.cshtml"
      },
      "FormErrorsImmed": false,
      "BootstrapSkin": "Bootstrap Default",
      "jQueryUISkin": "Start",
      "KendoUISkin": "Blue Opal",
      "TabStyle": 0,
      "PublicKey": "<RSAKeyValue><Modulus>xzcWTRwqOJfbX3FhhhfI3h0EGkAhaQCu9WdC75vWvSVAd2VKx3P9Fl87lxJBu21RPYs4lUpRoUm9Tcbuwj/ch9Zj7dYZzAMAeEgoVwVR0lkyH38qDtRP3V1yj/wznrYT8w2qn9SFHW+JUKSZwO6Bb4vPuLi63NnP4AN0McD3cB0=</Modulus><Exponent>AQAB</Exponent></RSAKeyValue>",
      "PrivateKey": "<RSAKeyValue><Modulus>xzcWTRwqOJfbX3FhhhfI3h0EGkAhaQCu9WdC75vWvSVAd2VKx3P9Fl87lxJBu21RPYs4lUpRoUm9Tcbuwj/ch9Zj7dYZzAMAeEgoVwVR0lkyH38qDtRP3V1yj/wznrYT8w2qn9SFHW+JUKSZwO6Bb4vPuLi63NnP4AN0McD3cB0=</Modulus><Exponent>AQAB</Exponent><P>x2dm+TrHJabZCOquz8B/AlY+5eYK5kxxzsVzNoVCbL8x/NuSRytzCaJNihjHPxl2AD5Sd8QOmu6sS2oTnBwW6w==</P><Q>/8H4xcY3DU0BtyAv/B92hQI2Hz9EKGEoQYEB3Yv0+aIdPee4XqwYRF5+A2somXuZVs/4I5dN8+d/xtRuTJ3jFw==</Q><DP>GVIWD1vZYfyX3rv+Sr9E4YUWI5dclvXqFbmY8blmP+zfah5vqr3ns7d6ZSjUVDzlcQ545mBtAluAYWss5kvi1Q==</DP><DQ>M0hcrqN5JHSddG/Cz2YrqK3x1kAkVYhtvvy0OA05ONj1zhTpliohz4u27s6M3IG5FHwtAE31doOjzmWIHFrITw==</DQ><InverseQ>ZJ4N3BEAaIubVzJGRHJZgnto/2qlIvD9qtA5OJDdFv3tZ4YJV5HF9PbQp8IgCSdSJuYJIw8Ju4izUhsxggAcaw==</InverseQ><D>QmvYkK8yWJoxN3pbNNVbUMtF4ea9/P+QVhwu0isYhwoTm3t3WlcO7FWmTbF1nyNMsgNoQ0Z7PxaR+ou4caXPRhdvw45p471ZZ3DJupsUnraNJ2z1hmdDucLSUMpTJjUJb9vS67DbiFyL4ywWRxdTL6SHVcqPW/wjk156Mv4bR/U=</D></RSAKeyValue>",
      "Analytics": null,
      "AnalyticsContent": null,
      "GoogleVerification": null,
      "ExtraHead": null,
      "ExtraBodyTop": null,
      "ExtraBodyBottom": null,
      "UseGeoLocation": false,
      "SiteMetaTags": null,
      "PageMetaTags": null,
      "SiteMapPriority": 50,
      "DefaultChangeFrequency": 4
    }
  ]
}