{
  "$type": "YetaWF.Core.Serializers.SerializableList`1[[YetaWF.Core.Site.SiteDefinition, YetaWF.Core]], YetaWF.Core",
  "$values": [
    {
      "$type": "YetaWF.Core.Site.SiteDefinition, YetaWF.Core",
      "Identity": 1000,
      "SiteDomain": "YetaWFDist4",
      "SiteName": "YetaWFDist4",
      "EnforceSiteUrl": false,
      "PageSecurity": 0,
      "EnforceSitePort": false,
      "PortNumber": 80,
      "PortNumberSSL": 443,
      "Localization": true,
      "DefaultLanguageId": "en-US",
      "AllowAnonymousUsers": true,
      "Locked": false,
      "LockedForIP": null,
      "LockedExternalForIP": null,
      "LockedUrl": "/Maintenance/Offline For Maintenance.html",
      "AllowPopups": true,
      "CssNoTooltips": "linkpreview-show peelback",
      "FavIcon_Data": {
        "$type": "System.Byte[], mscorlib",
        "$value": ""
      },
      "FavIconLrg_Data": {
        "$type": "System.Byte[], mscorlib",
        "$value": ""
      },
      "Country": "United States",
      "Currency": "USD",
      "CurrencyFormat": "$ #,0.00",
      "CurrencyDecimals": 2,
      "StaticPages": false,
      "AllowCacheUse": true,
      "Compression": true,
      "CompressCSSFiles": true,
      "BundleCSSFiles": true,
      "CssLocation": 1,
      "CompressJSFiles": true,
      "BundleJSFiles": true,
      "JSLocation": 1,
      "DisableMinimizeFUOC": false,
      "IFrameUse": 0,
      "Copyright": "YetaWF.com - © Copyright <<Year>> Softel vdm, Inc.",
      "UseCDNComponents": false,
      "UseCDN": false,
      "CDNUrl": null,
      "CDNUrlSecure": null,
      "StaticDomain": null,
      "EmailDebug": false,
      "AdminEmail": "youremail@YetaWFDist4",
      "SMTP": {
        "$type": "YetaWF.Core.SendEmail.SMTPServer, YetaWF.Core",
        "Server": "mail.YetaWFDist4",
        "Port": 25,
        "Authentication": 1,
        "UserName": "youremail@YetaWFDist4",
        "Password": "somepassword",
        "SSL": false
      },
      "HomePageUrl": "/",
      "NotFoundUrl": "/Errors/404",
      "MobileSiteUrl": null,
      "UnsupportedBrowserUrl": "/Maintenance/Unsupported Browser.html",
      "LoginUrl": "/User/Login",
      "ExternalAccountSetupUrl": "/User/Setup External Account",
      "ReferencedModules": {
        "$type": "YetaWF.Core.Serializers.SerializableList`1[[YetaWF.Core.Modules.ModuleDefinition+ReferencedModule, YetaWF.Core]], YetaWF.Core",
        "$values": []
      },
      "SelectedSkin": {
        "$type": "YetaWF.Core.Skins.SkinDefinition, YetaWF.Core",
        "Collection": "YetaWF/DefaultSkin/DefaultSkin",
        "FileName": "Default.cshtml"
      },
      "SelectedPopupSkin": {
        "$type": "YetaWF.Core.Skins.SkinDefinition, YetaWF.Core",
        "Collection": "YetaWF/DefaultSkin/DefaultSkin",
        "FileName": "Popup.cshtml"
      },
      "FormErrorsImmed": false,
      "BootstrapSkin": "Bootstrap Default",
      "jQueryUISkin": "Start",
      "KendoUISkin": "Blue Opal",
      "TabStyle": 0,
      "PublicKey": "<RSAKeyValue><Modulus>uQAA5Axx0++PhDssgJupusq4SRBUw32kwN2S4vtNVNcjUHXR8H+ae6p5UZT4/KVV4oX3r01ySFv8Q26WU+p0n8CC9R9w2t/SQp86H8PKedffCRkwHRsQT5vN1njsxyEOjcN/VM9G1zHEZEmBHDOe4qBan6cVZEJX4ziAX+rWujU=</Modulus><Exponent>AQAB</Exponent></RSAKeyValue>",
      "PrivateKey": "<RSAKeyValue><Modulus>uQAA5Axx0++PhDssgJupusq4SRBUw32kwN2S4vtNVNcjUHXR8H+ae6p5UZT4/KVV4oX3r01ySFv8Q26WU+p0n8CC9R9w2t/SQp86H8PKedffCRkwHRsQT5vN1njsxyEOjcN/VM9G1zHEZEmBHDOe4qBan6cVZEJX4ziAX+rWujU=</Modulus><Exponent>AQAB</Exponent><P>xQfamuRNa9Ja//LcBwg7ELOu36IzFnSHKNX3Mqerol6EypBe15n1/9JtNzqO0mEdgvLipvojOZnpIEJpxr2kvw==</P><Q>8F5hh+VofWE7AqHhXxPw401oar9LDYyj7E5dIg7hAQ7Lq/zI8Jqfwg6JrSmMXgJwBw2f9Xm5Guu/K/WimRraCw==</Q><DP>RU9D+STCj2FKHatC9z5P+MochBK8wfNv8E+ES89rswxozhEHK/S+8qUFQl5ZC2yaQwxJ6s8nQQYBWhXCu+TOZQ==</DP><DQ>bTomTc/EtLz7SM3xEPiJzXC+k0uMOoL/doGBttlWC9oCWYxMb3GESXW7wHGR9KJc8AeT+cOvhvk77Sj5E2PtUw==</DQ><InverseQ>Tpe38c0wpX96siCPA6unqy2xfrm/YzGgimNRS4gWpd6mfgk8DvcQENDQ636nCVxASTyXnFYGGHagUGrytoXE0w==</InverseQ><D>qUymhAwbcy9NcF5SuJM7vZRdF4gZehmWV2WuUYhW2ahUSgK4kFXGQxvcEFu7jEGmGjotU8EVL8D2V6NxcPQjqqpSq7uTHpGO3jowY5eFtwQsDWkLz5AazHtrzoxjEB3+G8I58hkBjN7fCzK4Wz/g4VomN2OONX3foUqwWbveMvU=</D></RSAKeyValue>",
      "Analytics": null,
      "AnalyticsContent": null,
      "GoogleVerification": null,
      "ExtraHead": null,
      "ExtraBodyTop": null,
      "ExtraBodyBottom": null,
      "UseGeoLocation": false,
      "SiteMetaTags": null,
      "PageMetaTags": null,
      "SiteMapPriority": 50,
      "DefaultChangeFrequency": 4
    }
  ]
}