{
  "$type": "YetaWF.Core.Serializers.SerializableList`1[[YetaWF.Core.Site.SiteDefinition, YetaWF.Core]], YetaWF.Core",
  "$values": [
    {
      "$type": "YetaWF.Core.Site.SiteDefinition, YetaWF.Core",
      "Identity": 1000,
      "SiteDomain": "YetaWFDist4",
      "SiteName": "YetaWFDist4",
      "EnforceSiteUrl": false,
      "PageSecurity": 0,
      "EnforceSitePort": false,
      "PortNumber": 80,
      "PortNumberSSL": 443,
      "Localization": true,
      "DefaultLanguageId": "en-US",
      "AllowAnonymousUsers": true,
      "Locked": false,
      "LockedForIP": null,
      "LockedExternalForIP": null,
      "LockedUrl": "/Maintenance/Offline For Maintenance.html",
      "AllowPopups": true,
      "CssNoTooltips": "linkpreview-show peelback",
      "FavIcon_Data": {
        "$type": "System.Byte[], mscorlib",
        "$value": ""
      },
      "FavIconLrg_Data": {
        "$type": "System.Byte[], mscorlib",
        "$value": ""
      },
      "Country": "United States",
      "Currency": "USD",
      "CurrencyFormat": "$ #,0.00",
      "CurrencyDecimals": 2,
      "StaticPages": false,
      "AllowCacheUse": true,
      "Compression": true,
      "CompressCSSFiles": true,
      "BundleCSSFiles": true,
      "CssLocation": 1,
      "CompressJSFiles": true,
      "BundleJSFiles": true,
      "JSLocation": 1,
      "DisableMinimizeFUOC": false,
      "IFrameUse": 0,
      "Copyright": "YetaWF.com - © Copyright <<Year>> Softel vdm, Inc.",
      "UseCDNComponents": false,
      "UseCDN": false,
      "CDNUrl": null,
      "CDNUrlSecure": null,
      "StaticDomain": null,
      "EmailDebug": false,
      "AdminEmail": "youremail@YetaWFDist4",
      "SMTP": {
        "$type": "YetaWF.Core.SendEmail.SMTPServer, YetaWF.Core",
        "Server": "mail.YetaWFDist4",
        "Port": 25,
        "Authentication": 1,
        "UserName": "youremail@YetaWFDist4",
        "Password": "somepassword",
        "SSL": false
      },
      "HomePageUrl": "/",
      "NotFoundUrl": "/Errors/404",
      "MobileSiteUrl": null,
      "UnsupportedBrowserUrl": "/Maintenance/Unsupported Browser.html",
      "LoginUrl": "/User/Login",
      "ExternalAccountSetupUrl": "/User/Setup External Account",
      "ReferencedModules": {
        "$type": "YetaWF.Core.Serializers.SerializableList`1[[YetaWF.Core.Modules.ModuleDefinition+ReferencedModule, YetaWF.Core]], YetaWF.Core",
        "$values": []
      },
      "SelectedSkin": {
        "$type": "YetaWF.Core.Skins.SkinDefinition, YetaWF.Core",
        "Collection": "YetaWF/DefaultSkin/DefaultSkin",
        "FileName": "Default.cshtml"
      },
      "SelectedPopupSkin": {
        "$type": "YetaWF.Core.Skins.SkinDefinition, YetaWF.Core",
        "Collection": "YetaWF/DefaultSkin/DefaultSkin",
        "FileName": "Popup.cshtml"
      },
      "FormErrorsImmed": false,
      "BootstrapSkin": "Bootstrap Default",
      "jQueryUISkin": "Start",
      "KendoUISkin": "Blue Opal",
      "TabStyle": 0,
      "PublicKey": "<RSAKeyValue><Modulus>sEEUYnRm8rHmOOp10OU97tUSJzuyOIJ8IHmm084Rl0ME8/z8at6xiS64LK1eCiv0p/q9q0i+uoAkpaB5OfTNiGfKAmghGpmpVK+EQfsgiQXDsSBJ/+et4mFrlatHzu88mXF2JqMCcBBuUfiN2RQPLn3NlhXZKTHtJFIzjRDJGck=</Modulus><Exponent>AQAB</Exponent></RSAKeyValue>",
      "PrivateKey": "<RSAKeyValue><Modulus>sEEUYnRm8rHmOOp10OU97tUSJzuyOIJ8IHmm084Rl0ME8/z8at6xiS64LK1eCiv0p/q9q0i+uoAkpaB5OfTNiGfKAmghGpmpVK+EQfsgiQXDsSBJ/+et4mFrlatHzu88mXF2JqMCcBBuUfiN2RQPLn3NlhXZKTHtJFIzjRDJGck=</Modulus><Exponent>AQAB</Exponent><P>wvXjNycJs77WxZVmtnTzrdJIivStji9bTZah9L+epb6FsPIDUBwoMd14OK8cp0apeEykPW7oKyICKq6aQOaQJw==</P><Q>52/hg2IiqD0xllgnXrKlyVKlbMw3w97YLlrPMKI5oOFcDreL2uZe1zdjT1BSheLp3rRUfYR6YB5QGEgzZhVMjw==</Q><DP>rEZJJDgru5hcAjZVj87icOuLTLaPEkBIhtQfgr08fCtRyZzhTo3C+uU/0Z7zS+EF6ZaX3u083Lhtf7fP+J+EKw==</DP><DQ>Qikir7trKusrdM5ImvK5IB9nOP38Zxsac83z8vQ9QzeJaI+iBHbc3+tukWrl3G5s6wRkLumjTjz8KqThRKqMEw==</DQ><InverseQ>SgARSZpYXVRMzpOvcTNIjwxTQVVsXsdiOIaw8DMZ20pMCBexU0FEkzTHEz6qSqW0gqrGHZtxVLXbqg0yuvN54A==</InverseQ><D>BpbIPk3/sz73TlVlhiOrxwvsG89dgENQhJ5HoE9p1O/KdZyViyE8HdbDR9hLVbIC+WykPoz/pFU6CX8QSRxfupPF9ZBRx7RCkEHntl34imwYf086oOXLDGzDvi3LRQdUpIFfFqKDzKBbtdPLXyYkm0I+D/vf7yc3+rpbGQTJiWk=</D></RSAKeyValue>",
      "Analytics": null,
      "AnalyticsContent": null,
      "GoogleVerification": null,
      "ExtraHead": null,
      "ExtraBodyTop": null,
      "ExtraBodyBottom": null,
      "UseGeoLocation": false,
      "SiteMetaTags": null,
      "PageMetaTags": null,
      "SiteMapPriority": 50,
      "DefaultChangeFrequency": 4
    }
  ]
}