{
  "PackageName": "YetaWF.Text",
  "PackageVersion": "5.0.0",
  "Roles": [
    {
      "RoleName": "Superuser",
      "RoleId": 997
    },
    {
      "RoleName": "Administrator",
      "RoleId": 1000
    },
    {
      "RoleName": "Editor",
      "RoleId": 1001
    },
    {
      "RoleName": "User",
      "RoleId": 998
    },
    {
      "RoleName": "User (two-step authentication setup required)",
      "RoleId": 996
    },
    {
      "RoleName": "Anonymous",
      "RoleId": 999
    }
  ],
  "Users": [],
  "Data": [
    {
      "Class": "TextModuleDataProvider",
      "Chunks": 1,
      "Files": [
        {
          "FileName": "\\YetaWF_Modules\\66d365d8-c1df-45bb-9dfb-9397722ca16f_Data\\Images\\logo_123x63.jpg",
          "FileDate": "2017-07-18T16:47:29.2602139Z",
          "SiteSpecific": true
        },
        {
          "FileName": "\\YetaWF_Modules\\66d365d8-c1df-45bb-9dfb-9397722ca16f_Data\\Images\\logo_176x112.png",
          "FileDate": "2018-04-15T20:29:56.1463179Z",
          "SiteSpecific": true
        },
        {
          "FileName": "\\YetaWF_Modules\\afa55b5e-1ca5-43c7-b9b3-245c172e0819_Data\\Images\\logo_176x112.png",
          "FileDate": "2018-04-15T17:05:15.8337124Z",
          "SiteSpecific": true
        },
        {
          "FileName": "\\YetaWF_Modules\\afa55b5e-1ca5-43c7-b9b3-245c172e0819_Data\\Images\\logo_209x112.jpg",
          "FileDate": "2017-07-18T16:47:29.335882Z",
          "SiteSpecific": true
        }
      ]
    }
  ]
}