{
  "$type": "YetaWF.Core.Serializers.SerializableList`1[[YetaWF.Core.Site.SiteDefinition, YetaWF.Core]], YetaWF.Core",
  "$values": [
    {
      "$type": "YetaWF.Core.Site.SiteDefinition, YetaWF.Core",
      "Identity": 1000,
      "SiteDomain": "YetaWFDist5",
      "SiteTestDomain": null,
      "SiteName": "YetaWFDist5",
      "EnforceSiteUrl": false,
      "PageSecurity": 0,
      "EnforceSitePort": false,
      "PortNumber": 80,
      "PortNumberSSL": 443,
      "Localization": true,
      "DefaultLanguageId": "en-US",
      "AllowAnonymousUsers": true,
      "Locked": false,
      "LockedForIP": null,
      "LockedExternalForIP": null,
      "LockedUrl": "/Maintenance/Offline For Maintenance.html",
      "AllowPopups": true,
      "CssNoTooltips": "linkpreview-show",
      "FavIcon_Data": {
        "$type": "System.Byte[], System.Private.CoreLib",
        "$value": ""
      },
      "FavIconLrg_Data": {
        "$type": "System.Byte[], System.Private.CoreLib",
        "$value": ""
      },
      "Country": "United States",
      "TimeZone": null,
      "Currency": "USD",
      "CurrencyFormat": "$ #,0.00",
      "CurrencyDecimals": 2,
      "StaticPages": false,
      "AllowCacheUse": true,
      "Compression": false,
      "CompressCSSFiles": true,
      "BundleCSSFiles": true,
      "CssLocation": 1,
      "CompressJSFiles": true,
      "BundleJSFiles": true,
      "JSLocation": 1,
      "DisableMinimizeFUOC": false,
      "IFrameUse": 0,
      "ContentTypeOptions": 1,
      "StrictTransportSecurity": 1,
      "Copyright": "YetaWF.com - © Copyright <<Year>> Softel vdm, Inc.",
      "UseCDNComponents": false,
      "UseCDN": false,
      "CDNUrl": null,
      "CDNUrlSecure": null,
      "StaticDomain": null,
      "EmailDebug": false,
      "AdminEmail": "youremail@YetaWFDist5",
      "SMTP": {
        "$type": "YetaWF.Core.SendEmail.SMTPServer, YetaWF.Core",
        "Server": "mail.YetaWFDist5",
        "Port": 25,
        "Authentication": 1,
        "UserName": "youremail@YetaWFDist5",
        "Password": "somepassword",
        "SSL": false
      },
      "HomePageUrl": "/",
      "NotFoundUrl": "/Errors/404",
      "MobileSiteUrl": null,
      "UnsupportedBrowserUrl": "/Maintenance/Unsupported Browser.html",
      "LoginUrl": "/User/Login",
      "PostLoginUrl": null,
      "ExternalAccountSetupUrl": "/User/Setup External Account",
      "ReferencedModules": {
        "$type": "YetaWF.Core.Serializers.SerializableList`1[[YetaWF.Core.Modules.ModuleDefinition+ReferencedModule, YetaWF.Core]], YetaWF.Core",
        "$values": [
          {
            "$type": "YetaWF.Core.Modules.ModuleDefinition+ReferencedModule, YetaWF.Core",
            "ModuleGuid": "466c0cca-3e63-43f3-8754-f4267767eed1"
          },
          {
            "$type": "YetaWF.Core.Modules.ModuleDefinition+ReferencedModule, YetaWF.Core",
            "ModuleGuid": "267f00cc-c619-4854-baed-9e4b812d7e95"
          }
        ]
      },
      "Skin": {
        "$type": "YetaWF.Core.Skins.SkinDefinition, YetaWF.Core",
        "Collection": "YetaWF/DefaultSkin/DefaultSkin",
        "PageFileName": "Default",
        "PopupFileName": "Popup"
      },
      "MessageType": 11,
      "FormErrorsImmed": false,
      "Theme": "Default",
      "PublicKey": "<RSAKeyValue><Modulus>mW9oiAHdnkC3tR3VwzEun8bC7aBuGSrLSq9phpkDIH4nMfv4SntqHEBYm5Qkm1VrDOrtyOnmVaZLDBmtw1i09nbYudFS0zBpJEOe9UPcTFNi/9jXbmYppZ/izuAlHPEekmbHoZ1A+5aRvqYcCoRZeNhTYS2/BZc3u+c63VRrd+U=</Modulus><Exponent>AQAB</Exponent><P></P><Q></Q><DP></DP><DQ></DQ><InverseQ></InverseQ><D></D></RSAKeyValue>",
      "PrivateKey": "<RSAKeyValue><Modulus>mW9oiAHdnkC3tR3VwzEun8bC7aBuGSrLSq9phpkDIH4nMfv4SntqHEBYm5Qkm1VrDOrtyOnmVaZLDBmtw1i09nbYudFS0zBpJEOe9UPcTFNi/9jXbmYppZ/izuAlHPEekmbHoZ1A+5aRvqYcCoRZeNhTYS2/BZc3u+c63VRrd+U=</Modulus><Exponent>AQAB</Exponent><P>yGTLYpO3P/vXZCp3o2aF2zBBxQQcwR/JMyvaNiNi+Mb7I1fbB/lngmx3221BHdb1WYAsrBDovIVTCH3SVgh71w==</P><Q>xALbwxiSOURFeVx+fMcZuH6hN45PoOlxWvf7Tz2W2fHCa3XGH/VIoQi4rUaQtWo55BC2UJ8XUfbiJA9c0DySow==</Q><DP>XA15JCJI5npwehHL/WKGEKb9P1xhPRG14ey+A2qD91WoXZbpBaO6ub3L3R8171gkQmXPn4bw8lCoUNlDesPQ5w==</DP><DQ>Z6y7YG3WqcOam554qLcGu7b+vsvfAlV3R45ytm71I0Hke8JHkQ/D4qkiRURVth8Bj8fnJq1/QDM9WaVmih3/0Q==</DQ><InverseQ>aCuRRs5SfRPrnKVQnJwQVikWxeLoQ871x/KUl9jkNFW+cDr5QkN2YsvyLD2MEaF77QSUHspsTaXGSyW0lz1Qbg==</InverseQ><D>eH8xzH4KmZmhrC8+DQi24Ourcgqn7EPbW0/ew8Gu3vmztmF3YKcDciRmcegpx4ORipeFHl/ycBkknuAbwmoL0ru7CTqck1KwegsHlWtkZm42+ONTnn23J97L5/AMULgyqLDkuS9p7a79Ie6eRsdtl4BeddP5RBNZkjlQ5JWBvRE=</D></RSAKeyValue>",
      "Analytics": null,
      "AnalyticsContent": null,
      "GoogleVerification": null,
      "ExtraHead": null,
      "ExtraBodyTop": null,
      "ExtraBodyBottom": null,
      "UseGeoLocation": false,
      "SiteMetaTags": null,
      "PageMetaTags": null,
      "DefaultSiteMap": false,
      "SiteMapPriority": 50,
      "DefaultChangeFrequency": 4
    }
  ]
}