{
  "$type": "YetaWF.Core.Serializers.SerializableList`1[[YetaWF.Core.Site.SiteDefinition, YetaWF.Core]], YetaWF.Core",
  "$values": [
    {
      "$type": "YetaWF.Core.Site.SiteDefinition, YetaWF.Core",
      "Identity": 1000,
      "SiteDomain": "YetaWFDist5",
      "SiteTestDomain": null,
      "SiteName": "YetaWFDist5",
      "EnforceSiteUrl": false,
      "PageSecurity": 0,
      "EnforceSitePort": false,
      "PortNumber": 80,
      "PortNumberSSL": 443,
      "Localization": true,
      "DefaultLanguageId": "en-US",
      "AllowAnonymousUsers": true,
      "Locked": false,
      "LockedForIP": null,
      "LockedExternalForIP": null,
      "LockedUrl": "/Maintenance/Offline For Maintenance.html",
      "AllowPopups": true,
      "CssNoTooltips": "linkpreview-show",
      "FavIcon_Data": {
        "$type": "System.Byte[], System.Private.CoreLib",
        "$value": ""
      },
      "FavIconLrg_Data": {
        "$type": "System.Byte[], System.Private.CoreLib",
        "$value": ""
      },
      "Country": "United States",
      "TimeZone": null,
      "Currency": "USD",
      "StaticPages": false,
      "AllowCacheUse": true,
      "Compression": false,
      "CompressCSSFiles": true,
      "BundleCSSFiles": true,
      "CssLocation": 1,
      "CompressJSFiles": true,
      "BundleJSFiles": true,
      "JSLocation": 1,
      "DisableMinimizeFUOC": false,
      "IFrameUse": 0,
      "ContentTypeOptions": 1,
      "StrictTransportSecurity": 1,
      "Copyright": "YetaWF.com - © Copyright <<Year>> Softel vdm, Inc.",
      "UseCDNComponents": false,
      "UseCDN": false,
      "CDNUrl": null,
      "CDNUrlSecure": null,
      "StaticDomain": null,
      "EmailDebug": false,
      "AdminEmail": "youremail@YetaWFDist5",
      "SMTP": {
        "$type": "YetaWF.Core.SendEmail.SMTPServer, YetaWF.Core",
        "Server": "mail.YetaWFDist5",
        "Port": 25,
        "Authentication": 1,
        "UserName": "youremail@YetaWFDist5",
        "Password": "somepassword",
        "SSL": false
      },
      "HomePageUrl": "/",
      "NotFoundUrl": "/Errors/404",
      "MobileSiteUrl": null,
      "UnsupportedBrowserUrl": "/Maintenance/Unsupported Browser.html",
      "LoginUrl": "/User/Login",
      "PostLoginUrl": null,
      "ExternalAccountSetupUrl": "/User/Setup External Account",
      "ReferencedModules": {
        "$type": "YetaWF.Core.Serializers.SerializableList`1[[YetaWF.Core.Modules.ModuleDefinition+ReferencedModule, YetaWF.Core]], YetaWF.Core",
        "$values": [
          {
            "$type": "YetaWF.Core.Modules.ModuleDefinition+ReferencedModule, YetaWF.Core",
            "ModuleGuid": "466c0cca-3e63-43f3-8754-f4267767eed1"
          },
          {
            "$type": "YetaWF.Core.Modules.ModuleDefinition+ReferencedModule, YetaWF.Core",
            "ModuleGuid": "267f00cc-c619-4854-baed-9e4b812d7e95"
          },
          {
            "$type": "YetaWF.Core.Modules.ModuleDefinition+ReferencedModule, YetaWF.Core",
            "ModuleGuid": "915a366d-facb-4d02-b8f8-bb1acef73c4c"
          }
        ]
      },
      "Skin": {
        "$type": "YetaWF.Core.Skins.SkinDefinition, YetaWF.Core",
        "Collection": "YetaWF/DefaultSkin/DefaultSkin",
        "PageFileName": "Default",
        "PopupFileName": "Popup"
      },
      "MessageType": 11,
      "FormErrorsImmed": false,
      "Theme": "Default",
      "PublicKey": "<RSAKeyValue><Modulus>uur/8rBfiUNN+T+VVDiGxI7eoXfL88L3ztp+ZY2WIuV/yb2SMfpVTsduBc5qB+ys6L1ydqIIEiQwx7/jJNpwE2bDzgwp+nH+MSwofr3J+TNG9ZfYIaluJPmO0HlR/HieFjHwOU6FEac1F285H3jIwOvlaCn+/jDsnSrHK31wlSk=</Modulus><Exponent>AQAB</Exponent><P></P><Q></Q><DP></DP><DQ></DQ><InverseQ></InverseQ><D></D></RSAKeyValue>",
      "PrivateKey": "<RSAKeyValue><Modulus>uur/8rBfiUNN+T+VVDiGxI7eoXfL88L3ztp+ZY2WIuV/yb2SMfpVTsduBc5qB+ys6L1ydqIIEiQwx7/jJNpwE2bDzgwp+nH+MSwofr3J+TNG9ZfYIaluJPmO0HlR/HieFjHwOU6FEac1F285H3jIwOvlaCn+/jDsnSrHK31wlSk=</Modulus><Exponent>AQAB</Exponent><P>3JBqPE4/OvPQazfdyei+JudLMj+3mjlVfsQHVdrzzPn1BEK/FaRpQMdWmiPPHS/tGt92PSRMsI0svTWXH34RLw==</P><Q>2PLAblfDS36dTI3QZZ2Ydxxzi/GSnQFhfzurTPjjXGOdFzyZKb1VwMflrrFyPAzt4CMsV3kFDziHMDE+1/+5Jw==</Q><DP>mwEet7zhsONxwDfltSTMpXh8nxaqSEcsr0bCRPL3zUCIkXL66RG/Klgso2yw/DkXL4CFjth40MaV/26vAuHM3w==</DP><DQ>Lr3eh+eQxCs7aMsFI1+ZAdC3dGdP11P81ZTdi2/0TGuJ5P/BYCTS3P40ljbVDesbNTdezlncpTLgrZlumMsX8Q==</DQ><InverseQ>dLdIJ2sLuvRJx30jaC0IicaajIcdG29sjFTeQdk4DOMXtjhJUi1SyIzmh5jOEQSuJoD4h5gHHTIMoP1iAQQSEA==</InverseQ><D>t4bd4BBE/aVT/hLsMFGAIaaV+byCSMl6P2RRDq1CaOkl25OC5AeDk2JFKPZPLZC5BZxdsxXNDuLx8m76O8kumHCNot2wkdB43mR8UYId7pjX8hcqtgevb6G8F/Puz/tMwWS3WINgj1mNy+uZyxL2bcNjJdVSndpL9l8JI2/twDE=</D></RSAKeyValue>",
      "Analytics": null,
      "AnalyticsContent": null,
      "GoogleVerification": null,
      "ExtraHead": null,
      "ExtraBodyTop": null,
      "ExtraBodyBottom": null,
      "UseGeoLocation": false,
      "SiteMetaTags": null,
      "PageMetaTags": null,
      "DefaultSiteMap": false,
      "SiteMapPriority": 50,
      "DefaultChangeFrequency": 4
    }
  ]
}