{
  "$type": "YetaWF.Core.Serializers.SerializableList`1[[YetaWF.Core.Site.SiteDefinition, YetaWF.Core]], YetaWF.Core",
  "$values": [
    {
      "$type": "YetaWF.Core.Site.SiteDefinition, YetaWF.Core",
      "Identity": 1000,
      "SiteDomain": "YetaWFDist5",
      "SiteTestDomain": null,
      "SiteName": "YetaWFDist5",
      "EnforceSiteUrl": false,
      "PageSecurity": 0,
      "EnforceSitePort": false,
      "PortNumber": 80,
      "PortNumberSSL": 443,
      "Localization": true,
      "DefaultLanguageId": "en-US",
      "AllowAnonymousUsers": true,
      "Locked": false,
      "LockedForIP": null,
      "LockedExternalForIP": null,
      "LockedUrl": "/Maintenance/Offline For Maintenance.html",
      "AllowPopups": true,
      "CssNoTooltips": "linkpreview-show",
      "FavIcon_Data": {
        "$type": "System.Byte[], System.Private.CoreLib",
        "$value": ""
      },
      "FavIconLrg_Data": {
        "$type": "System.Byte[], System.Private.CoreLib",
        "$value": ""
      },
      "Country": "United States",
      "TimeZone": null,
      "Currency": "USD",
      "CurrencyFormat": "$ #,0.00",
      "CurrencyDecimals": 2,
      "StaticPages": false,
      "AllowCacheUse": true,
      "Compression": false,
      "CompressCSSFiles": true,
      "BundleCSSFiles": true,
      "CssLocation": 1,
      "CompressJSFiles": true,
      "BundleJSFiles": true,
      "JSLocation": 1,
      "DisableMinimizeFUOC": false,
      "IFrameUse": 0,
      "ContentTypeOptions": 1,
      "StrictTransportSecurity": 1,
      "Copyright": "YetaWF.com - © Copyright <<Year>> Softel vdm, Inc.",
      "UseCDNComponents": false,
      "UseCDN": false,
      "CDNUrl": null,
      "CDNUrlSecure": null,
      "StaticDomain": null,
      "EmailDebug": false,
      "AdminEmail": "youremail@YetaWFDist5",
      "SMTP": {
        "$type": "YetaWF.Core.SendEmail.SMTPServer, YetaWF.Core",
        "Server": "mail.YetaWFDist5",
        "Port": 25,
        "Authentication": 1,
        "UserName": "youremail@YetaWFDist5",
        "Password": "somepassword",
        "SSL": false
      },
      "HomePageUrl": "/",
      "NotFoundUrl": "/Errors/404",
      "MobileSiteUrl": null,
      "UnsupportedBrowserUrl": "/Maintenance/Unsupported Browser.html",
      "LoginUrl": "/User/Login",
      "PostLoginUrl": null,
      "ExternalAccountSetupUrl": "/User/Setup External Account",
      "ReferencedModules": {
        "$type": "YetaWF.Core.Serializers.SerializableList`1[[YetaWF.Core.Modules.ModuleDefinition+ReferencedModule, YetaWF.Core]], YetaWF.Core",
        "$values": [
          {
            "$type": "YetaWF.Core.Modules.ModuleDefinition+ReferencedModule, YetaWF.Core",
            "ModuleGuid": "466c0cca-3e63-43f3-8754-f4267767eed1"
          },
          {
            "$type": "YetaWF.Core.Modules.ModuleDefinition+ReferencedModule, YetaWF.Core",
            "ModuleGuid": "267f00cc-c619-4854-baed-9e4b812d7e95"
          }
        ]
      },
      "Skin": {
        "$type": "YetaWF.Core.Skins.SkinDefinition, YetaWF.Core",
        "Collection": "YetaWF/DefaultSkin/DefaultSkin",
        "PageFileName": "Default",
        "PopupFileName": "Popup"
      },
      "MessageType": 11,
      "FormErrorsImmed": false,
      "Theme": "Default",
      "PublicKey": "<RSAKeyValue><Modulus>wSTSR7Ukh3SqmULdt/KBZIOfgc7iITrHC9QHx3KoRUrIaCUBhtWaefxpay+vpsIbab1q62i7KOCc1a6SV+Drgd+I31K0iKph0jbwdVf189I3tDObpRkqGQ1brnUZC0xL4hT9RrM7IDR5yx8lnidxru1eQDliv7pt5y3x2TfbMAE=</Modulus><Exponent>AQAB</Exponent><P></P><Q></Q><DP></DP><DQ></DQ><InverseQ></InverseQ><D></D></RSAKeyValue>",
      "PrivateKey": "<RSAKeyValue><Modulus>wSTSR7Ukh3SqmULdt/KBZIOfgc7iITrHC9QHx3KoRUrIaCUBhtWaefxpay+vpsIbab1q62i7KOCc1a6SV+Drgd+I31K0iKph0jbwdVf189I3tDObpRkqGQ1brnUZC0xL4hT9RrM7IDR5yx8lnidxru1eQDliv7pt5y3x2TfbMAE=</Modulus><Exponent>AQAB</Exponent><P>5bwrQPtVlTsps+XJhTWl1njcesx3CzAuu3AjzTo5kUDmA6vnjcjkOsBQwti+iKvyeeN8hMbJj3vi2EBLT5wrvw==</P><Q>1zm1ss5YUQH+fXq3vEw/f+qVkOgDw+GT6mC1SzvIYxEMWOBtIyHb9a/qrAOWoJC8Vi2d1hclohkX2Zv7eV6UPw==</Q><DP>wX72s3m9gL7fBh2x2VfxQS51DZzvW2YOxmLSVMYIvLX7xfXhRwOAb5eRrjteZ8DjrxQSycag+BAxZVDp3bi9Aw==</DP><DQ>bQyqiZyPlwwBnCZvrhKcIf4EJlXIgplrTtgNQ79YuwlKTkX4RlLDlmq55soyqcxsAOZAENfNk6JPOU0VT9uiFQ==</DQ><InverseQ>R0PbKLCtzxuPHy+FFJeIXMNxrivdCeel73Vo0OlmBBBXzlDQgUEuhRbK+KokWZfIMP/6CV1q7UW4BimtawZxWA==</InverseQ><D>AmwpzwhwmtpVwXJbQZFjGhWkjIZBw9Tu5jEUn+XKQoQ7m0LLkBthwqHt2JBSja7llR/xFV7M6ihXDz8PStbhXUwRt+sM2w2WwCMtuQwHDJ90/BdwCNHBGGRYE3EEAnv+AIm5sO9ifrHOROUbJjU6CPRVIWJ3G/57agvsYVfOrNk=</D></RSAKeyValue>",
      "Analytics": null,
      "AnalyticsContent": null,
      "GoogleVerification": null,
      "ExtraHead": null,
      "ExtraBodyTop": null,
      "ExtraBodyBottom": null,
      "UseGeoLocation": false,
      "SiteMetaTags": null,
      "PageMetaTags": null,
      "DefaultSiteMap": false,
      "SiteMapPriority": 50,
      "DefaultChangeFrequency": 4
    }
  ]
}