{
  "$type": "YetaWF.Core.Serializers.SerializableList`1[[YetaWF.Core.Site.SiteDefinition, YetaWF.Core]], YetaWF.Core",
  "$values": [
    {
      "$type": "YetaWF.Core.Site.SiteDefinition, YetaWF.Core",
      "Identity": 1000,
      "SiteDomain": "YetaWFDist5",
      "SiteTestDomain": null,
      "SiteName": "YetaWFDist5",
      "EnforceSiteUrl": false,
      "PageSecurity": 0,
      "EnforceSitePort": false,
      "PortNumber": 80,
      "PortNumberSSL": 443,
      "Localization": true,
      "DefaultLanguageId": "en-US",
      "AllowAnonymousUsers": true,
      "Locked": false,
      "LockedForIP": null,
      "LockedExternalForIP": null,
      "LockedUrl": "/Maintenance/Offline For Maintenance.html",
      "AllowPopups": true,
      "CssNoTooltips": "linkpreview-show",
      "FavIcon_Data": {
        "$type": "System.Byte[], System.Private.CoreLib",
        "$value": ""
      },
      "FavIconLrg_Data": {
        "$type": "System.Byte[], System.Private.CoreLib",
        "$value": ""
      },
      "Country": "United States",
      "TimeZone": null,
      "Currency": "USD",
      "StaticPages": false,
      "AllowCacheUse": true,
      "Compression": false,
      "CompressCSSFiles": true,
      "BundleCSSFiles": true,
      "CssLocation": 1,
      "CompressJSFiles": true,
      "BundleJSFiles": true,
      "JSLocation": 1,
      "DisableMinimizeFUOC": false,
      "IFrameUse": 0,
      "ContentTypeOptions": 1,
      "StrictTransportSecurity": 1,
      "Copyright": "YetaWF.com - © Copyright <<Year>> Softel vdm, Inc.",
      "UseCDNComponents": false,
      "UseCDN": false,
      "CDNUrl": null,
      "CDNUrlSecure": null,
      "StaticDomain": null,
      "EmailDebug": false,
      "AdminEmail": "youremail@YetaWFDist5",
      "SMTP": {
        "$type": "YetaWF.Core.SendEmail.SMTPServer, YetaWF.Core",
        "Server": "mail.YetaWFDist5",
        "Port": 25,
        "Authentication": 1,
        "UserName": "youremail@YetaWFDist5",
        "Password": "somepassword",
        "SSL": false
      },
      "HomePageUrl": "/",
      "NotFoundUrl": "/Errors/404",
      "MobileSiteUrl": null,
      "UnsupportedBrowserUrl": "/Maintenance/Unsupported Browser.html",
      "LoginUrl": "/User/Login",
      "PostLoginUrl": null,
      "ExternalAccountSetupUrl": "/User/Setup External Account",
      "ReferencedModules": {
        "$type": "YetaWF.Core.Serializers.SerializableList`1[[YetaWF.Core.Modules.ModuleDefinition+ReferencedModule, YetaWF.Core]], YetaWF.Core",
        "$values": [
          {
            "$type": "YetaWF.Core.Modules.ModuleDefinition+ReferencedModule, YetaWF.Core",
            "ModuleGuid": "466c0cca-3e63-43f3-8754-f4267767eed1"
          },
          {
            "$type": "YetaWF.Core.Modules.ModuleDefinition+ReferencedModule, YetaWF.Core",
            "ModuleGuid": "267f00cc-c619-4854-baed-9e4b812d7e95"
          },
          {
            "$type": "YetaWF.Core.Modules.ModuleDefinition+ReferencedModule, YetaWF.Core",
            "ModuleGuid": "915a366d-facb-4d02-b8f8-bb1acef73c4c"
          }
        ]
      },
      "Skin": {
        "$type": "YetaWF.Core.Skins.SkinDefinition, YetaWF.Core",
        "Collection": "YetaWF/DefaultSkin/DefaultSkin",
        "PageFileName": "Default",
        "PopupFileName": "Popup"
      },
      "MessageType": 11,
      "FormErrorsImmed": false,
      "Theme": "Default",
      "PublicKey": "<RSAKeyValue><Modulus>rhlDOXr20qzK7GlQgMC32XxPJoh5tK0/cPBDQMyvd1LtfU7ncI+INm+KqdKxmZRk5ZgXHXDAmOuat1b2h8s3lM8tmBtM5mOl6USj8EAGVS76u/p+4J21cVhO3xEH90poIrgSOflb7wM6KYVJ7LEUZif/tQpRpawGDjv/KSzjCu0=</Modulus><Exponent>AQAB</Exponent><P></P><Q></Q><DP></DP><DQ></DQ><InverseQ></InverseQ><D></D></RSAKeyValue>",
      "PrivateKey": "<RSAKeyValue><Modulus>rhlDOXr20qzK7GlQgMC32XxPJoh5tK0/cPBDQMyvd1LtfU7ncI+INm+KqdKxmZRk5ZgXHXDAmOuat1b2h8s3lM8tmBtM5mOl6USj8EAGVS76u/p+4J21cVhO3xEH90poIrgSOflb7wM6KYVJ7LEUZif/tQpRpawGDjv/KSzjCu0=</Modulus><Exponent>AQAB</Exponent><P>2KEltEmRWW6XpHt2ubi8kfp5zBKKAdU8vib0ZnH6ipkhitnZn2jAcMxNa/0kOJBmGBJ11eaU69YzjZB/g3g0Ow==</P><Q>zb1WVm4TqomJ6WKzFedPXrpk+yNI5q4bvhQWcN5By/NcanepijIRXEX+wZGszEzofxKp/tHEcS0yplqOC22S9w==</Q><DP>mya/dGKEYYMdxMZQgC/ZjsvQU+KrSSjKOn536K+Ve5K1PVdN0CgcPC12/fLt8D0rge4myy48VrSxc6CcUzLSZQ==</DP><DQ>arXxuhKOEL4V0f9nc8zt1exHxBqhDUTxDr3Mhe5Bok8vd+lo/kzJxFppsGyme7DIRmCf25NhmHIg+zesxTCoMQ==</DQ><InverseQ>My3CH2XVggkcfqRZWNr8drvxe46VR/w7m45VMnOaPCBrdnCQeuIw8P9mkB1k7dK7wDY4f2uhvy8xvlKKDuBZ/A==</InverseQ><D>fasKlVEnHQdRKrkSPP3fN4O9dmkIwNxVcOZdBUc6WP1pJAxyjxNsFS8Kfm7xd5RgCEJyXPPocfmPIkwJhBeyM+0/IljuA9RWklRiCk1T6AalU3gTgWuLj9o8DfLjpnUj1Jgnl037bWSL/f+3tc/nrIEI5q9bynM1zaiXKyAtklk=</D></RSAKeyValue>",
      "Analytics": null,
      "AnalyticsContent": null,
      "GoogleVerification": null,
      "ExtraHead": null,
      "ExtraBodyTop": null,
      "ExtraBodyBottom": null,
      "UseGeoLocation": false,
      "SiteMetaTags": null,
      "PageMetaTags": null,
      "DefaultSiteMap": false,
      "SiteMapPriority": 50,
      "DefaultChangeFrequency": 4
    }
  ]
}