{
  "$type": "YetaWF.Core.Serializers.SerializableList`1[[YetaWF.Core.Site.SiteDefinition, YetaWF.Core]], YetaWF.Core",
  "$values": [
    {
      "$type": "YetaWF.Core.Site.SiteDefinition, YetaWF.Core",
      "Identity": 1000,
      "SiteDomain": "YetaWFDist5",
      "SiteTestDomain": null,
      "SiteName": "YetaWFDist5",
      "EnforceSiteUrl": false,
      "PageSecurity": 0,
      "EnforceSitePort": false,
      "PortNumber": 80,
      "PortNumberSSL": 443,
      "Localization": true,
      "DefaultLanguageId": "en-US",
      "AllowAnonymousUsers": true,
      "Locked": false,
      "LockedForIP": null,
      "LockedExternalForIP": null,
      "LockedUrl": "/Maintenance/Offline For Maintenance.html",
      "AllowPopups": true,
      "CssNoTooltips": "linkpreview-show",
      "FavIcon_Data": {
        "$type": "System.Byte[], System.Private.CoreLib",
        "$value": ""
      },
      "FavIconLrg_Data": {
        "$type": "System.Byte[], System.Private.CoreLib",
        "$value": ""
      },
      "Country": "United States",
      "TimeZone": "Eastern Standard Time",
      "Currency": "USD",
      "CurrencyFormat": "$ #,0.00",
      "CurrencyDecimals": 2,
      "StaticPages": false,
      "AllowCacheUse": true,
      "Compression": false,
      "CompressCSSFiles": true,
      "BundleCSSFiles": true,
      "CssLocation": 1,
      "CompressJSFiles": true,
      "BundleJSFiles": true,
      "JSLocation": 1,
      "DisableMinimizeFUOC": false,
      "IFrameUse": 0,
      "ContentTypeOptions": 1,
      "StrictTransportSecurity": 1,
      "Copyright": "YetaWF.com - © Copyright <<Year>> Softel vdm, Inc.",
      "UseCDNComponents": false,
      "UseCDN": false,
      "CDNUrl": null,
      "CDNUrlSecure": null,
      "StaticDomain": null,
      "EmailDebug": false,
      "AdminEmail": "youremail@YetaWFDist5",
      "SMTP": {
        "$type": "YetaWF.Core.SendEmail.SMTPServer, YetaWF.Core",
        "Server": "mail.YetaWFDist5",
        "Port": 25,
        "Authentication": 1,
        "UserName": "youremail@YetaWFDist5",
        "Password": "somepassword",
        "SSL": false
      },
      "HomePageUrl": "/",
      "NotFoundUrl": "/Errors/404",
      "MobileSiteUrl": null,
      "UnsupportedBrowserUrl": "/Maintenance/Unsupported Browser.html",
      "LoginUrl": "/User/Login",
      "PostLoginUrl": null,
      "ExternalAccountSetupUrl": "/User/Setup External Account",
      "ReferencedModules": {
        "$type": "YetaWF.Core.Serializers.SerializableList`1[[YetaWF.Core.Modules.ModuleDefinition+ReferencedModule, YetaWF.Core]], YetaWF.Core",
        "$values": [
          {
            "$type": "YetaWF.Core.Modules.ModuleDefinition+ReferencedModule, YetaWF.Core",
            "ModuleGuid": "466c0cca-3e63-43f3-8754-f4267767eed1"
          },
          {
            "$type": "YetaWF.Core.Modules.ModuleDefinition+ReferencedModule, YetaWF.Core",
            "ModuleGuid": "267f00cc-c619-4854-baed-9e4b812d7e95"
          },
          {
            "$type": "YetaWF.Core.Modules.ModuleDefinition+ReferencedModule, YetaWF.Core",
            "ModuleGuid": "915a366d-facb-4d02-b8f8-bb1acef73c4c"
          }
        ]
      },
      "Skin": {
        "$type": "YetaWF.Core.Skins.SkinDefinition, YetaWF.Core",
        "Collection": "YetaWF/DefaultSkin/DefaultSkin",
        "PageFileName": "Default",
        "PopupFileName": "Popup"
      },
      "MessageType": 11,
      "FormErrorsImmed": false,
      "Theme": "Default",
      "PublicKey": "<RSAKeyValue><Modulus>pumgIKrrwEi9VG5lc69WESJtWCE3tmcaetqw+vHGuGkDlxDYOe8ZN1/C++7K+X3hk65sY671BIvAYQoqmyVTeyR5Om/a8CscbbLxNp/CFRzM9TEu5G4EU8zK3C1MDlxy/ZyL0Ny6vb9tO4dQrOuZPkgmKXUyEMWalkM48UaqqTU=</Modulus><Exponent>AQAB</Exponent><P></P><Q></Q><DP></DP><DQ></DQ><InverseQ></InverseQ><D></D></RSAKeyValue>",
      "PrivateKey": "<RSAKeyValue><Modulus>pumgIKrrwEi9VG5lc69WESJtWCE3tmcaetqw+vHGuGkDlxDYOe8ZN1/C++7K+X3hk65sY671BIvAYQoqmyVTeyR5Om/a8CscbbLxNp/CFRzM9TEu5G4EU8zK3C1MDlxy/ZyL0Ny6vb9tO4dQrOuZPkgmKXUyEMWalkM48UaqqTU=</Modulus><Exponent>AQAB</Exponent><P>xNBhP6gQwunSGRY5SP7NeIlqoy8XA5c2N7IhU/+9hy2rKPp2tkUKiBuEyVaNkfU05qWNuAOg78gyobEMcuFNPw==</P><Q>2RtNrLQi4OzAVx8GaDHekvc3ywi0NqBGBUANdB+1qWL2Bc1so/wPZPdNhHCf50sP3HlAYZDkV1sVe4lfpGRIiw==</Q><DP>n4Dln4pccyq+O9iX+oGOEgcEJlYOh7lvljnF6uaTOk+XrHE37kYL3/y1Y9rChyy7f8ViEmTWdB3Ccuoi1aOkTw==</DP><DQ>pxdLbbrqCSBNW//lx3VyLrwT9bBKOqyZl1rXv+LTxn0Cii6zCXZqRrPKtj6T4sgzeeTb9vszskPIwd5VfMktxw==</DQ><InverseQ>NoaG0LIcGw3rZ+J26kvFawF+oQujDe7bbHCJbAFnFJxY4Z/lPWoY60ic07vCiBN2OEzs3gXr654qTfHTbexnIw==</InverseQ><D>i8SwyQo3dgGzQSNcov3dBWYdyCGwxHYb72p3rvuM21lcn0CEwCaeqAbxgQOaRkeKAJ+btfGIzTC1fM0FlnswJmBs4LnRA9AGyC9etM1bSG8qyVbnkdwVmSCkYbaKHrolyB5GZfnPIEaCXQDISceYCAHEglT6XRgekXsxYZepfRU=</D></RSAKeyValue>",
      "Analytics": null,
      "AnalyticsContent": null,
      "GoogleVerification": null,
      "ExtraHead": null,
      "ExtraBodyTop": null,
      "ExtraBodyBottom": null,
      "UseGeoLocation": false,
      "SiteMetaTags": null,
      "PageMetaTags": null,
      "DefaultSiteMap": false,
      "SiteMapPriority": 50,
      "DefaultChangeFrequency": 4
    }
  ]
}