{
  "$type": "YetaWF.Core.Serializers.SerializableList`1[[YetaWF.Core.Site.SiteDefinition, YetaWF.Core]], YetaWF.Core",
  "$values": [
    {
      "$type": "YetaWF.Core.Site.SiteDefinition, YetaWF.Core",
      "Identity": 1000,
      "SiteDomain": "YetaWFDist5",
      "SiteTestDomain": null,
      "SiteName": "YetaWFDist5",
      "EnforceSiteUrl": false,
      "PageSecurity": 0,
      "EnforceSitePort": false,
      "PortNumber": 80,
      "PortNumberSSL": 443,
      "Localization": true,
      "DefaultLanguageId": "en-US",
      "AllowAnonymousUsers": true,
      "Locked": false,
      "LockedForIP": null,
      "LockedExternalForIP": null,
      "LockedUrl": "/Maintenance/Offline For Maintenance.html",
      "AllowPopups": true,
      "CssNoTooltips": "linkpreview-show",
      "FavIcon_Data": {
        "$type": "System.Byte[], System.Private.CoreLib",
        "$value": ""
      },
      "FavIconLrg_Data": {
        "$type": "System.Byte[], System.Private.CoreLib",
        "$value": ""
      },
      "Country": "United States",
      "TimeZone": null,
      "Currency": "USD",
      "StaticPages": false,
      "AllowCacheUse": true,
      "Compression": false,
      "CompressCSSFiles": true,
      "BundleCSSFiles": true,
      "CssLocation": 1,
      "CompressJSFiles": true,
      "BundleJSFiles": true,
      "JSLocation": 1,
      "DisableMinimizeFUOC": false,
      "IFrameUse": 0,
      "ContentTypeOptions": 1,
      "StrictTransportSecurity": 1,
      "Copyright": "YetaWF.com - © Copyright <<Year>> Softel vdm, Inc.",
      "UseCDNComponents": false,
      "UseCDN": false,
      "CDNUrl": null,
      "CDNUrlSecure": null,
      "StaticDomain": null,
      "EmailDebug": false,
      "AdminEmail": "youremail@YetaWFDist5",
      "SMTP": {
        "$type": "YetaWF.Core.SendEmail.SMTPServer, YetaWF.Core",
        "Server": "mail.YetaWFDist5",
        "Port": 25,
        "Authentication": 1,
        "UserName": "youremail@YetaWFDist5",
        "Password": "somepassword",
        "SSL": false
      },
      "HomePageUrl": "/",
      "NotFoundUrl": "/Errors/404",
      "MobileSiteUrl": null,
      "UnsupportedBrowserUrl": "/Maintenance/Unsupported Browser.html",
      "LoginUrl": "/User/Login",
      "PostLoginUrl": null,
      "ExternalAccountSetupUrl": "/User/Setup External Account",
      "ReferencedModules": {
        "$type": "YetaWF.Core.Serializers.SerializableList`1[[YetaWF.Core.Modules.ModuleDefinition+ReferencedModule, YetaWF.Core]], YetaWF.Core",
        "$values": [
          {
            "$type": "YetaWF.Core.Modules.ModuleDefinition+ReferencedModule, YetaWF.Core",
            "ModuleGuid": "466c0cca-3e63-43f3-8754-f4267767eed1"
          },
          {
            "$type": "YetaWF.Core.Modules.ModuleDefinition+ReferencedModule, YetaWF.Core",
            "ModuleGuid": "267f00cc-c619-4854-baed-9e4b812d7e95"
          },
          {
            "$type": "YetaWF.Core.Modules.ModuleDefinition+ReferencedModule, YetaWF.Core",
            "ModuleGuid": "915a366d-facb-4d02-b8f8-bb1acef73c4c"
          }
        ]
      },
      "Skin": {
        "$type": "YetaWF.Core.Skins.SkinDefinition, YetaWF.Core",
        "Collection": "YetaWF/DefaultSkin/DefaultSkin",
        "PageFileName": "Default",
        "PopupFileName": "Popup"
      },
      "MessageType": 11,
      "FormErrorsImmed": false,
      "Theme": "Default",
      "PublicKey": "<RSAKeyValue><Modulus>56pDl9sftH7cfDRpPSuk69VpGXZchh8sRbevx5+cIF42iVlRrqsUoTQPNLCwbWeG6xXZaa0KqQUAd4ZP1yq8WrTvV4qpnKcL9eXf6mgJswRzXWa0YY3PdoQ/bj54UMZXNbVg2DwECK15XwVaNAZ/HL57mPyRONNdEUl4xdZothE=</Modulus><Exponent>AQAB</Exponent><P></P><Q></Q><DP></DP><DQ></DQ><InverseQ></InverseQ><D></D></RSAKeyValue>",
      "PrivateKey": "<RSAKeyValue><Modulus>56pDl9sftH7cfDRpPSuk69VpGXZchh8sRbevx5+cIF42iVlRrqsUoTQPNLCwbWeG6xXZaa0KqQUAd4ZP1yq8WrTvV4qpnKcL9eXf6mgJswRzXWa0YY3PdoQ/bj54UMZXNbVg2DwECK15XwVaNAZ/HL57mPyRONNdEUl4xdZothE=</Modulus><Exponent>AQAB</Exponent><P>8bRPsuHkbZWo3rcXhyBpkqUM3iMQWfeqU4AyJu51xHLuHj2rkmZVK2IxwXbVP6RxcTzpRB9VyomwcgblVbaz0w==</P><Q>9V3yWT1aTNDXqXZvtCYatSVEmrshmtxmrvbwetbk8EQ09Pdg0KZo4w6221Apdc0tCTmDkICNi28Y7sBc72OUCw==</Q><DP>lUF5bcdcnecrLsz1dHYpe2r8tTgF4uizf3jMf4oFo1gtfvMqPe9/bJjojMVrDi/n9btdeLm46qd4FBH6EKIQDQ==</DP><DQ>awz2/EpRSGxhezUKHU32nwvId72nNrpsLm/ckauKLO2FMU9wtPe1kULNMrgxroy61mh6ZyQ/HRN2jEvvAB6w6w==</DQ><InverseQ>Wuo177XXWTK3ZL/SowmEb3mz5iPtqiWF6SSGeMX72WDKqkLqVHiqLV5z1EopNTPAzk/shC5DJ4plyTQ5qe/cfw==</InverseQ><D>Y1OSJZLS1i2qVSqXkJ2c2Wyn4j3oT60f60hlen6Jjys10M/WAMDjWHacqmezTUUdCMBWdkO2FV/KonSY2NU+6ghh6SxXIQwsqNSifnkbunczN6Uit0etSglKGnk2FeDatAKKKp188aacF0ChFTQKR//cA+GgTJo1m8s+CP4NFZ0=</D></RSAKeyValue>",
      "Analytics": null,
      "AnalyticsContent": null,
      "GoogleVerification": null,
      "ExtraHead": null,
      "ExtraBodyTop": null,
      "ExtraBodyBottom": null,
      "UseGeoLocation": false,
      "SiteMetaTags": null,
      "PageMetaTags": null,
      "DefaultSiteMap": false,
      "SiteMapPriority": 50,
      "DefaultChangeFrequency": 4
    }
  ]
}