{
  "$type": "YetaWF.Core.Serializers.SerializableList`1[[YetaWF.Core.Site.SiteDefinition, YetaWF.Core]], YetaWF.Core",
  "$values": [
    {
      "$type": "YetaWF.Core.Site.SiteDefinition, YetaWF.Core",
      "Identity": 1000,
      "SiteDomain": "YetaWFDist5",
      "SiteTestDomain": null,
      "SiteName": "YetaWFDist5",
      "EnforceSiteUrl": false,
      "PageSecurity": 0,
      "EnforceSitePort": false,
      "PortNumber": 80,
      "PortNumberSSL": 443,
      "Localization": true,
      "DefaultLanguageId": "en-US",
      "AllowAnonymousUsers": true,
      "Locked": false,
      "LockedForIP": null,
      "LockedExternalForIP": null,
      "LockedUrl": "/Maintenance/Offline For Maintenance.html",
      "AllowPopups": true,
      "CssNoTooltips": "linkpreview-show",
      "FavIcon_Data": {
        "$type": "System.Byte[], System.Private.CoreLib",
        "$value": ""
      },
      "FavIconLrg_Data": {
        "$type": "System.Byte[], System.Private.CoreLib",
        "$value": ""
      },
      "Country": "United States",
      "TimeZone": "Eastern Standard Time",
      "Currency": "USD",
      "StaticPages": true,
      "AllowCacheUse": true,
      "Compression": false,
      "CompressCSSFiles": true,
      "BundleCSSFiles": true,
      "CssLocation": 1,
      "CompressJSFiles": true,
      "BundleJSFiles": true,
      "JSLocation": 1,
      "DisableMinimizeFUOC": false,
      "IFrameUse": 0,
      "ContentTypeOptions": 1,
      "StrictTransportSecurity": 1,
      "Copyright": "YetaWF.com - © Copyright <<Year>> Softel vdm, Inc.",
      "UseCDNComponents": false,
      "UseCDN": false,
      "CDNUrl": null,
      "CDNUrlSecure": null,
      "StaticDomain": null,
      "EmailDebug": false,
      "AdminEmail": "youremail@YetaWFDist5",
      "SMTP": {
        "$type": "YetaWF.Core.SendEmail.SMTPServer, YetaWF.Core",
        "Server": "mail.YetaWFDist5",
        "Port": 25,
        "Authentication": 1,
        "UserName": "youremail@YetaWFDist5",
        "Password": "somepassword",
        "SSL": false
      },
      "HomePageUrl": "/",
      "NotFoundUrl": "/Errors/404",
      "MobileSiteUrl": null,
      "UnsupportedBrowserUrl": "/Maintenance/Unsupported Browser.html",
      "LoginUrl": "/User/Login",
      "PostLoginUrl": null,
      "ExternalAccountSetupUrl": "/User/Setup External Account",
      "ReferencedModules": {
        "$type": "YetaWF.Core.Serializers.SerializableList`1[[YetaWF.Core.Modules.ModuleDefinition+ReferencedModule, YetaWF.Core]], YetaWF.Core",
        "$values": [
          {
            "$type": "YetaWF.Core.Modules.ModuleDefinition+ReferencedModule, YetaWF.Core",
            "ModuleGuid": "466c0cca-3e63-43f3-8754-f4267767eed1"
          },
          {
            "$type": "YetaWF.Core.Modules.ModuleDefinition+ReferencedModule, YetaWF.Core",
            "ModuleGuid": "267f00cc-c619-4854-baed-9e4b812d7e95"
          },
          {
            "$type": "YetaWF.Core.Modules.ModuleDefinition+ReferencedModule, YetaWF.Core",
            "ModuleGuid": "915a366d-facb-4d02-b8f8-bb1acef73c4c"
          }
        ]
      },
      "Skin": {
        "$type": "YetaWF.Core.Skins.SkinDefinition, YetaWF.Core",
        "Collection": "YetaWF/DefaultSkin/DefaultSkin",
        "PageFileName": "Default",
        "PopupFileName": "Popup"
      },
      "MessageType": 11,
      "FormErrorsImmed": false,
      "Theme": "Default",
      "PublicKey": "<RSAKeyValue><Modulus>wnjkFI/UrFm2l8YRJDCMZKembiNzVmJJxcJaR0ykoJKNCyF/fmI5n1+oeAbrUnIcNcMOm6vq6ojfZZJuaam3Ura4GerPijM8W05D3mKALfusbyUCKsHEo/cucfLrEWYAulw1qtpKmjziEPhcNrWCtgs9vqeKOsrqIaE5mefTc6E=</Modulus><Exponent>AQAB</Exponent><P></P><Q></Q><DP></DP><DQ></DQ><InverseQ></InverseQ><D></D></RSAKeyValue>",
      "PrivateKey": "<RSAKeyValue><Modulus>wnjkFI/UrFm2l8YRJDCMZKembiNzVmJJxcJaR0ykoJKNCyF/fmI5n1+oeAbrUnIcNcMOm6vq6ojfZZJuaam3Ura4GerPijM8W05D3mKALfusbyUCKsHEo/cucfLrEWYAulw1qtpKmjziEPhcNrWCtgs9vqeKOsrqIaE5mefTc6E=</Modulus><Exponent>AQAB</Exponent><P>/h5fYEacLnqKBQwPgtvukOCS/LdH+gVCUR0yif2UI3Qs4YxjidOtgck5qjFHEB8/udr63m2hqvRGCtzV9aY/lw==</P><Q>w+l4rHMm300fNisXT6xqWIw+lwxhx6hX4mxhvVXIY0aAh2FtLtk8dUd2XsdxBB+sLrZ3njpLBRPliB2dbSTNhw==</Q><DP>LbslitvqK2sd/36GJBSUQDpJ+XS6XUIpBxPsDm02BZNYqFZta1ZOuTaPTBOGKF6XR0kjMHgmSe+f00CeuJBsjQ==</DP><DQ>hcdX7+pyEOnI9mRWdsF1nSGnW93Ip139JVB9LZz2SVRLUCbnN6Z/8lXqLq5iLj6yhPN0m0eTEtSTWG9goLcQ4Q==</DQ><InverseQ>Uwk/Y6J71QoTz+GJ5S6ori2pst1p3PkBx/Dz1wmz8nkD23wudzdt7erTD/n/PUEbV5oabWNR8ZxUWSR5R7AUPA==</InverseQ><D>WMD/pvq1nysakE4PCKs3h8CTznRTcTtOW/kFZsDt6XK4+DmDjFSb48auhojx4SC/CzJIeneNsRhijGK2DXcteL8TqhwHaGoJxjO3fBcyjoXTjr/4/LrjyMsHdTuY8y1rNQHa6wyogQh8NHdMu0AyRhBo/iIcQnU2Zyu9WoEgglk=</D></RSAKeyValue>",
      "Analytics": null,
      "AnalyticsContent": null,
      "GoogleVerification": null,
      "ExtraHead": null,
      "ExtraBodyTop": null,
      "ExtraBodyBottom": null,
      "UseGeoLocation": false,
      "SiteMetaTags": null,
      "PageMetaTags": null,
      "DefaultSiteMap": false,
      "SiteMapPriority": 50,
      "DefaultChangeFrequency": 4
    }
  ]
}