{
  "PackageName": "YetaWF.Messenger",
  "PackageVersion": "5.2.0",
  "Roles": [
    {
      "RoleName": "Superuser",
      "RoleId": 997
    },
    {
      "RoleName": "Administrator",
      "RoleId": 1000
    },
    {
      "RoleName": "Editor",
      "RoleId": 1001
    },
    {
      "RoleName": "User",
      "RoleId": 998
    },
    {
      "RoleName": "Demo",
      "RoleId": 995
    },
    {
      "RoleName": "User (two-step authentication setup required)",
      "RoleId": 996
    },
    {
      "RoleName": "Anonymous",
      "RoleId": 999
    }
  ],
  "Users": [],
  "Data": [
    {
      "Class": "BrowserNotificationsModuleDataProvider",
      "Chunks": 1,
      "Files": []
    },
    {
      "Class": "BrowseSiteAnnouncementModuleDataProvider",
      "Chunks": 1,
      "Files": []
    },
    {
      "Class": "SiteAnnouncementModuleDataProvider",
      "Chunks": 1,
      "Files": []
    },
    {
      "Class": "SkinBrowserNotificationsModuleDataProvider",
      "Chunks": 0,
      "Files": []
    },
    {
      "Class": "SkinSiteAnnouncementsModuleDataProvider",
      "Chunks": 0,
      "Files": []
    }
  ]
}