{
  "$type": "YetaWF.Core.Serializers.SerializableList`1[[YetaWF.Modules.SkinPalette.Modules.SkinPaletteModule, YetaWF.SkinPalette]], YetaWF.Core",
  "$values": [
    {
      "$type": "YetaWF.Modules.SkinPalette.Modules.SkinPaletteModule, YetaWF.SkinPalette",
      "Name": "Skin Palette (Skin)",
      "Title": {
        "$type": "YetaWF.Core.Models.MultiString, YetaWF.Core",
        "en-US": "Skin Palette"
      },
      "Visible": true,
      "ModuleSecurity": 0,
      "WantSearch": false,
      "WantFocus": false,
      "ModuleGuid": "915a366d-facb-4d02-b8f8-bb1acef73c4c",
      "DateCreated": "2021-02-25T13:52:55.1840507",
      "DateUpdated": "2021-02-25T13:52:55.1902186",
      "ModuleSkin": "modStandard",
      "PopupPage": "Popup",
      "CssClass": "yCondense",
      "TempPageCssClass": null,
      "_SuppressPartialFormCss": true,
      "ShowTitle": false,
      "ShowTitleActions": false,
      "CanMinimize": false,
      "Minimized": false,
      "ShowHelp": false,
      "HelpURL": null,
      "Print": false,
      "ShowFormButtons": true,
      "AnchorId": null,
      "FormAutoComplete": false,
      "AllowedRoles": {
        "$type": "YetaWF.Core.Serializers.SerializableList`1[[YetaWF.Core.Modules.ModuleDefinition+AllowedRole, YetaWF.Core]], YetaWF.Core",
        "$values": [
          {
            "$type": "YetaWF.Core.Modules.ModuleDefinition+AllowedRole, YetaWF.Core",
            "RoleId": 1000,
            "View": 1,
            "Edit": 1,
            "Remove": 1,
            "Extra1": 1,
            "Extra2": 1,
            "Extra3": 1,
            "Extra4": 1,
            "Extra5": 1
          }
        ]
      },
      "AllowedUsers": {
        "$type": "YetaWF.Core.Serializers.SerializableList`1[[YetaWF.Core.Modules.ModuleDefinition+AllowedUser, YetaWF.Core]], YetaWF.Core",
        "$values": []
      },
      "ReferencedModules": {
        "$type": "YetaWF.Core.Serializers.SerializableList`1[[YetaWF.Core.Modules.ModuleDefinition+ReferencedModule, YetaWF.Core]], YetaWF.Core",
        "$values": []
      }
    }
  ]
}