{
  "PackageName": "YetaWF.Text",
  "PackageVersion": "5.5.0",
  "Roles": [
    {
      "RoleName": "Superuser",
      "RoleId": 997
    },
    {
      "RoleName": "Administrator",
      "RoleId": 1000
    },
    {
      "RoleName": "Editor",
      "RoleId": 1001
    },
    {
      "RoleName": "User",
      "RoleId": 998
    },
    {
      "RoleName": "Demo",
      "RoleId": 995
    },
    {
      "RoleName": "User (two-step authentication setup required)",
      "RoleId": 996
    },
    {
      "RoleName": "Anonymous",
      "RoleId": 999
    }
  ],
  "Users": [],
  "Data": [
    {
      "Class": "MarkdownModuleDataProvider",
      "Chunks": 0,
      "Files": []
    },
    {
      "Class": "TextModuleDataProvider",
      "Chunks": 1,
      "Files": [
        {
          "FileName": "\\YetaWF_Modules\\66d365d8-c1df-45bb-9dfb-9397722ca16f_Data\\Images\\logo_123x63.jpg",
          "FileDate": "2020-01-16T18:08:25.1322069Z",
          "SiteSpecific": true
        },
        {
          "FileName": "\\YetaWF_Modules\\66d365d8-c1df-45bb-9dfb-9397722ca16f_Data\\Images\\logo_123x63.webp-gen",
          "FileDate": "2020-01-16T18:08:25.1322069Z",
          "SiteSpecific": true
        },
        {
          "FileName": "\\YetaWF_Modules\\66d365d8-c1df-45bb-9dfb-9397722ca16f_Data\\Images\\logo_176x112.png",
          "FileDate": "2020-01-16T18:08:25.1332066Z",
          "SiteSpecific": true
        },
        {
          "FileName": "\\YetaWF_Modules\\66d365d8-c1df-45bb-9dfb-9397722ca16f_Data\\Images\\logo_176x112.webp-gen",
          "FileDate": "2020-01-16T18:08:25.1332066Z",
          "SiteSpecific": true
        },
        {
          "FileName": "\\YetaWF_Modules\\afa55b5e-1ca5-43c7-b9b3-245c172e0819_Data\\Images\\logo_176x112.png",
          "FileDate": "2020-01-16T18:08:25.1332066Z",
          "SiteSpecific": true
        },
        {
          "FileName": "\\YetaWF_Modules\\afa55b5e-1ca5-43c7-b9b3-245c172e0819_Data\\Images\\logo_176x112.webp-gen",
          "FileDate": "2020-01-16T18:08:25.1332066Z",
          "SiteSpecific": true
        },
        {
          "FileName": "\\YetaWF_Modules\\afa55b5e-1ca5-43c7-b9b3-245c172e0819_Data\\Images\\logo_209x112.jpg",
          "FileDate": "2020-01-16T18:08:25.1322069Z",
          "SiteSpecific": true
        },
        {
          "FileName": "\\YetaWF_Modules\\afa55b5e-1ca5-43c7-b9b3-245c172e0819_Data\\Images\\logo_209x112.webp-gen",
          "FileDate": "2020-01-16T18:08:25.1332066Z",
          "SiteSpecific": true
        }
      ]
    }
  ]
}