{
  "$type": "YetaWF.Core.Serializers.SerializableList`1[[YetaWF.Core.Site.SiteDefinition, YetaWF.Core]], YetaWF.Core",
  "$values": [
    {
      "$type": "YetaWF.Core.Site.SiteDefinition, YetaWF.Core",
      "Identity": 1000,
      "SiteDomain": "YetaWFDist4",
      "SiteTestDomain": null,
      "SiteName": "YetaWFDist4",
      "EnforceSiteUrl": false,
      "PageSecurity": 0,
      "EnforceSitePort": false,
      "PortNumber": 80,
      "PortNumberSSL": 443,
      "Localization": true,
      "DefaultLanguageId": "en-US",
      "AllowAnonymousUsers": true,
      "Locked": false,
      "LockedForIP": null,
      "LockedExternalForIP": null,
      "LockedUrl": "/Maintenance/Offline For Maintenance.html",
      "AllowPopups": true,
      "CssNoTooltips": "linkpreview-show peelback",
      "FavIcon_Data": {
        "$type": "System.Byte[], mscorlib",
        "$value": ""
      },
      "FavIconLrg_Data": {
        "$type": "System.Byte[], mscorlib",
        "$value": ""
      },
      "Country": "United States",
      "Currency": "USD",
      "CurrencyFormat": "$ #,0.00",
      "CurrencyDecimals": 2,
      "StaticPages": false,
      "AllowCacheUse": true,
      "Compression": true,
      "CompressCSSFiles": true,
      "BundleCSSFiles": true,
      "CssLocation": 1,
      "CompressJSFiles": true,
      "BundleJSFiles": true,
      "JSLocation": 1,
      "DisableMinimizeFUOC": false,
      "IFrameUse": 0,
      "Copyright": "YetaWF.com - © Copyright <<Year>> Softel vdm, Inc.",
      "UseCDNComponents": false,
      "UseCDN": false,
      "CDNUrl": null,
      "CDNUrlSecure": null,
      "StaticDomain": null,
      "EmailDebug": false,
      "AdminEmail": "youremail@YetaWFDist4",
      "SMTP": {
        "$type": "YetaWF.Core.SendEmail.SMTPServer, YetaWF.Core",
        "Server": "mail.YetaWFDist4",
        "Port": 25,
        "Authentication": 1,
        "UserName": "youremail@YetaWFDist4",
        "Password": "somepassword",
        "SSL": false
      },
      "HomePageUrl": "/",
      "NotFoundUrl": "/Errors/404",
      "MobileSiteUrl": null,
      "UnsupportedBrowserUrl": "/Maintenance/Unsupported Browser.html",
      "LoginUrl": "/User/Login",
      "ExternalAccountSetupUrl": "/User/Setup External Account",
      "ReferencedModules": {
        "$type": "YetaWF.Core.Serializers.SerializableList`1[[YetaWF.Core.Modules.ModuleDefinition+ReferencedModule, YetaWF.Core]], YetaWF.Core",
        "$values": []
      },
      "SelectedSkin": {
        "$type": "YetaWF.Core.Skins.SkinDefinition, YetaWF.Core",
        "Collection": "YetaWF/DefaultSkin/DefaultSkin",
        "FileName": "Default.cshtml"
      },
      "SelectedPopupSkin": {
        "$type": "YetaWF.Core.Skins.SkinDefinition, YetaWF.Core",
        "Collection": "YetaWF/DefaultSkin/DefaultSkin",
        "FileName": "Popup.cshtml"
      },
      "FormErrorsImmed": false,
      "BootstrapSkin": "Bootstrap Default",
      "jQueryUISkin": "Start",
      "KendoUISkin": "Blue Opal",
      "TabStyle": 0,
      "PublicKey": "<RSAKeyValue><Modulus>snE5LnduUV8MIbYQJ1W2s+dQwT0Gy0REQdB8sZOIikxuqs84nLLiOg/WKpQIXtd0Wktt0B9iNrCP6v2Ohd26+YC/ict8a0s90vwDtTYQP3FFkc3W9MPLRsgWHN7u1wCLf8bPGBrPwqvDOmFfRwPJe5kwlmpqUJhx++JUP6o2fZU=</Modulus><Exponent>AQAB</Exponent></RSAKeyValue>",
      "PrivateKey": "<RSAKeyValue><Modulus>snE5LnduUV8MIbYQJ1W2s+dQwT0Gy0REQdB8sZOIikxuqs84nLLiOg/WKpQIXtd0Wktt0B9iNrCP6v2Ohd26+YC/ict8a0s90vwDtTYQP3FFkc3W9MPLRsgWHN7u1wCLf8bPGBrPwqvDOmFfRwPJe5kwlmpqUJhx++JUP6o2fZU=</Modulus><Exponent>AQAB</Exponent><P>0kBmddvCJR5iqFXLzwEZxyfNLZ4dlr3dHILU8qBUd4TqVg+0BkjiSUMf8hjthMZuXOvaG67MwAGplsAIcG77Qw==</P><Q>2UT1AhZDRLjniJh18XDWBEfmVvlcyOSv3fiFTT4bK1h+DrFHFCFpXtLhboDZ6IVlRz6dW3/yXkO/+Tkdgs4aRw==</Q><DP>QS+kVMA4tkdwcR6AnQKLWnrVm2IdbGIbTr6lhT/+UDwOZ3Zg613ngq1kFyxxX6wiBX8+VTzh0FnzmYCaXTmbfw==</DP><DQ>Gw/mwJrLSC0L0czDrA4U6jWWcDDhKLirWyeQWv2oXq7IDMZyBwTeXgxAPgZYngi3g7c93F7Ebo9bwwwlK9zGEw==</DQ><InverseQ>AyaMRvLyb+J7fTwWe1OBtuegz8UE4GT89NNhJirlWnnsWGeh8Wp9U889nHbdf/SJbe7QDkTQ7mfRgtIIQr+jpQ==</InverseQ><D>G6LZfk7U8RlNYbM20UC/KSG8KhFvie+qup61kTMORI0N3rp1RB+YVfG586I1oaqwxINGIKObrGiwAW7/sc/jcxq9Bgu+NYUxQiJh0h33RNKkSucBQ81bWVt0iovkGH4zxj9TfD5heItDOr7Z16bRE0ApkIWPRjqryIWkwljKS8k=</D></RSAKeyValue>",
      "Analytics": null,
      "AnalyticsContent": null,
      "GoogleVerification": null,
      "ExtraHead": null,
      "ExtraBodyTop": null,
      "ExtraBodyBottom": null,
      "UseGeoLocation": false,
      "SiteMetaTags": null,
      "PageMetaTags": null,
      "SiteMapPriority": 50,
      "DefaultChangeFrequency": 4
    }
  ]
}