{
  "$type": "YetaWF.Core.Serializers.SerializableList`1[[YetaWF.Core.Site.SiteDefinition, YetaWF.Core]], YetaWF.Core",
  "$values": [
    {
      "$type": "YetaWF.Core.Site.SiteDefinition, YetaWF.Core",
      "Identity": 1000,
      "SiteDomain": "YetaWFDist4",
      "SiteTestDomain": null,
      "SiteName": "YetaWFDist4",
      "EnforceSiteUrl": false,
      "PageSecurity": 0,
      "EnforceSitePort": false,
      "PortNumber": 80,
      "PortNumberSSL": 443,
      "Localization": true,
      "DefaultLanguageId": "en-US",
      "AllowAnonymousUsers": true,
      "Locked": false,
      "LockedForIP": null,
      "LockedExternalForIP": null,
      "LockedUrl": "/Maintenance/Offline For Maintenance.html",
      "AllowPopups": true,
      "CssNoTooltips": "linkpreview-show peelback",
      "FavIcon_Data": {
        "$type": "System.Byte[], mscorlib",
        "$value": ""
      },
      "FavIconLrg_Data": {
        "$type": "System.Byte[], mscorlib",
        "$value": ""
      },
      "Country": "United States",
      "Currency": "USD",
      "CurrencyFormat": "$ #,0.00",
      "CurrencyDecimals": 2,
      "StaticPages": false,
      "AllowCacheUse": true,
      "Compression": true,
      "CompressCSSFiles": true,
      "BundleCSSFiles": true,
      "CssLocation": 1,
      "CompressJSFiles": true,
      "BundleJSFiles": true,
      "JSLocation": 1,
      "DisableMinimizeFUOC": false,
      "IFrameUse": 0,
      "Copyright": "YetaWF.com - © Copyright <<Year>> Softel vdm, Inc.",
      "UseCDNComponents": false,
      "UseCDN": false,
      "CDNUrl": null,
      "CDNUrlSecure": null,
      "StaticDomain": null,
      "EmailDebug": false,
      "AdminEmail": "youremail@YetaWFDist4",
      "SMTP": {
        "$type": "YetaWF.Core.SendEmail.SMTPServer, YetaWF.Core",
        "Server": "mail.YetaWFDist4",
        "Port": 25,
        "Authentication": 1,
        "UserName": "youremail@YetaWFDist4",
        "Password": "somepassword",
        "SSL": false
      },
      "HomePageUrl": "/",
      "NotFoundUrl": "/Errors/404",
      "MobileSiteUrl": null,
      "UnsupportedBrowserUrl": "/Maintenance/Unsupported Browser.html",
      "LoginUrl": "/User/Login",
      "ExternalAccountSetupUrl": "/User/Setup External Account",
      "ReferencedModules": {
        "$type": "YetaWF.Core.Serializers.SerializableList`1[[YetaWF.Core.Modules.ModuleDefinition+ReferencedModule, YetaWF.Core]], YetaWF.Core",
        "$values": []
      },
      "SelectedSkin": {
        "$type": "YetaWF.Core.Skins.SkinDefinition, YetaWF.Core",
        "Collection": "YetaWF/DefaultSkin/DefaultSkin",
        "FileName": "Default.cshtml"
      },
      "SelectedPopupSkin": {
        "$type": "YetaWF.Core.Skins.SkinDefinition, YetaWF.Core",
        "Collection": "YetaWF/DefaultSkin/DefaultSkin",
        "FileName": "Popup.cshtml"
      },
      "FormErrorsImmed": false,
      "BootstrapSkin": "Bootstrap Default",
      "jQueryUISkin": "Start",
      "KendoUISkin": "Blue Opal",
      "TabStyle": 0,
      "PublicKey": "<RSAKeyValue><Modulus>yGD9khhlFZ8weYJPmWZJSkvft4R6SodJmH8AV/GNV2atwfO7sf5MgL3lEcCx3C9CUqkpeJAmoHiMzKB7oagI8xJNu6UskzQZNygKftBNfIaLsN4dkN+DINJYIWe7rUYqzjT6KwacY/HkAF/BjtBr8rhonjfDaFHapzNdxHh8OsU=</Modulus><Exponent>AQAB</Exponent></RSAKeyValue>",
      "PrivateKey": "<RSAKeyValue><Modulus>yGD9khhlFZ8weYJPmWZJSkvft4R6SodJmH8AV/GNV2atwfO7sf5MgL3lEcCx3C9CUqkpeJAmoHiMzKB7oagI8xJNu6UskzQZNygKftBNfIaLsN4dkN+DINJYIWe7rUYqzjT6KwacY/HkAF/BjtBr8rhonjfDaFHapzNdxHh8OsU=</Modulus><Exponent>AQAB</Exponent><P>6stJ0tYoeaZ9b2gSh8xgqUH4WKubN/NbQYAu1Ks08sGoyxutM/Ok6HbBG/6OgrnlVHr1VYpYjZTtGG9GlOkTRw==</P><Q>2nn7ctuo4jYQZ/sjFTjO6JSM6AXtut0qO/8A8+0F2aQk1DaNHS8WBN4Tv1W9Pf54qYlg0WbLvbyopozrvdMPkw==</Q><DP>0GakHgmMX33RdGMRn4teeJ1fi4S1/xF3/EmER6u3EYmnArCMKcKmqtdNTEXDxHCwBy4kOErVksWPNNL/+Qhv3Q==</DP><DQ>vbh1+bz0gFQwlQtJ4PDvBJuTbR1Q3xeVyHneCvTGQsQ+0yX4DuLHvTxYa6v55S7o+1h4Af/BZ6e/0LnJMZNqDw==</DQ><InverseQ>jzjzXtENqR8HWcvHKgq6BGa8/UNbtSakxvfsOF65hbr94LD6ZqyWUxbMKk/eUdPL+6lnL+Ic2jTvnjSFreZu0Q==</InverseQ><D>RsZbSfrr2VM83+4zB0+lm2RpRHy6ZRCb4g0ZpfZfoftWbCcWqKvVgbOQ8VBKgib/Ggs95qOjwRJTSQN2J4cegXxf/M+EoGssIfGm5KgEZYoZY6paugHUpCC377/x2UFBYA98Hf07V4OQviIsJX+qQmIDgaDPY8+bIlslC2XiD5E=</D></RSAKeyValue>",
      "Analytics": null,
      "AnalyticsContent": null,
      "GoogleVerification": null,
      "ExtraHead": null,
      "ExtraBodyTop": null,
      "ExtraBodyBottom": null,
      "UseGeoLocation": false,
      "SiteMetaTags": null,
      "PageMetaTags": null,
      "SiteMapPriority": 50,
      "DefaultChangeFrequency": 4
    }
  ]
}