{
  "$type": "YetaWF.Core.Serializers.SerializableList`1[[YetaWF.Core.Site.SiteDefinition, YetaWF.Core]], YetaWF.Core",
  "$values": [
    {
      "$type": "YetaWF.Core.Site.SiteDefinition, YetaWF.Core",
      "Identity": 1000,
      "SiteDomain": "YetaWFDist4",
      "SiteTestDomain": null,
      "SiteName": "YetaWFDist4",
      "EnforceSiteUrl": false,
      "PageSecurity": 0,
      "EnforceSitePort": false,
      "PortNumber": 80,
      "PortNumberSSL": 443,
      "Localization": true,
      "DefaultLanguageId": "en-US",
      "AllowAnonymousUsers": true,
      "Locked": false,
      "LockedForIP": null,
      "LockedExternalForIP": null,
      "LockedUrl": "/Maintenance/Offline For Maintenance.html",
      "AllowPopups": true,
      "CssNoTooltips": "linkpreview-show peelback",
      "FavIcon_Data": {
        "$type": "System.Byte[], mscorlib",
        "$value": ""
      },
      "FavIconLrg_Data": {
        "$type": "System.Byte[], mscorlib",
        "$value": ""
      },
      "Country": "United States",
      "Currency": "USD",
      "CurrencyFormat": "$ #,0.00",
      "CurrencyDecimals": 2,
      "StaticPages": false,
      "AllowCacheUse": true,
      "Compression": true,
      "CompressCSSFiles": true,
      "BundleCSSFiles": true,
      "CssLocation": 1,
      "CompressJSFiles": true,
      "BundleJSFiles": true,
      "JSLocation": 1,
      "DisableMinimizeFUOC": false,
      "IFrameUse": 0,
      "Copyright": "YetaWF.com - © Copyright <<Year>> Softel vdm, Inc.",
      "UseCDNComponents": false,
      "UseCDN": false,
      "CDNUrl": null,
      "CDNUrlSecure": null,
      "StaticDomain": null,
      "EmailDebug": false,
      "AdminEmail": "youremail@YetaWFDist4",
      "SMTP": {
        "$type": "YetaWF.Core.SendEmail.SMTPServer, YetaWF.Core",
        "Server": "mail.YetaWFDist4",
        "Port": 25,
        "Authentication": 1,
        "UserName": "youremail@YetaWFDist4",
        "Password": "somepassword",
        "SSL": false
      },
      "HomePageUrl": "/",
      "NotFoundUrl": "/Errors/404",
      "MobileSiteUrl": null,
      "UnsupportedBrowserUrl": "/Maintenance/Unsupported Browser.html",
      "LoginUrl": "/User/Login",
      "ExternalAccountSetupUrl": "/User/Setup External Account",
      "ReferencedModules": {
        "$type": "YetaWF.Core.Serializers.SerializableList`1[[YetaWF.Core.Modules.ModuleDefinition+ReferencedModule, YetaWF.Core]], YetaWF.Core",
        "$values": []
      },
      "SelectedSkin": {
        "$type": "YetaWF.Core.Skins.SkinDefinition, YetaWF.Core",
        "Collection": "YetaWF/DefaultSkin/DefaultSkin",
        "FileName": "Default.cshtml"
      },
      "SelectedPopupSkin": {
        "$type": "YetaWF.Core.Skins.SkinDefinition, YetaWF.Core",
        "Collection": "YetaWF/DefaultSkin/DefaultSkin",
        "FileName": "Popup.cshtml"
      },
      "FormErrorsImmed": false,
      "BootstrapSkin": "Bootstrap Default",
      "jQueryUISkin": "Start",
      "KendoUISkin": "Blue Opal",
      "TabStyle": 0,
      "PublicKey": "<RSAKeyValue><Modulus>vw4is/3Ik4KWL3v46pA+OD/lATtkyjxV6Sb0q3M4p60+ELpfhOM0++cHqfBc9TdpL2bJfcS1aXtFWGrPh5FxVJ1USW1qjuqQiYRzSE5j9sIc0C5y+kZg8NSfZL7CLFIy0QzL4LUJr3GO1HECNBwNTPK8JmxrO/tshhaYDkEXPzE=</Modulus><Exponent>AQAB</Exponent></RSAKeyValue>",
      "PrivateKey": "<RSAKeyValue><Modulus>vw4is/3Ik4KWL3v46pA+OD/lATtkyjxV6Sb0q3M4p60+ELpfhOM0++cHqfBc9TdpL2bJfcS1aXtFWGrPh5FxVJ1USW1qjuqQiYRzSE5j9sIc0C5y+kZg8NSfZL7CLFIy0QzL4LUJr3GO1HECNBwNTPK8JmxrO/tshhaYDkEXPzE=</Modulus><Exponent>AQAB</Exponent><P>yurOqixesT7/4e1xGr8xT+3U8ThRmkuiNZ779Y/AzTLQO0A+hYkyTudYKTdNZFGu9i/IbjMLHLWM57IW8EhWnw==</P><Q>8QjwubS9UU/0zsN9EZkLEfiF/t24I96jaDVVWuzC47pL9y/dRm38Wewvj9/Sc5TeMPVuIuPQVpR3FA7TBKmoLw==</Q><DP>ZL9+irlq7oAEFg2JGamR90hzcKzwvzYMPKlKGhsctAUlpDV6lVyQEOMGP7iIgWWZA/ynfCd1vfRaGHOwte6Eqw==</DP><DQ>qtbuYIHVibOFTaPLmtSBvywKNVoLcQkVgwACTp7vh598xmgbixbbvRSlpXE75gZG8iaS+JHGEgfK2uGi+XQSqw==</DQ><InverseQ>F2v0jJsLAmwXrIsmNKegYlFwJOs0ReKbMsqYGPnieFJFTkyU9VLY44rqMScmQNk1LixJrJhCUVJ913H7iOHqBQ==</InverseQ><D>H1C703DHjZYb89CILjpSWHnwmVEY5iUZl8uw0uFh6en1gFxsB6YOKzPlB6/ELNVWQlTAtgKmEZII/cMUHQ5z2rfiUP3bL6BjkfdbpdZqwbO/eVwtc6d//nROuPKcLFWyzT/1RsNFKyK7wIls2LeK+mjuZoY2wFPQBC9OED8C5Bk=</D></RSAKeyValue>",
      "Analytics": null,
      "AnalyticsContent": null,
      "GoogleVerification": null,
      "ExtraHead": null,
      "ExtraBodyTop": null,
      "ExtraBodyBottom": null,
      "UseGeoLocation": false,
      "SiteMetaTags": null,
      "PageMetaTags": null,
      "SiteMapPriority": 50,
      "DefaultChangeFrequency": 4
    }
  ]
}