{
  "$type": "YetaWF.Core.Serializers.SerializableList`1[[YetaWF.Modules.Menus.DataProvider.MenuInfo, YetaWF.Menus]], YetaWF.Core",
  "$values": [
    {
      "$type": "YetaWF.Modules.Menus.DataProvider.MenuInfo, YetaWF.Menus",
      "ModuleGuid": "59909bb1-75f4-419f-b961-8569bb282131",
      "Menu": {
        "$type": "YetaWF.Core.Components.MenuList, YetaWF.Core",
        "$values": [
          {
            "$type": "YetaWF.Core.Modules.ModuleAction, YetaWF.Core",
            "Separator": false,
            "Url": "/",
            "SubModule": null,
            "MenuText": {
              "$type": "YetaWF.Core.Models.MultiString, YetaWF.Core",
              "en-US": "Home"
            },
            "LinkText": {
              "$type": "YetaWF.Core.Models.MultiString, YetaWF.Core",
              "en-US": "Home"
            },
            "ImageUrlFinal": null,
            "Tooltip": {
              "$type": "YetaWF.Core.Models.MultiString, YetaWF.Core",
              "en-US": "Home"
            },
            "Legend": {
              "$type": "YetaWF.Core.Models.MultiString, YetaWF.Core",
              "en-US": "Home"
            },
            "Enabled": true,
            "CssClass": null,
            "Style": 0,
            "Mode": 0,
            "Category": 0,
            "LimitToRole": 0,
            "AuthorizationIgnore": false,
            "ConfirmationText": {
              "$type": "YetaWF.Core.Models.MultiString, YetaWF.Core",
              "en-US": ""
            },
            "PleaseWaitText": {
              "$type": "YetaWF.Core.Models.MultiString, YetaWF.Core",
              "en-US": ""
            },
            "SaveReturnUrl": false,
            "AddToOriginList": true,
            "NeedsModuleContext": false,
            "DontFollow": false,
            "Name": null,
            "Displayed": true,
            "CookieAsDoneSignal": false,
            "Location": 15,
            "SubMenu": {
              "$type": "YetaWF.Core.Serializers.SerializableList`1[[YetaWF.Core.Modules.ModuleAction, YetaWF.Core]], YetaWF.Core",
              "$values": []
            },
            "QueryArgs": null,
            "QueryArgsRvd": null,
            "QueryArgsDict": null,
            "QueryArgsHR": null,
            "AnchorId": null,
            "PageSecurity": 0,
            "DontCheckAuthorization": false,
            "items": null,
            "Id": 101,
            "_AuthorizationEvaluated": false
          },
          {
            "$type": "YetaWF.Core.Modules.ModuleAction, YetaWF.Core",
            "Separator": false,
            "Url": "/User",
            "SubModule": "7c518292-ef34-4251-b727-c6d828b0d50b",
            "MenuText": {
              "$type": "YetaWF.Core.Models.MultiString, YetaWF.Core",
              "en-US": "User"
            },
            "LinkText": {
              "$type": "YetaWF.Core.Models.MultiString, YetaWF.Core",
              "en-US": "User"
            },
            "ImageUrlFinal": null,
            "Tooltip": {
              "$type": "YetaWF.Core.Models.MultiString, YetaWF.Core",
              "en-US": ""
            },
            "Legend": {
              "$type": "YetaWF.Core.Models.MultiString, YetaWF.Core",
              "en-US": ""
            },
            "Enabled": true,
            "CssClass": null,
            "Style": 0,
            "Mode": 0,
            "Category": 0,
            "LimitToRole": 0,
            "AuthorizationIgnore": false,
            "ConfirmationText": {
              "$type": "YetaWF.Core.Models.MultiString, YetaWF.Core",
              "en-US": ""
            },
            "PleaseWaitText": {
              "$type": "YetaWF.Core.Models.MultiString, YetaWF.Core",
              "en-US": ""
            },
            "SaveReturnUrl": false,
            "AddToOriginList": true,
            "NeedsModuleContext": false,
            "DontFollow": false,
            "Name": null,
            "Displayed": true,
            "CookieAsDoneSignal": false,
            "Location": 15,
            "SubMenu": {
              "$type": "YetaWF.Core.Serializers.SerializableList`1[[YetaWF.Core.Modules.ModuleAction, YetaWF.Core]], YetaWF.Core",
              "$values": []
            },
            "QueryArgs": null,
            "QueryArgsRvd": null,
            "QueryArgsDict": null,
            "QueryArgsHR": null,
            "AnchorId": null,
            "PageSecurity": 0,
            "DontCheckAuthorization": false,
            "items": null,
            "Id": 224,
            "_AuthorizationEvaluated": false
          },
          {
            "$type": "YetaWF.Core.Modules.ModuleAction, YetaWF.Core",
            "Separator": false,
            "Url": "http://YetaWF.com/News",
            "SubModule": null,
            "MenuText": {
              "$type": "YetaWF.Core.Models.MultiString, YetaWF.Core",
              "en-US": "News"
            },
            "LinkText": {
              "$type": "YetaWF.Core.Models.MultiString, YetaWF.Core",
              "en-US": "News"
            },
            "ImageUrlFinal": null,
            "Tooltip": {
              "$type": "YetaWF.Core.Models.MultiString, YetaWF.Core",
              "en-US": "News about Yet Another Web Framework"
            },
            "Legend": {
              "$type": "YetaWF.Core.Models.MultiString, YetaWF.Core",
              "en-US": "Displays news about Yet Another Web Framework"
            },
            "Enabled": true,
            "CssClass": null,
            "Style": 1,
            "Mode": 0,
            "Category": 0,
            "LimitToRole": 0,
            "AuthorizationIgnore": false,
            "ConfirmationText": {
              "$type": "YetaWF.Core.Models.MultiString, YetaWF.Core",
              "en-US": ""
            },
            "PleaseWaitText": {
              "$type": "YetaWF.Core.Models.MultiString, YetaWF.Core",
              "en-US": ""
            },
            "SaveReturnUrl": false,
            "AddToOriginList": true,
            "NeedsModuleContext": false,
            "DontFollow": false,
            "Name": null,
            "Displayed": true,
            "CookieAsDoneSignal": false,
            "Location": 15,
            "SubMenu": {
              "$type": "YetaWF.Core.Serializers.SerializableList`1[[YetaWF.Core.Modules.ModuleAction, YetaWF.Core]], YetaWF.Core",
              "$values": []
            },
            "QueryArgs": null,
            "QueryArgsRvd": null,
            "QueryArgsDict": null,
            "QueryArgsHR": null,
            "AnchorId": null,
            "PageSecurity": 0,
            "DontCheckAuthorization": false,
            "items": null,
            "Id": 185,
            "_AuthorizationEvaluated": false
          },
          {
            "$type": "YetaWF.Core.Modules.ModuleAction, YetaWF.Core",
            "Separator": false,
            "Url": "/Admin",
            "SubModule": "6d77baf5-7424-4db6-9171-830849e104db",
            "MenuText": {
              "$type": "YetaWF.Core.Models.MultiString, YetaWF.Core",
              "en-US": "Admin"
            },
            "LinkText": {
              "$type": "YetaWF.Core.Models.MultiString, YetaWF.Core",
              "en-US": "Admin"
            },
            "ImageUrlFinal": null,
            "Tooltip": {
              "$type": "YetaWF.Core.Models.MultiString, YetaWF.Core",
              "en-US": ""
            },
            "Legend": {
              "$type": "YetaWF.Core.Models.MultiString, YetaWF.Core",
              "en-US": ""
            },
            "Enabled": true,
            "CssClass": null,
            "Style": 0,
            "Mode": 0,
            "Category": 0,
            "LimitToRole": 0,
            "AuthorizationIgnore": false,
            "ConfirmationText": {
              "$type": "YetaWF.Core.Models.MultiString, YetaWF.Core",
              "en-US": ""
            },
            "PleaseWaitText": {
              "$type": "YetaWF.Core.Models.MultiString, YetaWF.Core",
              "en-US": ""
            },
            "SaveReturnUrl": false,
            "AddToOriginList": true,
            "NeedsModuleContext": false,
            "DontFollow": false,
            "Name": null,
            "Displayed": true,
            "CookieAsDoneSignal": false,
            "Location": 15,
            "SubMenu": {
              "$type": "YetaWF.Core.Serializers.SerializableList`1[[YetaWF.Core.Modules.ModuleAction, YetaWF.Core]], YetaWF.Core",
              "$values": []
            },
            "QueryArgs": null,
            "QueryArgsRvd": null,
            "QueryArgsDict": null,
            "QueryArgsHR": null,
            "AnchorId": null,
            "PageSecurity": 0,
            "DontCheckAuthorization": false,
            "items": null,
            "Id": 225,
            "_AuthorizationEvaluated": false
          },
          {
            "$type": "YetaWF.Core.Modules.ModuleAction, YetaWF.Core",
            "Separator": false,
            "Url": "/Tests",
            "SubModule": null,
            "MenuText": {
              "$type": "YetaWF.Core.Models.MultiString, YetaWF.Core",
              "en-US": "Tests"
            },
            "LinkText": {
              "$type": "YetaWF.Core.Models.MultiString, YetaWF.Core",
              "en-US": "Tests"
            },
            "ImageUrlFinal": null,
            "Tooltip": {
              "$type": "YetaWF.Core.Models.MultiString, YetaWF.Core",
              "en-US": ""
            },
            "Legend": {
              "$type": "YetaWF.Core.Models.MultiString, YetaWF.Core",
              "en-US": ""
            },
            "Enabled": true,
            "CssClass": null,
            "Style": 0,
            "Mode": 0,
            "Category": 0,
            "LimitToRole": 0,
            "AuthorizationIgnore": false,
            "ConfirmationText": {
              "$type": "YetaWF.Core.Models.MultiString, YetaWF.Core",
              "en-US": ""
            },
            "PleaseWaitText": {
              "$type": "YetaWF.Core.Models.MultiString, YetaWF.Core",
              "en-US": ""
            },
            "SaveReturnUrl": false,
            "AddToOriginList": true,
            "NeedsModuleContext": false,
            "DontFollow": false,
            "Name": null,
            "Displayed": true,
            "CookieAsDoneSignal": false,
            "Location": 15,
            "SubMenu": {
              "$type": "YetaWF.Core.Serializers.SerializableList`1[[YetaWF.Core.Modules.ModuleAction, YetaWF.Core]], YetaWF.Core",
              "$values": []
            },
            "QueryArgs": null,
            "QueryArgsRvd": null,
            "QueryArgsDict": null,
            "QueryArgsHR": null,
            "AnchorId": null,
            "PageSecurity": 0,
            "DontCheckAuthorization": false,
            "items": null,
            "Id": 223,
            "_AuthorizationEvaluated": false
          },
          {
            "$type": "YetaWF.Core.Modules.ModuleAction, YetaWF.Core",
            "Separator": false,
            "Url": "/About YetaWF",
            "SubModule": "66d365d8-c1df-45bb-9dfb-9397722ca16f",
            "MenuText": {
              "$type": "YetaWF.Core.Models.MultiString, YetaWF.Core",
              "en-US": "About"
            },
            "LinkText": {
              "$type": "YetaWF.Core.Models.MultiString, YetaWF.Core",
              "en-US": "About"
            },
            "ImageUrlFinal": null,
            "Tooltip": {
              "$type": "YetaWF.Core.Models.MultiString, YetaWF.Core",
              "en-US": ""
            },
            "Legend": {
              "$type": "YetaWF.Core.Models.MultiString, YetaWF.Core",
              "en-US": ""
            },
            "Enabled": true,
            "CssClass": null,
            "Style": 0,
            "Mode": 0,
            "Category": 0,
            "LimitToRole": 0,
            "AuthorizationIgnore": false,
            "ConfirmationText": {
              "$type": "YetaWF.Core.Models.MultiString, YetaWF.Core",
              "en-US": ""
            },
            "PleaseWaitText": {
              "$type": "YetaWF.Core.Models.MultiString, YetaWF.Core",
              "en-US": ""
            },
            "SaveReturnUrl": false,
            "AddToOriginList": false,
            "NeedsModuleContext": false,
            "DontFollow": false,
            "Name": null,
            "Displayed": true,
            "CookieAsDoneSignal": false,
            "Location": 15,
            "SubMenu": {
              "$type": "YetaWF.Core.Serializers.SerializableList`1[[YetaWF.Core.Modules.ModuleAction, YetaWF.Core]], YetaWF.Core",
              "$values": []
            },
            "QueryArgs": null,
            "QueryArgsRvd": null,
            "QueryArgsDict": null,
            "QueryArgsHR": null,
            "AnchorId": null,
            "PageSecurity": 0,
            "DontCheckAuthorization": false,
            "items": null,
            "Id": 184,
            "_AuthorizationEvaluated": false
          }
        ]
      }
    }
  ]
}