{
  "PackageName": "YetaWF.SyntaxHighlighter",
  "PackageVersion": "4.0.0",
  "Data": [
    {
      "Class": "SkinHighlightJSModuleDataProvider",
      "Chunks": 1,
      "Files": []
    },
    {
      "Class": "SyntaxHighlighterConfigModuleDataProvider",
      "Chunks": 1,
      "Files": []
    },
    {
      "Class": "SkinSyntaxHighlighterModuleDataProvider",
      "Chunks": 1,
      "Files": []
    },
    {
      "Class": "ConfigDataProvider",
      "Chunks": 1,
      "Files": []
    }
  ]
}