{
  "$type": "YetaWF.Core.Serializers.SerializableList`1[[YetaWF.Modules.SyntaxHighlighter.Modules.SkinHighlightJSModule, YetaWF.SyntaxHighlighter]], YetaWF.Core",
  "$values": [
    {
      "$type": "YetaWF.Modules.SyntaxHighlighter.Modules.SkinHighlightJSModule, YetaWF.SyntaxHighlighter",
      "Name": "Syntax Highlighter Highlight.js (Skin)",
      "Title": {
        "$type": "YetaWF.Core.Models.MultiString, YetaWF.Core",
        "en-US": "Skin Syntax Highlighter (Highlight.js)"
      },
      "Visible": true,
      "ModuleSecurity": 0,
      "WantSearch": false,
      "WantFocus": false,
      "Description": {
        "$type": "YetaWF.Core.Models.MultiString, YetaWF.Core",
        "en-US": "Skin module supporting syntax highlighting in modules, Highlight.js"
      },
      "ModuleGuid": "25068ac6-ba74-4644-8b46-9d7fec291e45",
      "DateCreated": "2017-07-09T21:04:03.5622818",
      "DateUpdated": "2018-04-16T00:58:10.9359638",
      "SkinDefinitions": {
        "$type": "YetaWF.Core.Serializers.SerializableList`1[[YetaWF.Core.Skins.SkinDefinition, YetaWF.Core]], YetaWF.Core",
        "$values": []
      },
      "SelectedPopupSkin": {
        "$type": "YetaWF.Core.Skins.SkinDefinition, YetaWF.Core",
        "Collection": null,
        "FileName": null
      },
      "CssClass": null,
      "TempPageCssClass": null,
      "_SuppressPartialFormCss": false,
      "ShowTitle": false,
      "ShowTitleActions": true,
      "ShowHelp": false,
      "Print": true,
      "ShowFormButtons": true,
      "AnchorId": null,
      "AllowedRoles": {
        "$type": "YetaWF.Core.Serializers.SerializableList`1[[YetaWF.Core.Modules.ModuleDefinition+AllowedRole, YetaWF.Core]], YetaWF.Core",
        "$values": [
          {
            "$type": "YetaWF.Core.Modules.ModuleDefinition+AllowedRole, YetaWF.Core",
            "RoleId": 999,
            "View": 1,
            "Edit": 0,
            "Remove": 0,
            "Extra1": 0,
            "Extra2": 0,
            "Extra3": 0,
            "Extra4": 0,
            "Extra5": 0
          },
          {
            "$type": "YetaWF.Core.Modules.ModuleDefinition+AllowedRole, YetaWF.Core",
            "RoleId": 998,
            "View": 1,
            "Edit": 0,
            "Remove": 0,
            "Extra1": 0,
            "Extra2": 0,
            "Extra3": 0,
            "Extra4": 0,
            "Extra5": 0
          },
          {
            "$type": "YetaWF.Core.Modules.ModuleDefinition+AllowedRole, YetaWF.Core",
            "RoleId": 1000,
            "View": 1,
            "Edit": 1,
            "Remove": 1,
            "Extra1": 1,
            "Extra2": 1,
            "Extra3": 1,
            "Extra4": 1,
            "Extra5": 1
          },
          {
            "$type": "YetaWF.Core.Modules.ModuleDefinition+AllowedRole, YetaWF.Core",
            "RoleId": 999,
            "View": 1,
            "Edit": 0,
            "Remove": 0,
            "Extra1": 0,
            "Extra2": 0,
            "Extra3": 0,
            "Extra4": 0,
            "Extra5": 0
          },
          {
            "$type": "YetaWF.Core.Modules.ModuleDefinition+AllowedRole, YetaWF.Core",
            "RoleId": 998,
            "View": 1,
            "Edit": 0,
            "Remove": 0,
            "Extra1": 0,
            "Extra2": 0,
            "Extra3": 0,
            "Extra4": 0,
            "Extra5": 0
          },
          {
            "$type": "YetaWF.Core.Modules.ModuleDefinition+AllowedRole, YetaWF.Core",
            "RoleId": 1000,
            "View": 1,
            "Edit": 1,
            "Remove": 1,
            "Extra1": 1,
            "Extra2": 1,
            "Extra3": 1,
            "Extra4": 1,
            "Extra5": 1
          }
        ]
      },
      "AllowedUsers": {
        "$type": "YetaWF.Core.Serializers.SerializableList`1[[YetaWF.Core.Modules.ModuleDefinition+AllowedUser, YetaWF.Core]], YetaWF.Core",
        "$values": []
      },
      "ReferencedModules": {
        "$type": "YetaWF.Core.Serializers.SerializableList`1[[YetaWF.Core.Modules.ModuleDefinition+ReferencedModule, YetaWF.Core]], YetaWF.Core",
        "$values": []
      }
    }
  ]
}