﻿<?xml version="1.0" encoding="utf-8"?>
<!--YetaWF.Core.Serializers.SerializableList`1[YetaWF.Modules.Feedback.DataProvider.FeedbackData]-->
<Object Type="YetaWF.Core.Serializers.SerializableList`1[[YetaWF.Modules.Feedback.DataProvider.FeedbackData, YetaWF.Feedback]]" Assembly="YetaWF.Core">
  <Properties />
  <List>
    <Value>
      <Object Type="YetaWF.Modules.Feedback.DataProvider.FeedbackData" Assembly="YetaWF.Feedback" AssemblyFull="YetaWF.Feedback, Version=3.0.0.0, Culture=neutral, PublicKeyToken=null">
        <Properties>
          <Key Value="1000" />
          <Subject Value="test" />
          <Email Value="mike@mike.com" />
          <Message Value="123" />
          <Created Value="636594209376534315" />
          <IPAddress Value="::1" />
        </Properties>
      </Object>
    </Value>
  </List>
</Object>