{
  "$type": "YetaWF.Core.Serializers.SerializableList`1[[YetaWF.Modules.Panels.Modules.ModulePanelModule, YetaWF.Panels]], YetaWF.Core",
  "$values": [
    {
      "$type": "YetaWF.Modules.Panels.Modules.ModulePanelModule, YetaWF.Panels",
      "PanelInfo": {
        "$type": "YetaWF.Modules.Panels.Models.PanelInfo, YetaWF.Panels",
        "Style": 2,
        "Panels": {
          "$type": "YetaWF.Core.Serializers.SerializableList`1[[YetaWF.Modules.Panels.Models.PanelInfo+PanelEntry, YetaWF.Panels]], YetaWF.Core",
          "$values": [
            {
              "$type": "YetaWF.Modules.Panels.Models.PanelInfo+PanelEntry, YetaWF.Panels",
              "Module": "66d365d8-c1df-45bb-9dfb-9397722ca16f",
              "Caption": {
                "$type": "YetaWF.Core.Models.MultiString, YetaWF.Core",
                "en-US": "About YetaWF"
              },
              "ToolTip": {
                "$type": "YetaWF.Core.Models.MultiString, YetaWF.Core",
                "en-US": null
              }
            },
            {
              "$type": "YetaWF.Modules.Panels.Models.PanelInfo+PanelEntry, YetaWF.Panels",
              "Module": "a0ed38c0-d7b8-49e8-aacb-f342d5aa5047",
              "Caption": {
                "$type": "YetaWF.Core.Models.MultiString, YetaWF.Core",
                "en-US": "Twitter"
              },
              "ToolTip": {
                "$type": "YetaWF.Core.Models.MultiString, YetaWF.Core",
                "en-US": null
              }
            },
            {
              "$type": "YetaWF.Modules.Panels.Models.PanelInfo+PanelEntry, YetaWF.Panels",
              "Module": "2b069690-31d2-447b-a080-82aafd8df959",
              "Caption": {
                "$type": "YetaWF.Core.Models.MultiString, YetaWF.Core",
                "en-US": "System Info"
              },
              "ToolTip": {
                "$type": "YetaWF.Core.Models.MultiString, YetaWF.Core",
                "en-US": null
              }
            }
          ]
        }
      },
      "Name": "Module Panel",
      "Title": {
        "$type": "YetaWF.Core.Models.MultiString, YetaWF.Core",
        "en-US": "Module Panel"
      },
      "Visible": true,
      "ModuleSecurity": 0,
      "WantSearch": true,
      "WantFocus": true,
      "Description": {
        "$type": "YetaWF.Core.Models.MultiString, YetaWF.Core",
        "en-US": "Module Panel - used to display multiple modules using tabs or an accordion widget"
      },
      "ModuleGuid": "73e4a087-3a8b-4860-a8ec-ee2519b442f7",
      "DateCreated": "2017-11-24T16:08:27.3544263",
      "DateUpdated": "2019-08-11T02:08:39.4143604",
      "SkinDefinitions": {
        "$type": "YetaWF.Core.Serializers.SerializableList`1[[YetaWF.Core.Skins.SkinDefinition, YetaWF.Core]], YetaWF.Core",
        "$values": []
      },
      "SelectedPopupSkin": {
        "$type": "YetaWF.Core.Skins.SkinDefinition, YetaWF.Core",
        "Collection": null,
        "FileName": null
      },
      "CssClass": null,
      "TempPageCssClass": null,
      "_SuppressPartialFormCss": false,
      "ShowTitle": true,
      "ShowTitleActions": true,
      "ShowHelp": false,
      "Print": true,
      "ShowFormButtons": true,
      "AnchorId": null,
      "AllowedRoles": {
        "$type": "YetaWF.Core.Serializers.SerializableList`1[[YetaWF.Core.Modules.ModuleDefinition+AllowedRole, YetaWF.Core]], YetaWF.Core",
        "$values": [
          {
            "$type": "YetaWF.Core.Modules.ModuleDefinition+AllowedRole, YetaWF.Core",
            "RoleId": 1000,
            "View": 1,
            "Edit": 1,
            "Remove": 1,
            "Extra1": 1,
            "Extra2": 1,
            "Extra3": 1,
            "Extra4": 1,
            "Extra5": 1
          }
        ]
      },
      "AllowedUsers": {
        "$type": "YetaWF.Core.Serializers.SerializableList`1[[YetaWF.Core.Modules.ModuleDefinition+AllowedUser, YetaWF.Core]], YetaWF.Core",
        "$values": []
      },
      "ReferencedModules": {
        "$type": "YetaWF.Core.Serializers.SerializableList`1[[YetaWF.Core.Modules.ModuleDefinition+ReferencedModule, YetaWF.Core]], YetaWF.Core",
        "$values": []
      }
    },
    {
      "$type": "YetaWF.Modules.Panels.Modules.ModulePanelModule, YetaWF.Panels",
      "PanelInfo": {
        "$type": "YetaWF.Modules.Panels.Models.PanelInfo, YetaWF.Panels",
        "Style": 0,
        "Panels": {
          "$type": "YetaWF.Core.Serializers.SerializableList`1[[YetaWF.Modules.Panels.Models.PanelInfo+PanelEntry, YetaWF.Panels]], YetaWF.Core",
          "$values": [
            {
              "$type": "YetaWF.Modules.Panels.Models.PanelInfo+PanelEntry, YetaWF.Panels",
              "Module": "f490deeb-ff19-4921-894b-4a81d263f97a",
              "Caption": {
                "$type": "YetaWF.Core.Models.MultiString, YetaWF.Core",
                "en-US": "Login Provider"
              },
              "ToolTip": {
                "$type": "YetaWF.Core.Models.MultiString, YetaWF.Core",
                "en-US": "Manage the site's user login settings"
              }
            },
            {
              "$type": "YetaWF.Modules.Panels.Models.PanelInfo+PanelEntry, YetaWF.Panels",
              "Module": "d2cea32e-f711-4792-ab5b-cee8fb7466bc",
              "Caption": {
                "$type": "YetaWF.Core.Models.MultiString, YetaWF.Core",
                "en-US": "Users"
              },
              "ToolTip": {
                "$type": "YetaWF.Core.Models.MultiString, YetaWF.Core",
                "en-US": "Display and manage users"
              }
            },
            {
              "$type": "YetaWF.Modules.Panels.Models.PanelInfo+PanelEntry, YetaWF.Panels",
              "Module": "d1968a16-0777-4567-8d1f-45be74b07b4c",
              "Caption": {
                "$type": "YetaWF.Core.Models.MultiString, YetaWF.Core",
                "en-US": "Roles"
              },
              "ToolTip": {
                "$type": "YetaWF.Core.Models.MultiString, YetaWF.Core",
                "en-US": "Display and manage roles"
              }
            },
            {
              "$type": "YetaWF.Modules.Panels.Models.PanelInfo+PanelEntry, YetaWF.Panels",
              "Module": "1720dc68-2ac5-4ab1-90e0-10a01d139daf",
              "Caption": {
                "$type": "YetaWF.Core.Models.MultiString, YetaWF.Core",
                "en-US": "Resources"
              },
              "ToolTip": {
                "$type": "YetaWF.Core.Models.MultiString, YetaWF.Core",
                "en-US": "Display and manage resources (used for authorization)"
              }
            }
          ]
        }
      },
      "Name": "Identity Module Panel",
      "Title": {
        "$type": "YetaWF.Core.Models.MultiString, YetaWF.Core",
        "en-US": "Identity"
      },
      "Visible": true,
      "ModuleSecurity": 0,
      "WantSearch": true,
      "WantFocus": true,
      "Description": {
        "$type": "YetaWF.Core.Models.MultiString, YetaWF.Core",
        "en-US": "Module Panel - used to display multiple modules using tabs or an accordion widget"
      },
      "ModuleGuid": "74b6f776-977c-4886-848e-8080e054dc9a",
      "DateCreated": "2018-04-22T15:39:15.8971816",
      "DateUpdated": "2018-05-06T19:10:14.2668019",
      "SkinDefinitions": {
        "$type": "YetaWF.Core.Serializers.SerializableList`1[[YetaWF.Core.Skins.SkinDefinition, YetaWF.Core]], YetaWF.Core",
        "$values": [
          {
            "$type": "YetaWF.Core.Skins.SkinDefinition, YetaWF.Core",
            "Collection": "YetaWF/BootstrapSample/BootstrapSkin",
            "FileName": "modStandard"
          },
          {
            "$type": "YetaWF.Core.Skins.SkinDefinition, YetaWF.Core",
            "Collection": "YetaWF/BusinessCasualSkin/BusinessCasual",
            "FileName": "modStandard"
          },
          {
            "$type": "YetaWF.Core.Skins.SkinDefinition, YetaWF.Core",
            "Collection": "YetaWF/DefaultSkin/DefaultSkin",
            "FileName": "modStandard"
          },
          {
            "$type": "YetaWF.Core.Skins.SkinDefinition, YetaWF.Core",
            "Collection": "YetaWF/Core/Standard",
            "FileName": "modStandard"
          }
        ]
      },
      "SelectedPopupSkin": {
        "$type": "YetaWF.Core.Skins.SkinDefinition, YetaWF.Core",
        "Collection": null,
        "FileName": "Popup"
      },
      "CssClass": null,
      "TempPageCssClass": null,
      "_SuppressPartialFormCss": false,
      "ShowTitle": true,
      "ShowTitleActions": true,
      "ShowHelp": false,
      "Print": true,
      "ShowFormButtons": true,
      "AnchorId": null,
      "AllowedRoles": {
        "$type": "YetaWF.Core.Serializers.SerializableList`1[[YetaWF.Core.Modules.ModuleDefinition+AllowedRole, YetaWF.Core]], YetaWF.Core",
        "$values": [
          {
            "$type": "YetaWF.Core.Modules.ModuleDefinition+AllowedRole, YetaWF.Core",
            "RoleId": 1000,
            "View": 1,
            "Edit": 1,
            "Remove": 1,
            "Extra1": 0,
            "Extra2": 0,
            "Extra3": 0,
            "Extra4": 0,
            "Extra5": 0
          },
          {
            "$type": "YetaWF.Core.Modules.ModuleDefinition+AllowedRole, YetaWF.Core",
            "RoleId": 999,
            "View": 0,
            "Edit": 0,
            "Remove": 0,
            "Extra1": 0,
            "Extra2": 0,
            "Extra3": 0,
            "Extra4": 0,
            "Extra5": 0
          },
          {
            "$type": "YetaWF.Core.Modules.ModuleDefinition+AllowedRole, YetaWF.Core",
            "RoleId": 1001,
            "View": 0,
            "Edit": 0,
            "Remove": 0,
            "Extra1": 0,
            "Extra2": 0,
            "Extra3": 0,
            "Extra4": 0,
            "Extra5": 0
          },
          {
            "$type": "YetaWF.Core.Modules.ModuleDefinition+AllowedRole, YetaWF.Core",
            "RoleId": 997,
            "View": 0,
            "Edit": 0,
            "Remove": 0,
            "Extra1": 0,
            "Extra2": 0,
            "Extra3": 0,
            "Extra4": 0,
            "Extra5": 0
          },
          {
            "$type": "YetaWF.Core.Modules.ModuleDefinition+AllowedRole, YetaWF.Core",
            "RoleId": 998,
            "View": 0,
            "Edit": 0,
            "Remove": 0,
            "Extra1": 0,
            "Extra2": 0,
            "Extra3": 0,
            "Extra4": 0,
            "Extra5": 0
          },
          {
            "$type": "YetaWF.Core.Modules.ModuleDefinition+AllowedRole, YetaWF.Core",
            "RoleId": 996,
            "View": 0,
            "Edit": 0,
            "Remove": 0,
            "Extra1": 0,
            "Extra2": 0,
            "Extra3": 0,
            "Extra4": 0,
            "Extra5": 0
          }
        ]
      },
      "AllowedUsers": {
        "$type": "YetaWF.Core.Serializers.SerializableList`1[[YetaWF.Core.Modules.ModuleDefinition+AllowedUser, YetaWF.Core]], YetaWF.Core",
        "$values": []
      },
      "ReferencedModules": {
        "$type": "YetaWF.Core.Serializers.SerializableList`1[[YetaWF.Core.Modules.ModuleDefinition+ReferencedModule, YetaWF.Core]], YetaWF.Core",
        "$values": []
      }
    }
  ]
}