{
  "PackageName": "YetaWF.DevTests",
  "PackageVersion": "5.0.0",
  "Roles": [
    {
      "RoleName": "Superuser",
      "RoleId": 997
    },
    {
      "RoleName": "Administrator",
      "RoleId": 1000
    },
    {
      "RoleName": "Editor",
      "RoleId": 1001
    },
    {
      "RoleName": "User",
      "RoleId": 998
    },
    {
      "RoleName": "User (two-step authentication setup required)",
      "RoleId": 996
    },
    {
      "RoleName": "Anonymous",
      "RoleId": 999
    }
  ],
  "Users": [],
  "Data": [
    {
      "Class": "DisplayHeadersModuleDataProvider",
      "Chunks": 1,
      "Files": []
    },
    {
      "Class": "TemplateColorPickerModuleDataProvider",
      "Chunks": 1,
      "Files": []
    },
    {
      "Class": "TemplateGridAjaxModuleDataProvider",
      "Chunks": 1,
      "Files": []
    },
    {
      "Class": "TestExprAttributesModuleDataProvider",
      "Chunks": 0,
      "Files": []
    },
    {
      "Class": "TestStepsModuleDataProvider",
      "Chunks": 1,
      "Files": []
    },
    {
      "Class": "TemplateTreeModuleDataProvider",
      "Chunks": 1,
      "Files": []
    },
    {
      "Class": "TemplateGridModuleDataProvider",
      "Chunks": 1,
      "Files": []
    },
    {
      "Class": "TemplateMultiStringModuleDataProvider",
      "Chunks": 1,
      "Files": []
    },
    {
      "Class": "BasicTemplatesModuleDataProvider",
      "Chunks": 1,
      "Files": []
    },
    {
      "Class": "SMSProcessorStatusModuleDataProvider",
      "Chunks": 1,
      "Files": []
    },
    {
      "Class": "TemplateDateTimeModuleDataProvider",
      "Chunks": 1,
      "Files": []
    },
    {
      "Class": "TemplateListOfEmailAddressesModuleDataProvider",
      "Chunks": 1,
      "Files": []
    },
    {
      "Class": "TemplateRecaptchaV2ModuleDataProvider",
      "Chunks": 1,
      "Files": []
    },
    {
      "Class": "TemplateScrollerModuleDataProvider",
      "Chunks": 1,
      "Files": []
    },
    {
      "Class": "TemplateSkinModuleDataProvider",
      "Chunks": 1,
      "Files": []
    },
    {
      "Class": "TemplateTextAreaSourceOnlyModuleDataProvider",
      "Chunks": 1,
      "Files": []
    },
    {
      "Class": "TemplateTimeZoneModuleDataProvider",
      "Chunks": 1,
      "Files": []
    },
    {
      "Class": "SMSTestModuleDataProvider",
      "Chunks": 1,
      "Files": []
    },
    {
      "Class": "TestEscapesModuleDataProvider",
      "Chunks": 1,
      "Files": []
    },
    {
      "Class": "TemplateEmailModuleDataProvider",
      "Chunks": 1,
      "Files": []
    },
    {
      "Class": "TemplateModuleSelectionModuleDataProvider",
      "Chunks": 1,
      "Files": []
    },
    {
      "Class": "TemplateReferencedModulesModuleDataProvider",
      "Chunks": 1,
      "Files": []
    },
    {
      "Class": "TemplateTestUrlModuleDataProvider",
      "Chunks": 1,
      "Files": []
    }
  ]
}