{
  "$type": "YetaWF.Core.Serializers.SerializableList`1[[YetaWF.Modules.Identity.DataProvider.UserDefinition, YetaWF.Identity]], YetaWF.Core",
  "$values": [
    {
      "$type": "YetaWF.Modules.Identity.DataProvider.UserDefinition, YetaWF.Identity",
      "UserName": "Superuser",
      "UserId": 1,
      "PasswordHash": "ANJFtt/+qAKCAzSm5Al8rwec0nLRI/6C2VCU+Tz3Mt2+HyFkdn4xP5vUePnFHIX5PQ==",
      "PasswordPlainText": "SuperuserPassword",
      "Email": "Superuser@YetaWFDist4",
      "Comment": "The superuser for all sites",
      "UserStatus": 2,
      "VerificationCode": "7de67630-21ed-45f6-b0f2-6b7dd83bf2ef",
      "RegistrationIP": "127.0.0.1",
      "Created": "2019-04-09T01:19:21.7654777",
      "LastLoginDate": null,
      "LastLoginIP": null,
      "LastPasswordChangedDate": null,
      "PasswordChangeIP": null,
      "LastActivityDate": null,
      "LastActivityIP": null,
      "NeedsNewPassword": false,
      "LoginFailures": 0,
      "SecurityStamp": null,
      "RolesList": {
        "$type": "YetaWF.Core.Serializers.SerializableList`1[[YetaWF.Core.Identity.Role, YetaWF.Core]], YetaWF.Core",
        "$values": [
          {
            "$type": "YetaWF.Core.Identity.Role, YetaWF.Core",
            "RoleId": 997
          }
        ]
      },
      "EnabledTwoStepAuthentications": {
        "$type": "YetaWF.Core.Serializers.SerializableList`1[[YetaWF.Modules.Identity.DataProvider.TwoStepDefinition, YetaWF.Identity]], YetaWF.Core",
        "$values": []
      }
    }
  ]
}