{
  "$type": "YetaWF.Core.Serializers.SerializableList`1[[YetaWF.Core.Site.SiteDefinition, YetaWF.Core]], YetaWF.Core",
  "$values": [
    {
      "$type": "YetaWF.Core.Site.SiteDefinition, YetaWF.Core",
      "Identity": 1000,
      "SiteDomain": "YetaWFDist5",
      "SiteTestDomain": null,
      "SiteName": "YetaWFDist5",
      "EnforceSiteUrl": false,
      "PageSecurity": 0,
      "EnforceSitePort": false,
      "PortNumber": 80,
      "PortNumberSSL": 443,
      "Localization": true,
      "DefaultLanguageId": "en-US",
      "AllowAnonymousUsers": true,
      "Locked": false,
      "LockedForIP": null,
      "LockedExternalForIP": null,
      "LockedUrl": "/Maintenance/Offline For Maintenance.html",
      "AllowPopups": true,
      "CssNoTooltips": "linkpreview-show",
      "FavIcon_Data": {
        "$type": "System.Byte[], System.Private.CoreLib",
        "$value": ""
      },
      "FavIconLrg_Data": {
        "$type": "System.Byte[], System.Private.CoreLib",
        "$value": ""
      },
      "Country": "United States",
      "TimeZone": null,
      "Currency": "USD",
      "StaticPages": false,
      "AllowCacheUse": true,
      "Compression": false,
      "CompressCSSFiles": true,
      "BundleCSSFiles": true,
      "CssLocation": 1,
      "CompressJSFiles": true,
      "BundleJSFiles": true,
      "JSLocation": 1,
      "DisableMinimizeFUOC": false,
      "IFrameUse": 0,
      "ContentTypeOptions": 1,
      "StrictTransportSecurity": 1,
      "Copyright": "YetaWF.com - © Copyright <<Year>> Softel vdm, Inc.",
      "UseCDNComponents": false,
      "UseCDN": false,
      "CDNUrl": null,
      "CDNUrlSecure": null,
      "StaticDomain": null,
      "EmailDebug": false,
      "AdminEmail": "youremail@YetaWFDist5",
      "SMTP": {
        "$type": "YetaWF.Core.SendEmail.SMTPServer, YetaWF.Core",
        "Server": "mail.YetaWFDist5",
        "Port": 25,
        "Authentication": 1,
        "UserName": "youremail@YetaWFDist5",
        "Password": "somepassword",
        "SSL": false
      },
      "HomePageUrl": "/",
      "NotFoundUrl": "/Errors/404",
      "MobileSiteUrl": null,
      "UnsupportedBrowserUrl": "/Maintenance/Unsupported Browser.html",
      "LoginUrl": "/User/Login",
      "PostLoginUrl": null,
      "ExternalAccountSetupUrl": "/User/Setup External Account",
      "ReferencedModules": {
        "$type": "YetaWF.Core.Serializers.SerializableList`1[[YetaWF.Core.Modules.ModuleDefinition+ReferencedModule, YetaWF.Core]], YetaWF.Core",
        "$values": [
          {
            "$type": "YetaWF.Core.Modules.ModuleDefinition+ReferencedModule, YetaWF.Core",
            "ModuleGuid": "466c0cca-3e63-43f3-8754-f4267767eed1"
          },
          {
            "$type": "YetaWF.Core.Modules.ModuleDefinition+ReferencedModule, YetaWF.Core",
            "ModuleGuid": "267f00cc-c619-4854-baed-9e4b812d7e95"
          },
          {
            "$type": "YetaWF.Core.Modules.ModuleDefinition+ReferencedModule, YetaWF.Core",
            "ModuleGuid": "915a366d-facb-4d02-b8f8-bb1acef73c4c"
          }
        ]
      },
      "Skin": {
        "$type": "YetaWF.Core.Skins.SkinDefinition, YetaWF.Core",
        "Collection": "YetaWF/DefaultSkin/DefaultSkin",
        "PageFileName": "Default",
        "PopupFileName": "Popup"
      },
      "MessageType": 11,
      "FormErrorsImmed": false,
      "Theme": "Default",
      "PublicKey": "<RSAKeyValue><Modulus>1vlqeQa2Yutmmemq1A25t2BKdsEfXxtJdfVSDUKOAIlfpUgW4QqFHtehc2PpcXfhXuc6ZDYrfJ1rDfnP5pEn5Asmtfm0g13CM8FGn95Hpgvvff558rch1s3meyXGqpTV0EdRWHpuECQBSUec3EyP7pjVCUxth3tAg2p86GkhuKE=</Modulus><Exponent>AQAB</Exponent><P></P><Q></Q><DP></DP><DQ></DQ><InverseQ></InverseQ><D></D></RSAKeyValue>",
      "PrivateKey": "<RSAKeyValue><Modulus>1vlqeQa2Yutmmemq1A25t2BKdsEfXxtJdfVSDUKOAIlfpUgW4QqFHtehc2PpcXfhXuc6ZDYrfJ1rDfnP5pEn5Asmtfm0g13CM8FGn95Hpgvvff558rch1s3meyXGqpTV0EdRWHpuECQBSUec3EyP7pjVCUxth3tAg2p86GkhuKE=</Modulus><Exponent>AQAB</Exponent><P>9ATb2dnFy+0MyakB+hCf41OGNuKdMp0z5+se4u2x1WT5RdYCyFRqvZVaozP7JK6jFq5dcYqCJC8f8KgBAW5bGw==</P><Q>4Yd8gl3dHqROxATP5UifxLlkRXIRSypSFvvuRikw/sKDaeQ0h3gTEhoGPCUVU7o62TtqInOJiCK+J3AZLema8w==</Q><DP>fYTOTfYOH4KVFFpCMQ5CIF4DaNISiEmCvKYd4h7gXeMtsfWOwttheJmN4OtJISpPq8gPOutDXDd9V34j3keUxw==</DP><DQ>GdHYGFjEqvBmsBxY7MgOuof7CdRQVImo0kbPdarbmB8Oyn284dGGZWkjU5lvQqGsgRhDQ2R012ga2wsDZvU6rw==</DQ><InverseQ>XbcwmuYobLBbN8Qd89tg1mAtRWZKoILWqMEsVybA/WUfYmInKQCSoigKjIZovlycgrf2GZSZKYGjFEaUqTKFqA==</InverseQ><D>gIqEmrdjyUQ+hluNFNzcJoUCIX4alxDG3SyCEoGwTSvXMAop/AgBT07aMBgW1w06ijey14b4e7vY7nNoV9KFyaIJml538/GMzEoV3V7JCBpDubYBOIkesuEDJK4KIWPaGQu0h1VpZQjcLR5jI3bIoRKQES0KJDq4wcvBkPpG5P0=</D></RSAKeyValue>",
      "Analytics": null,
      "AnalyticsContent": null,
      "GoogleVerification": null,
      "ExtraHead": null,
      "ExtraBodyTop": null,
      "ExtraBodyBottom": null,
      "UseGeoLocation": false,
      "SiteMetaTags": null,
      "PageMetaTags": null,
      "DefaultSiteMap": false,
      "SiteMapPriority": 50,
      "DefaultChangeFrequency": 4
    }
  ]
}