﻿<?xml version="1.0" encoding="utf-8"?>
<!--YetaWF.Core.Serializers.SerializableList`1[YetaWF.Modules.Identity.Modules.LoginSelectorModule]-->
<Object Type="YetaWF.Core.Serializers.SerializableList`1[[YetaWF.Modules.Identity.Modules.LoginSelectorModule, YetaWF.Identity, Culture=neutral, PublicKeyToken=null]]" Assembly="YetaWF.Core">
  <Properties />
  <List>
    <Value>
      <Object Type="YetaWF.Modules.Identity.Modules.LoginSelectorModule" Assembly="YetaWF.Identity" AssemblyFull="YetaWF.Identity, Version=3.0.0.0, Culture=neutral, PublicKeyToken=null">
        <Properties>
          <Users>
            <Object Type="YetaWF.Core.Serializers.SerializableList`1[[YetaWF.Core.Identity.User, YetaWF.Core, Culture=neutral, PublicKeyToken=null]]" Assembly="YetaWF.Core">
              <Properties />
              <List />
            </Object>
          </Users>
          <Name Value="User Login Selector" />
          <Title>
            <Object Type="YetaWF.Core.Models.MultiString" Assembly="YetaWF.Core">
              <Properties />
              <Dictionary>
                <Key Value="en-US" />
                <Value Value="(untitled)" />
              </Dictionary>
            </Object>
          </Title>
          <Visible Value="True" />
          <ModuleSecurity Value="0" />
          <WantSearch Value="False" />
          <WantFocus Value="False" />
          <Description>
            <Object Type="YetaWF.Core.Models.MultiString" Assembly="YetaWF.Core">
              <Properties />
              <Dictionary>
                <Key Value="en-US" />
                <Value Value="User login selector (used during development)" />
              </Dictionary>
            </Object>
          </Description>
          <ModuleGuid Value="9cdb39c8-4f37-4d30-9eee-68f4bc7420a0" />
          <DateCreated Value="635813040762923205" />
          <DateUpdated Value="636594370957037352" />
          <SkinDefinitions>
            <Object Type="YetaWF.Core.Serializers.SerializableList`1[[YetaWF.Core.Skins.SkinDefinition, YetaWF.Core, Culture=neutral, PublicKeyToken=null]]" Assembly="YetaWF.Core">
              <Properties />
              <List>
                <Value>
                  <Object Type="YetaWF.Core.Skins.SkinDefinition" Assembly="YetaWF.Core">
                    <Properties>
                      <Collection />
                      <FileName />
                    </Properties>
                  </Object>
                </Value>
                <Value>
                  <Object Type="YetaWF.Core.Skins.SkinDefinition" Assembly="YetaWF.Core">
                    <Properties>
                      <Collection />
                      <FileName />
                    </Properties>
                  </Object>
                </Value>
                <Value>
                  <Object Type="YetaWF.Core.Skins.SkinDefinition" Assembly="YetaWF.Core">
                    <Properties>
                      <Collection />
                      <FileName />
                    </Properties>
                  </Object>
                </Value>
                <Value>
                  <Object Type="YetaWF.Core.Skins.SkinDefinition" Assembly="YetaWF.Core">
                    <Properties>
                      <Collection />
                      <FileName />
                    </Properties>
                  </Object>
                </Value>
                <Value>
                  <Object Type="YetaWF.Core.Skins.SkinDefinition" Assembly="YetaWF.Core">
                    <Properties>
                      <Collection />
                      <FileName />
                    </Properties>
                  </Object>
                </Value>
                <Value>
                  <Object Type="YetaWF.Core.Skins.SkinDefinition" Assembly="YetaWF.Core">
                    <Properties>
                      <Collection />
                      <FileName />
                    </Properties>
                  </Object>
                </Value>
                <Value>
                  <Object Type="YetaWF.Core.Skins.SkinDefinition" Assembly="YetaWF.Core">
                    <Properties>
                      <Collection />
                      <FileName />
                    </Properties>
                  </Object>
                </Value>
              </List>
            </Object>
          </SkinDefinitions>
          <SelectedPopupSkin>
            <Object Type="YetaWF.Core.Skins.SkinDefinition" Assembly="YetaWF.Core">
              <Properties>
                <Collection />
                <FileName />
              </Properties>
            </Object>
          </SelectedPopupSkin>
          <CssClass Value="skinLoginSelector hidden-print" />
          <TempPageCssClass />
          <BootstrapContainer Value="0" />
          <_SuppressPartialFormCss Value="True" />
          <ShowTitle Value="False" />
          <ShowTitleActions Value="False" />
          <ShowHelp Value="False" />
          <Print Value="False" />
          <ShowFormButtons Value="True" />
          <AnchorId />
          <AllowedRoles>
            <Object Type="YetaWF.Core.Serializers.SerializableList`1[[YetaWF.Core.Modules.ModuleDefinition+AllowedRole, YetaWF.Core, Culture=neutral, PublicKeyToken=null]]" Assembly="YetaWF.Core">
              <Properties />
              <List>
                <Value>
                  <Object Type="YetaWF.Core.Modules.ModuleDefinition+AllowedRole" Assembly="YetaWF.Core">
                    <Properties>
                      <RoleId Value="999" />
                      <View Value="1" />
                      <Edit Value="0" />
                      <Remove Value="0" />
                      <Extra1 Value="0" />
                      <Extra2 Value="0" />
                      <Extra3 Value="0" />
                      <Extra4 Value="0" />
                      <Extra5 Value="0" />
                    </Properties>
                  </Object>
                </Value>
                <Value>
                  <Object Type="YetaWF.Core.Modules.ModuleDefinition+AllowedRole" Assembly="YetaWF.Core">
                    <Properties>
                      <RoleId Value="998" />
                      <View Value="1" />
                      <Edit Value="0" />
                      <Remove Value="0" />
                      <Extra1 Value="0" />
                      <Extra2 Value="0" />
                      <Extra3 Value="0" />
                      <Extra4 Value="0" />
                      <Extra5 Value="0" />
                    </Properties>
                  </Object>
                </Value>
                <Value>
                  <Object Type="YetaWF.Core.Modules.ModuleDefinition+AllowedRole" Assembly="YetaWF.Core">
                    <Properties>
                      <RoleId Value="1000" />
                      <View Value="1" />
                      <Edit Value="1" />
                      <Remove Value="1" />
                      <Extra1 Value="1" />
                      <Extra2 Value="1" />
                      <Extra3 Value="1" />
                      <Extra4 Value="1" />
                      <Extra5 Value="1" />
                    </Properties>
                  </Object>
                </Value>
              </List>
            </Object>
          </AllowedRoles>
          <AllowedUsers>
            <Object Type="YetaWF.Core.Serializers.SerializableList`1[[YetaWF.Core.Modules.ModuleDefinition+AllowedUser, YetaWF.Core, Culture=neutral, PublicKeyToken=null]]" Assembly="YetaWF.Core">
              <Properties />
              <List />
            </Object>
          </AllowedUsers>
          <ReferencedModules>
            <Object Type="YetaWF.Core.Serializers.SerializableList`1[[YetaWF.Core.Modules.ModuleDefinition+ReferencedModule, YetaWF.Core, Culture=neutral, PublicKeyToken=null]]" Assembly="YetaWF.Core">
              <Properties />
              <List />
            </Object>
          </ReferencedModules>
        </Properties>
      </Object>
    </Value>
  </List>
</Object>