﻿<?xml version="1.0" encoding="utf-8"?>
<!--YetaWF.Core.Serializers.SerializableList`1[YetaWF.Modules.Identity.DataProvider.UserDefinition]-->
<Object Type="YetaWF.Core.Serializers.SerializableList`1[[YetaWF.Modules.Identity.DataProvider.UserDefinition, YetaWF.Identity, Culture=neutral, PublicKeyToken=null]]" Assembly="YetaWF.Core">
  <Properties />
  <List>
    <Value>
      <Object Type="YetaWF.Modules.Identity.DataProvider.UserDefinition" Assembly="YetaWF.Identity" AssemblyFull="YetaWF.Identity, Version=3.0.0.0, Culture=neutral, PublicKeyToken=null">
        <Properties>
          <UserName Value="Superuser" />
          <UserId Value="1" />
          <PasswordHash Value="AOXdQhcj5cmYaMRxt+sb5kyd0JeMsBFPNGRH4wDfjr+lZSn1eEuiAXnRlRlv0rFAZQ==" />
          <PasswordPlainText Value="SuperuserPassword" />
          <Email Value="Superuser@Localhost" />
          <Comment Value="The superuser for all sites" />
          <UserStatus Value="2" />
          <VerificationCode Value="e376f2ce-2e1b-4949-993b-b65ccf184ce1" />
          <RegistrationIP Value="127.0.0.1" />
          <Created Value="636594467442118448" />
          <LastLoginDate Value="636594714849091455" />
          <LastLoginIP Value="::1" />
          <LastPasswordChangedDate />
          <PasswordChangeIP />
          <LastActivityDate Value="636594714849091455" />
          <LastActivityIP Value="::1" />
          <LoginFailures Value="0" />
          <SecurityStamp />
          <RolesList>
            <Object Type="YetaWF.Core.Serializers.SerializableList`1[[YetaWF.Core.Identity.Role, YetaWF.Core, Culture=neutral, PublicKeyToken=null]]" Assembly="YetaWF.Core">
              <Properties />
              <List>
                <Value>
                  <Object Type="YetaWF.Core.Identity.Role" Assembly="YetaWF.Core">
                    <Properties>
                      <RoleId Value="997" />
                    </Properties>
                  </Object>
                </Value>
              </List>
            </Object>
          </RolesList>
          <EnabledTwoStepAuthentications>
            <Object Type="YetaWF.Core.Serializers.SerializableList`1[[YetaWF.Modules.Identity.DataProvider.TwoStepDefinition, YetaWF.Identity, Culture=neutral, PublicKeyToken=null]]" Assembly="YetaWF.Core">
              <Properties />
              <List />
            </Object>
          </EnabledTwoStepAuthentications>
        </Properties>
      </Object>
    </Value>
  </List>
</Object>