{
  "$type": "YetaWF.Core.Serializers.SerializableList`1[[YetaWF.Modules.UserSettings.DataProvider.UserData, YetaWF.UserSettings]], YetaWF.Core",
  "$values": [
    {
      "$type": "YetaWF.Modules.UserSettings.DataProvider.UserData, YetaWF.UserSettings",
      "Key": 1,
      "DateFormat": 0,
      "TimeZone": "Eastern Standard Time",
      "TimeFormat": 0,
      "GridActions": 1,
      "LanguageId": "en-US",
      "ShowGridSearchToolbar": true,
      "ShowModuleOwnership": false,
      "ShowPageOwnership": false,
      "ShowEnumValue": false,
      "ShowVariables": false,
      "ShowInternals": false,
      "ConfirmDelete": true,
      "ConfirmActions": true
    },
    {
      "$type": "YetaWF.Modules.UserSettings.DataProvider.UserData, YetaWF.UserSettings",
      "Key": 1000,
      "DateFormat": 0,
      "TimeZone": "Eastern Standard Time",
      "TimeFormat": 0,
      "GridActions": 1,
      "LanguageId": "en-US",
      "ShowGridSearchToolbar": true,
      "ShowModuleOwnership": false,
      "ShowPageOwnership": false,
      "ShowEnumValue": false,
      "ShowVariables": false,
      "ShowInternals": false,
      "ConfirmDelete": true,
      "ConfirmActions": true
    }
  ]
}