{
  "PackageName": "YetaWF.Blog",
  "PackageVersion": "4.0.0",
  "Data": [
    {
      "Class": "DisqusModuleDataProvider",
      "Chunks": 1,
      "Files": []
    },
    {
      "Class": "DisqusConfigModuleDataProvider",
      "Chunks": 1,
      "Files": []
    },
    {
      "Class": "DisqusLinksModuleDataProvider",
      "Chunks": 0,
      "Files": []
    },
    {
      "Class": "SummaryModuleDataProvider",
      "Chunks": 0,
      "Files": []
    },
    {
      "Class": "ArchiveModuleDataProvider",
      "Chunks": 0,
      "Files": []
    },
    {
      "Class": "BlogModuleDataProvider",
      "Chunks": 1,
      "Files": []
    },
    {
      "Class": "BlogConfigModuleDataProvider",
      "Chunks": 1,
      "Files": []
    },
    {
      "Class": "CategoriesBrowseModuleDataProvider",
      "Chunks": 1,
      "Files": []
    },
    {
      "Class": "CategoriesListModuleDataProvider",
      "Chunks": 1,
      "Files": []
    },
    {
      "Class": "CategoryAddModuleDataProvider",
      "Chunks": 0,
      "Files": []
    },
    {
      "Class": "CategoryDisplayModuleDataProvider",
      "Chunks": 0,
      "Files": []
    },
    {
      "Class": "CategoryEditModuleDataProvider",
      "Chunks": 0,
      "Files": []
    },
    {
      "Class": "CategoryHeaderModuleDataProvider",
      "Chunks": 1,
      "Files": []
    },
    {
      "Class": "CommentAddModuleDataProvider",
      "Chunks": 1,
      "Files": []
    },
    {
      "Class": "CommentEditModuleDataProvider",
      "Chunks": 0,
      "Files": []
    },
    {
      "Class": "CommentsDisplayModuleDataProvider",
      "Chunks": 1,
      "Files": []
    },
    {
      "Class": "EntriesBrowseModuleDataProvider",
      "Chunks": 1,
      "Files": []
    },
    {
      "Class": "EntryAddModuleDataProvider",
      "Chunks": 0,
      "Files": []
    },
    {
      "Class": "EntryDisplayModuleDataProvider",
      "Chunks": 1,
      "Files": []
    },
    {
      "Class": "EntryEditModuleDataProvider",
      "Chunks": 0,
      "Files": []
    },
    {
      "Class": "DisqusConfigDataProvider",
      "Chunks": 1,
      "Files": []
    },
    {
      "Class": "BlogCategoryDataProvider",
      "Chunks": 0,
      "Files": []
    },
    {
      "Class": "BlogConfigDataProvider",
      "Chunks": 1,
      "Files": []
    },
    {
      "Class": "BlogEntryDataProvider",
      "Chunks": 0,
      "Files": []
    },
    {
      "Class": "BlogCommentDataProvider",
      "Chunks": 0,
      "Files": []
    }
  ]
}