{
  "$type": "YetaWF.Core.Serializers.SerializableList`1[[YetaWF.Modules.Languages.Modules.LocalizeConfigModule, YetaWF.Languages]], YetaWF.Core",
  "$values": [
    {
      "$type": "YetaWF.Modules.Languages.Modules.LocalizeConfigModule, YetaWF.Languages",
      "Name": "Localization Settings",
      "Title": {
        "$type": "YetaWF.Core.Models.MultiString, YetaWF.Core",
        "en-US": "Localization Settings"
      },
      "Visible": true,
      "ModuleSecurity": 0,
      "WantSearch": true,
      "WantFocus": true,
      "Description": {
        "$type": "YetaWF.Core.Models.MultiString, YetaWF.Core",
        "en-US": "Edits site and system wide localization settings"
      },
      "ModuleGuid": "ac486814-9c4b-4c53-986a-e2d02720e867",
      "DateCreated": "2015-11-08T09:48:23.0500454",
      "DateUpdated": "2018-04-16T00:58:16.2700941",
      "SkinDefinitions": {
        "$type": "YetaWF.Core.Serializers.SerializableList`1[[YetaWF.Core.Skins.SkinDefinition, YetaWF.Core]], YetaWF.Core",
        "$values": [
          {
            "$type": "YetaWF.Core.Skins.SkinDefinition, YetaWF.Core",
            "Collection": null,
            "FileName": null
          },
          {
            "$type": "YetaWF.Core.Skins.SkinDefinition, YetaWF.Core",
            "Collection": null,
            "FileName": null
          },
          {
            "$type": "YetaWF.Core.Skins.SkinDefinition, YetaWF.Core",
            "Collection": null,
            "FileName": null
          },
          {
            "$type": "YetaWF.Core.Skins.SkinDefinition, YetaWF.Core",
            "Collection": null,
            "FileName": null
          },
          {
            "$type": "YetaWF.Core.Skins.SkinDefinition, YetaWF.Core",
            "Collection": null,
            "FileName": null
          },
          {
            "$type": "YetaWF.Core.Skins.SkinDefinition, YetaWF.Core",
            "Collection": null,
            "FileName": null
          },
          {
            "$type": "YetaWF.Core.Skins.SkinDefinition, YetaWF.Core",
            "Collection": null,
            "FileName": null
          }
        ]
      },
      "SelectedPopupSkin": {
        "$type": "YetaWF.Core.Skins.SkinDefinition, YetaWF.Core",
        "Collection": null,
        "FileName": null
      },
      "CssClass": null,
      "TempPageCssClass": null,
      "_SuppressPartialFormCss": false,
      "ShowTitle": true,
      "ShowTitleActions": false,
      "ShowHelp": false,
      "Print": true,
      "ShowFormButtons": true,
      "AnchorId": null,
      "AllowedRoles": {
        "$type": "YetaWF.Core.Serializers.SerializableList`1[[YetaWF.Core.Modules.ModuleDefinition+AllowedRole, YetaWF.Core]], YetaWF.Core",
        "$values": [
          {
            "$type": "YetaWF.Core.Modules.ModuleDefinition+AllowedRole, YetaWF.Core",
            "RoleId": 1000,
            "View": 1,
            "Edit": 1,
            "Remove": 1,
            "Extra1": 1,
            "Extra2": 1,
            "Extra3": 1,
            "Extra4": 1,
            "Extra5": 1
          },
          {
            "$type": "YetaWF.Core.Modules.ModuleDefinition+AllowedRole, YetaWF.Core",
            "RoleId": 1000,
            "View": 1,
            "Edit": 1,
            "Remove": 1,
            "Extra1": 1,
            "Extra2": 1,
            "Extra3": 1,
            "Extra4": 1,
            "Extra5": 1
          }
        ]
      },
      "AllowedUsers": {
        "$type": "YetaWF.Core.Serializers.SerializableList`1[[YetaWF.Core.Modules.ModuleDefinition+AllowedUser, YetaWF.Core]], YetaWF.Core",
        "$values": []
      },
      "ReferencedModules": {
        "$type": "YetaWF.Core.Serializers.SerializableList`1[[YetaWF.Core.Modules.ModuleDefinition+ReferencedModule, YetaWF.Core]], YetaWF.Core",
        "$values": []
      }
    }
  ]
}