{
  "$type": "YetaWF.Core.Serializers.SerializableList`1[[YetaWF.Modules.Blog.Modules.BlogModule, YetaWF.Blog]], YetaWF.Core",
  "$values": [
    {
      "$type": "YetaWF.Modules.Blog.Modules.BlogModule, YetaWF.Blog",
      "Name": "Blog",
      "Title": {
        "$type": "YetaWF.Core.Models.MultiString, YetaWF.Core",
        "en-US": "Blog"
      },
      "Visible": true,
      "ModuleSecurity": 0,
      "WantSearch": true,
      "WantFocus": true,
      "ModuleGuid": "da58fa03-f79d-4be9-8122-5250480b2f14",
      "DateCreated": "2015-04-02T16:32:11.8066157",
      "DateUpdated": "2018-04-16T00:58:17.7223267",
      "ModuleSkin": "modStandard",
      "PopupPage": "Popup",
      "CssClass": null,
      "TempPageCssClass": null,
      "_SuppressPartialFormCss": false,
      "ShowTitle": true,
      "ShowTitleActions": false,
      "CanMinimize": false,
      "Minimized": false,
      "ShowHelp": false,
      "HelpURL": null,
      "Print": true,
      "ShowFormButtons": true,
      "AnchorId": null,
      "FormAutoComplete": false,
      "AllowedRoles": {
        "$type": "YetaWF.Core.Serializers.SerializableList`1[[YetaWF.Core.Modules.ModuleDefinition+AllowedRole, YetaWF.Core]], YetaWF.Core",
        "$values": [
          {
            "$type": "YetaWF.Core.Modules.ModuleDefinition+AllowedRole, YetaWF.Core",
            "RoleId": 1000,
            "View": 1,
            "Edit": 1,
            "Remove": 1,
            "Extra1": 1,
            "Extra2": 1,
            "Extra3": 1,
            "Extra4": 1,
            "Extra5": 1
          }
        ]
      },
      "AllowedUsers": {
        "$type": "YetaWF.Core.Serializers.SerializableList`1[[YetaWF.Core.Modules.ModuleDefinition+AllowedUser, YetaWF.Core]], YetaWF.Core",
        "$values": []
      },
      "ReferencedModules": {
        "$type": "YetaWF.Core.Serializers.SerializableList`1[[YetaWF.Core.Modules.ModuleDefinition+ReferencedModule, YetaWF.Core]], YetaWF.Core",
        "$values": []
      }
    }
  ]
}