﻿<?xml version="1.0" encoding="utf-8"?>
<!--YetaWF.Core.Serializers.SerializableList`1[YetaWF.Core.Site.SiteDefinition]-->
<Object Type="YetaWF.Core.Serializers.SerializableList`1[[YetaWF.Core.Site.SiteDefinition, YetaWF.Core, Culture=neutral, PublicKeyToken=null]]" Assembly="YetaWF.Core">
  <Properties />
  <List>
    <Value>
      <Object Type="YetaWF.Core.Site.SiteDefinition" Assembly="YetaWF.Core">
        <Properties>
          <Identity Value="1000" />
          <SiteDomain Value="YetaWFDist5" />
          <SiteName Value="YetaWFDist5" />
          <EnforceSiteUrl Value="False" />
          <PageSecurity Value="0" />
          <EnforceSitePort Value="False" />
          <PortNumber Value="80" />
          <PortNumberSSL Value="443" />
          <Localization Value="True" />
          <DefaultLanguageId Value="en-US" />
          <AllowAnonymousUsers Value="True" />
          <Locked Value="False" />
          <LockedForIP />
          <LockedExternalForIP />
          <LockedUrl Value="/Maintenance/Offline For Maintenance.html" />
          <AllowPopups Value="True" />
          <CssNoTooltips Value="linkpreview-show peelback" />
          <FavIcon_Data Value="" />
          <FavIconLrg_Data Value="" />
          <Country Value="United States" />
          <Currency Value="USD" />
          <CurrencyFormat Value="$ #,0.00" />
          <CurrencyDecimals Value="2" />
          <StaticPages Value="False" />
          <AllowCacheUse Value="True" />
          <Compression Value="True" />
          <CompressCSSFiles Value="True" />
          <BundleCSSFiles Value="True" />
          <CssLocation Value="1" />
          <CompressJSFiles Value="True" />
          <BundleJSFiles Value="True" />
          <JSLocation Value="1" />
          <DisableMinimizeFUOC Value="False" />
          <Copyright Value="YetaWF.com - © Copyright &lt;&lt;Year&gt;&gt; Softel vdm, Inc." />
          <UseCDNComponents Value="False" />
          <UseCDN Value="False" />
          <CDNUrl />
          <CDNUrlSecure />
          <StaticDomain />
          <EmailDebug Value="False" />
          <AdminEmail Value="youremail@YetaWFDist5" />
          <SMTP>
            <Object Type="YetaWF.Core.SendEmail.SMTPServer" Assembly="YetaWF.Core">
              <Properties>
                <Server Value="mail.YetaWFDist5" />
                <Port Value="25" />
                <Authentication Value="1" />
                <UserName Value="youremail@YetaWFDist5" />
                <Password Value="somepassword" />
                <SSL Value="False" />
              </Properties>
            </Object>
          </SMTP>
          <HomePageUrl Value="/" />
          <NotFoundUrl Value="/Errors/404" />
          <MobileSiteUrl />
          <UnsupportedBrowserUrl Value="/Maintenance/Unsupported Browser.html" />
          <LoginUrl Value="/User/Login" />
          <ExternalAccountSetupUrl Value="/User/Setup External Account" />
          <ReferencedModules>
            <Object Type="YetaWF.Core.Serializers.SerializableList`1[[YetaWF.Core.Modules.ModuleDefinition+ReferencedModule, YetaWF.Core, Culture=neutral, PublicKeyToken=null]]" Assembly="YetaWF.Core">
              <Properties />
              <List />
            </Object>
          </ReferencedModules>
          <SelectedSkin>
            <Object Type="YetaWF.Core.Skins.SkinDefinition" Assembly="YetaWF.Core">
              <Properties>
                <Collection Value="YetaWF/BootstrapSample/BootstrapSkin" />
                <FileName Value="Default.cshtml" />
              </Properties>
            </Object>
          </SelectedSkin>
          <SelectedPopupSkin>
            <Object Type="YetaWF.Core.Skins.SkinDefinition" Assembly="YetaWF.Core">
              <Properties>
                <Collection Value="YetaWF/BootstrapSample/BootstrapSkin" />
                <FileName Value="Popup.cshtml" />
              </Properties>
            </Object>
          </SelectedPopupSkin>
          <FormErrorsImmed Value="False" />
          <BootstrapSkin />
          <jQueryUISkin Value="Start" />
          <KendoUISkin Value="Blue Opal" />
          <TabStyle Value="0" />
          <PublicKey Value="&lt;RSAKeyValue&gt;&lt;Modulus&gt;3dTsr1LdZrA+Rtw1PVGaF75PIQ3/Pw/ah6wkYB4uQHXCvLkCnrS8rJ3AOTZ2T7qIp6T07of0qHioM/ObAc8Tf8Zwctc15jQ7/RlGbu20PfKKU/IIuZ1X4id27u2I5a0iNXRc7tap9PkwRNIJzLnlHU2/DCGiCmlZKih3aXfZzmU=&lt;/Modulus&gt;&lt;Exponent&gt;AQAB&lt;/Exponent&gt;&lt;/RSAKeyValue&gt;" />
          <PrivateKey Value="&lt;RSAKeyValue&gt;&lt;Modulus&gt;3dTsr1LdZrA+Rtw1PVGaF75PIQ3/Pw/ah6wkYB4uQHXCvLkCnrS8rJ3AOTZ2T7qIp6T07of0qHioM/ObAc8Tf8Zwctc15jQ7/RlGbu20PfKKU/IIuZ1X4id27u2I5a0iNXRc7tap9PkwRNIJzLnlHU2/DCGiCmlZKih3aXfZzmU=&lt;/Modulus&gt;&lt;Exponent&gt;AQAB&lt;/Exponent&gt;&lt;P&gt;5X38WYujlBejPZa0o/lNT832QJIOzguges2tJp9qLq2RxQ1F+Qpn77/1nYMd1m9fRuaB/RheyZFrgNr5tbpSuw==&lt;/P&gt;&lt;Q&gt;93RsVl+vIWBsA6O/O1Syn7Hc/H51eZ96GFBo5Os1ow1Le6te8b/iUMBibamt/YhDm21YeFoM5q9CvM6O0/EhXw==&lt;/Q&gt;&lt;DP&gt;vn5Vef7vSX5VgkoWqAXIpvXP8slKgL4l98nCcMzi1tw8o9TgwFhi7h/pQVYU7mqEK9YrEGuqQqbzFYKuxKplAQ==&lt;/DP&gt;&lt;DQ&gt;aJA0m0bxbOwemGcgDoUauaph0/vnzg3afN21hU3yq0SZ6dcfVo4bpr20mdxCXkivMMVCxhBfNTdHvxqVde+Fhw==&lt;/DQ&gt;&lt;InverseQ&gt;ISaJY+Ns1Rsf41vTJF8f8NwX5+9ZFz1p/9TwGVMLznKVxdsdWTUcSRIdDlKxGYtnVq+fR8pKPFXQlzeMDsOrQQ==&lt;/InverseQ&gt;&lt;D&gt;3TgVwNHWUS25LVk1Dq1uCfeTWddnkC/zMhGNRP1UCpxlU2b9IeADt/CpXWTen6vZ07VBPQ8AAXIx630oO6mSOqK7OszsJiLoqSwm5nr5oyXNN4VBcY66+10JLWBR/sBKUz9MuxsqtknvxySaCOdC6C5ve93Gr3bO3+TM418jgpE=&lt;/D&gt;&lt;/RSAKeyValue&gt;" />
          <Analytics />
          <AnalyticsContent />
          <GoogleVerification />
          <ExtraHead />
          <ExtraBodyTop />
          <ExtraBodyBottom />
          <UseGeoLocation Value="False" />
          <SiteMetaTags />
          <PageMetaTags />
          <SiteMapPriority Value="50" />
          <DefaultChangeFrequency Value="4" />
        </Properties>
      </Object>
    </Value>
  </List>
</Object>