﻿<?xml version="1.0" encoding="utf-8"?>
<!--YetaWF.Core.Serializers.SerializableList`1[YetaWF.Core.Site.SiteDefinition]-->
<Object Type="YetaWF.Core.Serializers.SerializableList`1[[YetaWF.Core.Site.SiteDefinition, YetaWF.Core, Culture=neutral, PublicKeyToken=null]]" Assembly="YetaWF.Core">
  <Properties />
  <List>
    <Value>
      <Object Type="YetaWF.Core.Site.SiteDefinition" Assembly="YetaWF.Core">
        <Properties>
          <Identity Value="1000" />
          <SiteDomain Value="YetaWFDist5" />
          <SiteName Value="YetaWFDist5" />
          <EnforceSiteUrl Value="False" />
          <PageSecurity Value="0" />
          <EnforceSitePort Value="False" />
          <PortNumber Value="80" />
          <PortNumberSSL Value="443" />
          <Localization Value="True" />
          <DefaultLanguageId Value="en-US" />
          <AllowAnonymousUsers Value="True" />
          <Locked Value="False" />
          <LockedForIP />
          <LockedExternalForIP />
          <LockedUrl Value="/Maintenance/Offline For Maintenance.html" />
          <AllowPopups Value="True" />
          <CssNoTooltips Value="linkpreview-show peelback" />
          <FavIcon_Data Value="" />
          <FavIconLrg_Data Value="" />
          <Country Value="United States" />
          <Currency Value="USD" />
          <CurrencyFormat Value="$ #,0.00" />
          <CurrencyDecimals Value="2" />
          <StaticPages Value="False" />
          <AllowCacheUse Value="True" />
          <Compression Value="True" />
          <CompressCSSFiles Value="True" />
          <BundleCSSFiles Value="True" />
          <CssLocation Value="1" />
          <CompressJSFiles Value="True" />
          <BundleJSFiles Value="True" />
          <JSLocation Value="1" />
          <DisableMinimizeFUOC Value="False" />
          <Copyright Value="YetaWF.com - © Copyright &lt;&lt;Year&gt;&gt; Softel vdm, Inc." />
          <UseCDNComponents Value="False" />
          <UseCDN Value="False" />
          <CDNUrl />
          <CDNUrlSecure />
          <StaticDomain />
          <EmailDebug Value="False" />
          <AdminEmail Value="youremail@YetaWFDist5" />
          <SMTP>
            <Object Type="YetaWF.Core.SendEmail.SMTPServer" Assembly="YetaWF.Core">
              <Properties>
                <Server Value="mail.YetaWFDist5" />
                <Port Value="25" />
                <Authentication Value="1" />
                <UserName Value="youremail@YetaWFDist5" />
                <Password Value="somepassword" />
                <SSL Value="False" />
              </Properties>
            </Object>
          </SMTP>
          <HomePageUrl Value="/" />
          <NotFoundUrl Value="/Errors/404" />
          <MobileSiteUrl />
          <UnsupportedBrowserUrl Value="/Maintenance/Unsupported Browser.html" />
          <LoginUrl Value="/User/Login" />
          <ExternalAccountSetupUrl Value="/User/Setup External Account" />
          <ReferencedModules>
            <Object Type="YetaWF.Core.Serializers.SerializableList`1[[YetaWF.Core.Modules.ModuleDefinition+ReferencedModule, YetaWF.Core, Culture=neutral, PublicKeyToken=null]]" Assembly="YetaWF.Core">
              <Properties />
              <List />
            </Object>
          </ReferencedModules>
          <SelectedSkin>
            <Object Type="YetaWF.Core.Skins.SkinDefinition" Assembly="YetaWF.Core">
              <Properties>
                <Collection Value="YetaWF/BootstrapSample/BootstrapSkin" />
                <FileName Value="Default.cshtml" />
              </Properties>
            </Object>
          </SelectedSkin>
          <SelectedPopupSkin>
            <Object Type="YetaWF.Core.Skins.SkinDefinition" Assembly="YetaWF.Core">
              <Properties>
                <Collection Value="YetaWF/BootstrapSample/BootstrapSkin" />
                <FileName Value="Popup.cshtml" />
              </Properties>
            </Object>
          </SelectedPopupSkin>
          <FormErrorsImmed Value="False" />
          <BootstrapSkin />
          <jQueryUISkin Value="Start" />
          <KendoUISkin Value="Blue Opal" />
          <TabStyle Value="0" />
          <PublicKey Value="&lt;RSAKeyValue&gt;&lt;Modulus&gt;4Cx1gz+wJkpLbq4kSmEeBQCQSQCxbTFK2jELa0i3T4sxZIDNI9biH3tSy2ta2Caj9HBn6oDoBRI5wddevrMhf7rGZtedUA4cvVD5vuxUNlkZ1SRlalILS2ZbC31u4Y/Hts7FRkMrRZ9Kymj/rGactdMf+/4nizRy+O9AT7bFPMk=&lt;/Modulus&gt;&lt;Exponent&gt;AQAB&lt;/Exponent&gt;&lt;/RSAKeyValue&gt;" />
          <PrivateKey Value="&lt;RSAKeyValue&gt;&lt;Modulus&gt;4Cx1gz+wJkpLbq4kSmEeBQCQSQCxbTFK2jELa0i3T4sxZIDNI9biH3tSy2ta2Caj9HBn6oDoBRI5wddevrMhf7rGZtedUA4cvVD5vuxUNlkZ1SRlalILS2ZbC31u4Y/Hts7FRkMrRZ9Kymj/rGactdMf+/4nizRy+O9AT7bFPMk=&lt;/Modulus&gt;&lt;Exponent&gt;AQAB&lt;/Exponent&gt;&lt;P&gt;+fH5AF/Kq+mTAM3wV+J4ZbI9oOnj+zp6CuqFaxH1k3/w4xuXTB83XiunK0Ze4A3tAF5o3etGGxzQ0fan8UnVaw==&lt;/P&gt;&lt;Q&gt;5ZqqPOEIJFbRM/yIMrzoKuegi9CoE9KazLsXAFhnSgetzvB3PBqgsZ9v7VxdktrS2pkFhcKu9pSOmDu7St9Pmw==&lt;/Q&gt;&lt;DP&gt;eKo3stWMC5iUzoOdb2A3DamSFRg1ZvjhKFn2FS2zaAURLyMH1MkROtZKOxsa/IHclBv/9nr5+mbb7TFt/I/Phw==&lt;/DP&gt;&lt;DQ&gt;xGb00Ha9/De3ZHzUFHK7NlhEYNTvsWUpvY8cMdNtJ0pCRw4zMFqmssnreGLWOFSuoQbcTnsmJw8UmuwdXgJ/mQ==&lt;/DQ&gt;&lt;InverseQ&gt;ZQUygXYL5Kps/r8uHvyMfQmZmnHNM43Do/eBq39lB8cugVjdwUjjyfK9aXd3AcEwaSJVmzECD3fxbApLmEmZvw==&lt;/InverseQ&gt;&lt;D&gt;JbjVfWR2K7tMvi8nhCybdJQHs4EeWhV1VwnxtffigMwXX6Yc3u8F1e5WnExQWRcHd9aCZf+TC2dpuKiZFNXnyNne+n87GQgT0BriCaHfYCoA/nnmksgLJvsUpMAPapTkHCqZMDuQ7LK89luLiAUmPzmm+U0JMK5gjYjKMwTex1E=&lt;/D&gt;&lt;/RSAKeyValue&gt;" />
          <Analytics />
          <AnalyticsContent />
          <GoogleVerification />
          <ExtraHead />
          <ExtraBodyTop />
          <ExtraBodyBottom />
          <UseGeoLocation Value="False" />
          <SiteMetaTags />
          <PageMetaTags />
          <SiteMapPriority Value="50" />
          <DefaultChangeFrequency Value="4" />
        </Properties>
      </Object>
    </Value>
  </List>
</Object>