{
  "$type": "YetaWF.Core.Serializers.SerializableList`1[[YetaWF.Core.Site.SiteDefinition, YetaWF.Core]], YetaWF.Core",
  "$values": [
    {
      "$type": "YetaWF.Core.Site.SiteDefinition, YetaWF.Core",
      "Identity": 1000,
      "SiteDomain": "YetaWFDist4",
      "SiteTestDomain": null,
      "SiteName": "YetaWFDist4",
      "EnforceSiteUrl": false,
      "PageSecurity": 0,
      "EnforceSitePort": false,
      "PortNumber": 80,
      "PortNumberSSL": 443,
      "Localization": true,
      "DefaultLanguageId": "en-US",
      "AllowAnonymousUsers": true,
      "Locked": false,
      "LockedForIP": null,
      "LockedExternalForIP": null,
      "LockedUrl": "/Maintenance/Offline For Maintenance.html",
      "AllowPopups": true,
      "CssNoTooltips": "linkpreview-show peelback",
      "FavIcon_Data": {
        "$type": "System.Byte[], mscorlib",
        "$value": ""
      },
      "FavIconLrg_Data": {
        "$type": "System.Byte[], mscorlib",
        "$value": ""
      },
      "Country": "United States",
      "Currency": "USD",
      "CurrencyFormat": "$ #,0.00",
      "CurrencyDecimals": 2,
      "StaticPages": false,
      "AllowCacheUse": true,
      "Compression": true,
      "CompressCSSFiles": true,
      "BundleCSSFiles": true,
      "CssLocation": 1,
      "CompressJSFiles": true,
      "BundleJSFiles": true,
      "JSLocation": 1,
      "DisableMinimizeFUOC": false,
      "IFrameUse": 0,
      "Copyright": "YetaWF.com - © Copyright <<Year>> Softel vdm, Inc.",
      "UseCDNComponents": false,
      "UseCDN": false,
      "CDNUrl": null,
      "CDNUrlSecure": null,
      "StaticDomain": null,
      "EmailDebug": false,
      "AdminEmail": "youremail@YetaWFDist4",
      "SMTP": {
        "$type": "YetaWF.Core.SendEmail.SMTPServer, YetaWF.Core",
        "Server": "mail.YetaWFDist4",
        "Port": 25,
        "Authentication": 1,
        "UserName": "youremail@YetaWFDist4",
        "Password": "somepassword",
        "SSL": false
      },
      "HomePageUrl": "/",
      "NotFoundUrl": "/Errors/404",
      "MobileSiteUrl": null,
      "UnsupportedBrowserUrl": "/Maintenance/Unsupported Browser.html",
      "LoginUrl": "/User/Login",
      "ExternalAccountSetupUrl": "/User/Setup External Account",
      "ReferencedModules": {
        "$type": "YetaWF.Core.Serializers.SerializableList`1[[YetaWF.Core.Modules.ModuleDefinition+ReferencedModule, YetaWF.Core]], YetaWF.Core",
        "$values": []
      },
      "SelectedSkin": {
        "$type": "YetaWF.Core.Skins.SkinDefinition, YetaWF.Core",
        "Collection": "YetaWF/DefaultSkin/DefaultSkin",
        "FileName": "Default"
      },
      "SelectedPopupSkin": {
        "$type": "YetaWF.Core.Skins.SkinDefinition, YetaWF.Core",
        "Collection": "YetaWF/DefaultSkin/DefaultSkin",
        "FileName": "Popup"
      },
      "FormErrorsImmed": false,
      "BootstrapSkin": "Bootstrap Default",
      "jQueryUISkin": "Start",
      "KendoUISkin": "Blue Opal",
      "TabStyle": 0,
      "PublicKey": "<RSAKeyValue><Modulus>tayx9URqV4fXyk2xvSpidIklQnAs5opZV22ng3JYc04BJa0zy5clf8MSG6oDUdsqpV7P05tau/so2uSDrSFrKEUN00o74vlzvfkRCLbJUIhhaKatS+si4tvAv9P+5Cw6/0yK+VVIS4SSNxbTUxGmAEfeRQfNd7HiIdxyDIfVYRE=</Modulus><Exponent>AQAB</Exponent></RSAKeyValue>",
      "PrivateKey": "<RSAKeyValue><Modulus>tayx9URqV4fXyk2xvSpidIklQnAs5opZV22ng3JYc04BJa0zy5clf8MSG6oDUdsqpV7P05tau/so2uSDrSFrKEUN00o74vlzvfkRCLbJUIhhaKatS+si4tvAv9P+5Cw6/0yK+VVIS4SSNxbTUxGmAEfeRQfNd7HiIdxyDIfVYRE=</Modulus><Exponent>AQAB</Exponent><P>zaT7MmlgU5oVpQhe2kz9BaCTwLtPNFpT8KqxvlJKVeHBCZNeeMX4dfCAECk/Ckwrohu4Rm4E8ApaoOiz1KzQsw==</P><Q>4ikj0lprpedAUSXqMm8fAOxgNZouAxDjjSj/G+SXhGFf58O6BOJZZ6ibtj/JR1ki7/6PV7xsJM05OMbZtZvhKw==</Q><DP>IMmKJ2p3qjyp8MsZ3HJj8Q6+H/99TFqOgZOljTOvmGvLDEzLxjPCPoOe13TMEUc9ubXztn76GI9+DaOscF8xUw==</DP><DQ>u7J3F2KRytvU5kQ4TWkp6wNCidoO6959bC8lIooiMez6wogPf3Q3zS8DJEtmCj/xHgs//gnUGurz3aozD2Vyhw==</DQ><InverseQ>jB5XvyqnEMk0cuh8rTIu5ndpQc5GS5DgvYB5niRf0HX467Yh2y3VoYmvCGPPPSZ+jJFWYbjVkPxVo6flpmEPcw==</InverseQ><D>DrS4/wqXtRgo7pZVceORbq9/VZ5w9AR08O/OZISIBmVlEGCx1aQZg/sNZzHe7OxZymMfXZiwwpC1IOrogcY3vzrLmlMZQntbavH42tzwDrUHtp5jrTa9AmErBFBR0WZDMzucunGZ4IKUnZJn2D8sjzYQdF3ttWZW6WHtzovFrJU=</D></RSAKeyValue>",
      "Analytics": null,
      "AnalyticsContent": null,
      "GoogleVerification": null,
      "ExtraHead": null,
      "ExtraBodyTop": null,
      "ExtraBodyBottom": null,
      "UseGeoLocation": false,
      "SiteMetaTags": null,
      "PageMetaTags": null,
      "SiteMapPriority": 50,
      "DefaultChangeFrequency": 4
    }
  ]
}