{
  "$type": "YetaWF.Core.Serializers.SerializableList`1[[YetaWF.Modules.Identity.DataProvider.LoginConfigData, YetaWF.Identity]], YetaWF.Core",
  "$values": [
    {
      "$type": "YetaWF.Modules.Identity.DataProvider.LoginConfigData, YetaWF.Identity",
      "Id": 1,
      "AllowUserRegistration": true,
      "RegistrationType": 1,
      "SavePlainTextPassword": true,
      "ResetTimeSpan": "1.00:00:00",
      "Captcha": false,
      "CaptchaForgotPassword": false,
      "VerifyNewUsers": false,
      "ApproveNewUsers": false,
      "NotifyAdminNewUsers": false,
      "BccVerification": false,
      "MaxLoginFailures": 20,
      "BccForgottenPassword": false,
      "PersistentLogin": true,
      "LoginUrl": "/User/Login",
      "RegisterUrl": "/User/Register",
      "TwoStepAuthUrl": null,
      "ForgotPasswordUrl": "/User/Forgot Password",
      "VerificationPendingUrl": null,
      "ApprovalPendingUrl": null,
      "RejectedUrl": null,
      "SuspendedUrl": null,
      "LoggedOffUrl": null,
      "TwoStepAuth": {
        "$type": "YetaWF.Core.Serializers.SerializableList`1[[YetaWF.Core.Identity.Role, YetaWF.Core]], YetaWF.Core",
        "$values": []
      }
    }
  ]
}