{
  "$type": "YetaWF.Core.Serializers.SerializableList`1[[YetaWF.Modules.Identity.DataProvider.UserDefinition, YetaWF.Identity]], YetaWF.Core",
  "$values": [
    {
      "$type": "YetaWF.Modules.Identity.DataProvider.UserDefinition, YetaWF.Identity",
      "UserName": "Superuser",
      "UserId": 1,
      "PasswordHash": "AQAAAAEAACcQAAAAEIISVwRrbGjmHCx1hN2wY8ASYRMTrUBR+1Kf4kUBujbHfsm+dc0h2YeGJckduHA0Ng==",
      "PasswordPlainText": "SuperuserPassword",
      "Email": "Superuser@YetaWFDist5",
      "Comment": "The superuser for all sites",
      "UserStatus": 2,
      "VerificationCode": "88e167f9-64c6-49ce-916c-4c10d94272e1",
      "RegistrationIP": "127.0.0.1",
      "Created": "2020-08-06T13:05:52.9837537",
      "LastLoginDate": "2020-08-06T13:07:08.6954152",
      "LastLoginIP": "::1",
      "LastPasswordChangedDate": null,
      "PasswordChangeIP": null,
      "LastActivityDate": "2020-08-06T13:07:08.6966483",
      "LastActivityIP": "::1",
      "NeedsNewPassword": false,
      "ResetKey": null,
      "ResetValidUntil": null,
      "LoginFailures": 0,
      "RecoveryCode": null,
      "SecurityStamp": null,
      "RolesList": {
        "$type": "YetaWF.Core.Serializers.SerializableList`1[[YetaWF.Core.Identity.Role, YetaWF.Core]], YetaWF.Core",
        "$values": [
          {
            "$type": "YetaWF.Core.Identity.Role, YetaWF.Core",
            "RoleId": 997
          }
        ]
      },
      "EnabledTwoStepAuthentications": {
        "$type": "YetaWF.Core.Serializers.SerializableList`1[[YetaWF.Modules.Identity.DataProvider.TwoStepDefinition, YetaWF.Identity]], YetaWF.Core",
        "$values": []
      }
    }
  ]
}