﻿<?xml version="1.0" encoding="utf-8"?>
<!--YetaWF.Core.Serializers.SerializableList`1[YetaWF.Modules.Basics.DataProvider.AlertConfig]-->
<Object Type="YetaWF.Core.Serializers.SerializableList`1[[YetaWF.Modules.Basics.DataProvider.AlertConfig, YetaWF.Basics, Culture=neutral, PublicKeyToken=null]]" Assembly="YetaWF.Core">
  <Properties />
  <List>
    <Value>
      <Object Type="YetaWF.Modules.Basics.DataProvider.AlertConfig" Assembly="YetaWF.Basics" AssemblyFull="YetaWF.Basics, Version=3.0.0.0, Culture=neutral, PublicKeyToken=null">
        <Properties>
          <Id Value="1" />
          <Enabled Value="True" />
          <CompleteMessage>
            <Object Type="YetaWF.Core.Models.MultiString" Assembly="YetaWF.Core">
              <Properties />
              <Dictionary>
                <Key Value="en-US" />
                <Value Value="&lt;p style=&quot;text-align: center;&quot;&gt;YetaWF is AWESOME - Visit our &lt;a href=&quot;http://demo.YetaWF.com/YetaWF_Identity/LoginDirect/LoginAs?UserId=1&quot; target=&quot;_blank&quot;&gt;demo site&lt;/a&gt;&lt;/p&gt;" />
              </Dictionary>
            </Object>
          </CompleteMessage>
          <MessageHandling Value="1" />
        </Properties>
      </Object>
    </Value>
  </List>
</Object>