﻿<?xml version="1.0" encoding="utf-8"?>
<!--YetaWF.Core.Serializers.SerializableList`1[YetaWF.Modules.Languages.Modules.LanguagesBrowseModule]-->
<Object Type="YetaWF.Core.Serializers.SerializableList`1[[YetaWF.Modules.Languages.Modules.LanguagesBrowseModule, YetaWF.Languages, Culture=neutral, PublicKeyToken=null]]" Assembly="YetaWF.Core">
  <Properties />
  <List>
    <Value>
      <Object Type="YetaWF.Modules.Languages.Modules.LanguagesBrowseModule" Assembly="YetaWF.Languages" AssemblyFull="YetaWF.Languages, Version=3.0.0.0, Culture=neutral, PublicKeyToken=null">
        <Properties>
          <DisplayUrl />
          <Name Value="Languages" />
          <Title>
            <Object Type="YetaWF.Core.Models.MultiString" Assembly="YetaWF.Core">
              <Properties />
              <Dictionary>
                <Key Value="en-US" />
                <Value Value="Languages" />
              </Dictionary>
            </Object>
          </Title>
          <Visible Value="True" />
          <ModuleSecurity Value="0" />
          <WantSearch Value="True" />
          <WantFocus Value="True" />
          <Description>
            <Object Type="YetaWF.Core.Models.MultiString" Assembly="YetaWF.Core">
              <Properties />
              <Dictionary>
                <Key Value="en-US" />
                <Value Value="Displays and manages languages" />
              </Dictionary>
            </Object>
          </Description>
          <ModuleGuid Value="7b5dbe3c-ed37-4eb4-a234-479c3726f8bb" />
          <DateCreated Value="635635891282716108" />
          <DateUpdated Value="636594370947210050" />
          <SkinDefinitions>
            <Object Type="YetaWF.Core.Serializers.SerializableList`1[[YetaWF.Core.Skins.SkinDefinition, YetaWF.Core, Culture=neutral, PublicKeyToken=null]]" Assembly="YetaWF.Core">
              <Properties />
              <List />
            </Object>
          </SkinDefinitions>
          <SelectedPopupSkin>
            <Object Type="YetaWF.Core.Skins.SkinDefinition" Assembly="YetaWF.Core">
              <Properties>
                <Collection />
                <FileName />
              </Properties>
            </Object>
          </SelectedPopupSkin>
          <CssClass />
          <TempPageCssClass />
          <BootstrapContainer Value="0" />
          <_SuppressPartialFormCss Value="False" />
          <ShowTitle Value="True" />
          <ShowTitleActions Value="False" />
          <ShowHelp Value="False" />
          <Print Value="True" />
          <ShowFormButtons Value="True" />
          <AnchorId />
          <AllowedRoles>
            <Object Type="YetaWF.Core.Serializers.SerializableList`1[[YetaWF.Core.Modules.ModuleDefinition+AllowedRole, YetaWF.Core, Culture=neutral, PublicKeyToken=null]]" Assembly="YetaWF.Core">
              <Properties />
              <List />
            </Object>
          </AllowedRoles>
          <AllowedUsers>
            <Object Type="YetaWF.Core.Serializers.SerializableList`1[[YetaWF.Core.Modules.ModuleDefinition+AllowedUser, YetaWF.Core, Culture=neutral, PublicKeyToken=null]]" Assembly="YetaWF.Core">
              <Properties />
              <List />
            </Object>
          </AllowedUsers>
          <ReferencedModules>
            <Object Type="YetaWF.Core.Serializers.SerializableList`1[[YetaWF.Core.Modules.ModuleDefinition+ReferencedModule, YetaWF.Core, Culture=neutral, PublicKeyToken=null]]" Assembly="YetaWF.Core">
              <Properties />
              <List />
            </Object>
          </ReferencedModules>
        </Properties>
      </Object>
    </Value>
  </List>
</Object>