﻿<?xml version="1.0" encoding="utf-8"?>
<!--YetaWF.Core.Serializers.SerializableList`1[YetaWF.Core.Site.SiteDefinition]-->
<Object Type="YetaWF.Core.Serializers.SerializableList`1[[YetaWF.Core.Site.SiteDefinition, YetaWF.Core, Culture=neutral, PublicKeyToken=null]]" Assembly="YetaWF.Core">
  <Properties />
  <List>
    <Value>
      <Object Type="YetaWF.Core.Site.SiteDefinition" Assembly="YetaWF.Core">
        <Properties>
          <Identity Value="1000" />
          <SiteDomain Value="YetaWFDist5" />
          <SiteName Value="YetaWFDist5" />
          <PortNumber Value="-1" />
          <PortNumberSSL Value="-1" />
          <Localization Value="True" />
          <DefaultLanguageId Value="en-US" />
          <AllowAnonymousUsers Value="True" />
          <Locked Value="False" />
          <LockedForIP />
          <LockedExternalForIP />
          <LockedUrl Value="/Maintenance/Offline For Maintenance.html" />
          <AllowPopups Value="True" />
          <CssNoTooltips Value="linkpreview-show peelback" />
          <FavIcon_Data Value="" />
          <FavIconLrg_Data Value="" />
          <Country Value="United States" />
          <CurrencyFormat Value="$ #,0.00" />
          <CurrencyDecimals Value="2" />
          <StaticPages Value="False" />
          <AllowCacheUse Value="True" />
          <Compression Value="True" />
          <CompressCSSFiles Value="True" />
          <BundleCSSFiles Value="True" />
          <BundleCSSFilesContent Value="False" />
          <CompressJSFiles Value="True" />
          <BundleJSFiles Value="True" />
          <BundleJSFilesContent Value="False" />
          <Copyright Value="YetaWF.com - © Copyright &lt;&lt;Year&gt;&gt; Softel vdm, Inc." />
          <UseCDNComponents Value="False" />
          <UseCDN Value="False" />
          <CDNUrl />
          <CDNUrlSecure />
          <CDNSiteFiles Value="False" />
          <CDNVault Value="False" />
          <CDNContent Value="False" />
          <CDNScripts Value="False" />
          <CDNAddons Value="False" />
          <CDNAddonsCustom Value="False" />
          <CDNAddonsBundles Value="False" />
          <CDNFileImage Value="False" />
          <EmailDebug Value="False" />
          <AdminEmail Value="youremail@YetaWFDist5" />
          <SMTP>
            <Object Type="YetaWF.Core.SendEmail.SMTPServer" Assembly="YetaWF.Core">
              <Properties>
                <Server Value="mail.YetaWFDist5" />
                <Port Value="25" />
                <Authentication Value="1" />
                <UserName Value="youremail@YetaWFDist5" />
                <Password Value="somepassword" />
                <SSL Value="False" />
              </Properties>
            </Object>
          </SMTP>
          <HomePageUrl Value="/" />
          <EnforceSiteUrl Value="False" />
          <PageSecurity Value="0" />
          <NotFoundUrl Value="/Errors/404" />
          <MobileSiteUrl />
          <UnsupportedBrowserUrl Value="/Maintenance/Unsupported Browser.html" />
          <LoginUrl Value="/User/Login" />
          <ExternalAccountSetupUrl Value="/User/Setup External Account" />
          <ReferencedModules>
            <Object Type="YetaWF.Core.Serializers.SerializableList`1[[YetaWF.Core.Modules.ModuleDefinition+ReferencedModule, YetaWF.Core, Culture=neutral, PublicKeyToken=null]]" Assembly="YetaWF.Core">
              <Properties />
              <List />
            </Object>
          </ReferencedModules>
          <SelectedSkin>
            <Object Type="YetaWF.Core.Skins.SkinDefinition" Assembly="YetaWF.Core">
              <Properties>
                <Collection Value="YetaWF/BootstrapSample/BootstrapSkin" />
                <FileName Value="Default.cshtml" />
              </Properties>
            </Object>
          </SelectedSkin>
          <SelectedPopupSkin>
            <Object Type="YetaWF.Core.Skins.SkinDefinition" Assembly="YetaWF.Core">
              <Properties>
                <Collection Value="YetaWF/BootstrapSample/BootstrapSkin" />
                <FileName Value="Popup.cshtml" />
              </Properties>
            </Object>
          </SelectedPopupSkin>
          <FormErrorsImmed Value="False" />
          <jQueryUISkin Value="Start" />
          <KendoUISkin Value="Blue Opal" />
          <TabStyle Value="0" />
          <PublicKey Value="&lt;RSAKeyValue&gt;&lt;Modulus&gt;s73NlxW9wGS/hryqPOySHShBa7xLrmri9vaLiguPP5gcXIumF9VkYAsvFg1LF1dmKJig47kFGW5+KsKBptLuLklpKj0uS/9Hro1D7EThFwr/AD+s8jMVv2jEloiU0wKc3PlWY2w535j47ipyCuZZMdNnaUFYjdvSmjOAzFz2sWE=&lt;/Modulus&gt;&lt;Exponent&gt;AQAB&lt;/Exponent&gt;&lt;/RSAKeyValue&gt;" />
          <PrivateKey Value="&lt;RSAKeyValue&gt;&lt;Modulus&gt;s73NlxW9wGS/hryqPOySHShBa7xLrmri9vaLiguPP5gcXIumF9VkYAsvFg1LF1dmKJig47kFGW5+KsKBptLuLklpKj0uS/9Hro1D7EThFwr/AD+s8jMVv2jEloiU0wKc3PlWY2w535j47ipyCuZZMdNnaUFYjdvSmjOAzFz2sWE=&lt;/Modulus&gt;&lt;Exponent&gt;AQAB&lt;/Exponent&gt;&lt;P&gt;34tprs/lBMcDEyaMc9ffGJfSNlbzr/UZaWlcupjk7u3VNcPfdCYstYZTnq+oqqtRfVoI4yV3puA/uGOe6G+1yw==&lt;/P&gt;&lt;Q&gt;zdZWXvWSJSdjcHTBjLeVZB6h77LnAS6EUtQnVL2qu5e9WODZxr/f+EuMElH0/H4StWUSU2Ba7hLoEA7IDoSwAw==&lt;/Q&gt;&lt;DP&gt;zltRua/sB9b2vazuJtn19ivgP41Q8vNc+/PpR89wNieSlEk2c2/yAbf4ZRpepv3zAbYlUhn6NC/6YmqD/KlytQ==&lt;/DP&gt;&lt;DQ&gt;V518dj8hTh9N/Hg2Sqd6N3uygk0sdxxNxtP3SeLR4bfdKQ/MowTZWN8PaFzqYu9nFz9GZacGDYCOtwcTsNpZ8Q==&lt;/DQ&gt;&lt;InverseQ&gt;kRM1Iv4DksF4dg1dC/Oj+duYnvRbQMLJtrpJLqzi9z1Y30C1LWf5wbO3Kv/dHLMS+jQcfTdJ3tViUZKJ+4pG0Q==&lt;/InverseQ&gt;&lt;D&gt;m0ZU3TiC/DoM2zERQCB++YFVQuUf3EWqXP8P/OmPjrixh6F8kwpd9Dq1Kq/BNyDhuCBinVew+A9kHzx5FM0TxKXmIe1i+rp0rq7pZBBRFcUlFyLuqdgwfLa22Va0Wyk2tasGYKjMaWGMFA0E+tujSFiKDSF8exz227lwblh5kyE=&lt;/D&gt;&lt;/RSAKeyValue&gt;" />
          <Analytics />
          <AnalyticsContent />
          <GoogleVerification />
          <UseGeoLocation Value="False" />
          <SiteMetaTags />
          <PageMetaTags />
          <SiteMapPriority Value="50" />
          <DefaultChangeFrequency Value="4" />
        </Properties>
      </Object>
    </Value>
  </List>
</Object>