﻿<?xml version="1.0" encoding="utf-8"?>
<!--YetaWF.Core.Serializers.SerializableList`1[YetaWF.Core.Site.SiteDefinition]-->
<Object Type="YetaWF.Core.Serializers.SerializableList`1[[YetaWF.Core.Site.SiteDefinition, YetaWF.Core, Culture=neutral, PublicKeyToken=null]]" Assembly="YetaWF.Core">
  <Properties />
  <List>
    <Value>
      <Object Type="YetaWF.Core.Site.SiteDefinition" Assembly="YetaWF.Core">
        <Properties>
          <Identity Value="1000" />
          <SiteDomain Value="YetaWFDist5" />
          <SiteName Value="YetaWFDist5" />
          <PortNumber Value="-1" />
          <PortNumberSSL Value="-1" />
          <Localization Value="True" />
          <DefaultLanguageId Value="en-US" />
          <AllowAnonymousUsers Value="True" />
          <Locked Value="False" />
          <LockedForIP />
          <LockedExternalForIP />
          <LockedUrl Value="/Maintenance/Offline For Maintenance.html" />
          <AllowPopups Value="True" />
          <CssNoTooltips Value="linkpreview-show peelback" />
          <FavIcon_Data Value="" />
          <FavIconLrg_Data Value="" />
          <Country Value="United States" />
          <CurrencyFormat Value="$ #,0.00" />
          <CurrencyDecimals Value="2" />
          <StaticPages Value="False" />
          <AllowCacheUse Value="True" />
          <Compression Value="True" />
          <CompressCSSFiles Value="True" />
          <BundleCSSFiles Value="True" />
          <BundleCSSFilesContent Value="False" />
          <CompressJSFiles Value="True" />
          <BundleJSFiles Value="True" />
          <BundleJSFilesContent Value="False" />
          <Copyright Value="YetaWF.com - © Copyright &lt;&lt;Year&gt;&gt; Softel vdm, Inc." />
          <UseCDNComponents Value="False" />
          <UseCDN Value="False" />
          <CDNUrl />
          <CDNUrlSecure />
          <CDNSiteFiles Value="False" />
          <CDNVault Value="False" />
          <CDNContent Value="False" />
          <CDNScripts Value="False" />
          <CDNAddons Value="False" />
          <CDNAddonsCustom Value="False" />
          <CDNAddonsBundles Value="False" />
          <CDNFileImage Value="False" />
          <EmailDebug Value="False" />
          <AdminEmail Value="youremail@YetaWFDist5" />
          <SMTP>
            <Object Type="YetaWF.Core.SendEmail.SMTPServer" Assembly="YetaWF.Core">
              <Properties>
                <Server Value="mail.YetaWFDist5" />
                <Port Value="25" />
                <Authentication Value="1" />
                <UserName Value="youremail@YetaWFDist5" />
                <Password Value="somepassword" />
                <SSL Value="False" />
              </Properties>
            </Object>
          </SMTP>
          <HomePageUrl Value="/" />
          <EnforceSiteUrl Value="False" />
          <PageSecurity Value="0" />
          <NotFoundUrl Value="/Errors/404" />
          <MobileSiteUrl />
          <UnsupportedBrowserUrl Value="/Maintenance/Unsupported Browser.html" />
          <LoginUrl Value="/User/Login" />
          <ExternalAccountSetupUrl Value="/User/Setup External Account" />
          <ReferencedModules>
            <Object Type="YetaWF.Core.Serializers.SerializableList`1[[YetaWF.Core.Modules.ModuleDefinition+ReferencedModule, YetaWF.Core, Culture=neutral, PublicKeyToken=null]]" Assembly="YetaWF.Core">
              <Properties />
              <List />
            </Object>
          </ReferencedModules>
          <SelectedSkin>
            <Object Type="YetaWF.Core.Skins.SkinDefinition" Assembly="YetaWF.Core">
              <Properties>
                <Collection Value="YetaWF/BootstrapSample/BootstrapSkin" />
                <FileName Value="Default.cshtml" />
              </Properties>
            </Object>
          </SelectedSkin>
          <SelectedPopupSkin>
            <Object Type="YetaWF.Core.Skins.SkinDefinition" Assembly="YetaWF.Core">
              <Properties>
                <Collection Value="YetaWF/BootstrapSample/BootstrapSkin" />
                <FileName Value="Popup.cshtml" />
              </Properties>
            </Object>
          </SelectedPopupSkin>
          <FormErrorsImmed Value="False" />
          <jQueryUISkin Value="Start" />
          <KendoUISkin Value="Blue Opal" />
          <TabStyle Value="0" />
          <PublicKey Value="&lt;RSAKeyValue&gt;&lt;Modulus&gt;s8gaoYO0pqQjGh/LvvIpT5MR3DRmfVkyM0MY40YKKnFIH02thMTvyUJaN2U3JKgwJF6CgN2WAe5xLuIDyupzLoKV4MBo2ejD/v4g8OYzMJRR0fBreWD0Be0cZlJcGStMP4LurzKxInmg4t/RUMY8mb+2Zz5wnv8UtuE04fxoNxk=&lt;/Modulus&gt;&lt;Exponent&gt;AQAB&lt;/Exponent&gt;&lt;/RSAKeyValue&gt;" />
          <PrivateKey Value="&lt;RSAKeyValue&gt;&lt;Modulus&gt;s8gaoYO0pqQjGh/LvvIpT5MR3DRmfVkyM0MY40YKKnFIH02thMTvyUJaN2U3JKgwJF6CgN2WAe5xLuIDyupzLoKV4MBo2ejD/v4g8OYzMJRR0fBreWD0Be0cZlJcGStMP4LurzKxInmg4t/RUMY8mb+2Zz5wnv8UtuE04fxoNxk=&lt;/Modulus&gt;&lt;Exponent&gt;AQAB&lt;/Exponent&gt;&lt;P&gt;xwHicwL48Z/7E31hCVF1clQeTu21vpeWUTv+id6jaofR3VU7qAKaAMS41/MxNUUUYA2690JgfHwgVaecQgi8Hw==&lt;/P&gt;&lt;Q&gt;50Syi0gItvSTft4MO+PJajEcPF0toe74FaXTbyej4PqidxP6eQ6saod3/5Ld12zwoFdc8wHZBtjWLN58reKlxw==&lt;/Q&gt;&lt;DP&gt;At9iF2rpkQNQKn3a0rmcSmQwc882mmOxxcZp7C+MiFMhkmJSlCBFfNFaIbPe9/fhTWmlU0BgCCv6g4IB3Wom3Q==&lt;/DP&gt;&lt;DQ&gt;AmOWSJQM6v7pyyS2EaRPv1YUiZcY0pRqYabd4UcSjU9pgDtnmfqJ02vk1HIK8p/AeJeOcUAyorx4sev2c8Fknw==&lt;/DQ&gt;&lt;InverseQ&gt;Tmak7G1Civ47J7vjT2GzDI6tTNSmTRX+SYyFK2WqVfXTnVwXrWV44FqPFXXZ1IBtov0EErMssrmhB93VA7Uptw==&lt;/InverseQ&gt;&lt;D&gt;KPNbnY6yh4K7vCeh8UyXvFhzqQUGk2bN2H9gG+TITAKhuv+mlqeFNwK2KggUF3V4AdDFSTUwBiCaB2PUGVRuB7gUl90Pj0KPi7wAsYrqTTTglVujoIdYZ/FbRo9SzQt8m5ttK7aoAygAgs0A12e7+UXa74bs1fDqLJdkmMcPaEE=&lt;/D&gt;&lt;/RSAKeyValue&gt;" />
          <Analytics />
          <AnalyticsContent />
          <GoogleVerification />
          <UseGeoLocation Value="False" />
          <SiteMetaTags />
          <PageMetaTags />
          <SiteMapPriority Value="50" />
          <DefaultChangeFrequency Value="4" />
        </Properties>
      </Object>
    </Value>
  </List>
</Object>