{
  "$type": "YetaWF.Core.Serializers.SerializableList`1[[YetaWF.Modules.IFrame.Modules.IFrameDisplayModule, YetaWF.IFrame]], YetaWF.Core",
  "$values": [
    {
      "$type": "YetaWF.Modules.IFrame.Modules.IFrameDisplayModule, YetaWF.IFrame",
      "Url": "https://YetaWF.com",
      "Width": "100%",
      "Height": "800px",
      "Name": "IFrame (Display Url)",
      "Title": {
        "$type": "YetaWF.Core.Models.MultiString, YetaWF.Core",
        "en-US": "IFrame"
      },
      "Visible": true,
      "ModuleSecurity": 0,
      "WantSearch": false,
      "WantFocus": true,
      "Description": {
        "$type": "YetaWF.Core.Models.MultiString, YetaWF.Core",
        "en-US": "Includes another page (Url) and displays the page"
      },
      "ModuleGuid": "96fb2664-90a1-4685-b676-6f869dd03f46",
      "DateCreated": "2018-08-15T23:28:20.8279023",
      "DateUpdated": "2018-08-15T23:28:20.8898977",
      "SkinDefinitions": {
        "$type": "YetaWF.Core.Serializers.SerializableList`1[[YetaWF.Core.Skins.SkinDefinition, YetaWF.Core]], YetaWF.Core",
        "$values": [
          {
            "$type": "YetaWF.Core.Skins.SkinDefinition, YetaWF.Core",
            "Collection": "YetaWF/DefaultSkin/DefaultSkin",
            "FileName": "modStandard"
          },
          {
            "$type": "YetaWF.Core.Skins.SkinDefinition, YetaWF.Core",
            "Collection": "YetaWF/Core/Standard",
            "FileName": "modStandard"
          }
        ]
      },
      "SelectedPopupSkin": {
        "$type": "YetaWF.Core.Skins.SkinDefinition, YetaWF.Core",
        "Collection": null,
        "FileName": "Popup.cshtml"
      },
      "CssClass": null,
      "TempPageCssClass": null,
      "_SuppressPartialFormCss": false,
      "ShowTitle": true,
      "ShowTitleActions": false,
      "ShowHelp": false,
      "Print": true,
      "ShowFormButtons": true,
      "AnchorId": null,
      "AllowedRoles": {
        "$type": "YetaWF.Core.Serializers.SerializableList`1[[YetaWF.Core.Modules.ModuleDefinition+AllowedRole, YetaWF.Core]], YetaWF.Core",
        "$values": [
          {
            "$type": "YetaWF.Core.Modules.ModuleDefinition+AllowedRole, YetaWF.Core",
            "RoleId": 1001,
            "View": 1,
            "Edit": 1,
            "Remove": 0,
            "Extra1": 0,
            "Extra2": 0,
            "Extra3": 0,
            "Extra4": 0,
            "Extra5": 0
          },
          {
            "$type": "YetaWF.Core.Modules.ModuleDefinition+AllowedRole, YetaWF.Core",
            "RoleId": 1000,
            "View": 1,
            "Edit": 1,
            "Remove": 1,
            "Extra1": 1,
            "Extra2": 1,
            "Extra3": 1,
            "Extra4": 1,
            "Extra5": 1
          },
          {
            "$type": "YetaWF.Core.Modules.ModuleDefinition+AllowedRole, YetaWF.Core",
            "RoleId": 1000,
            "View": 1,
            "Edit": 1,
            "Remove": 1,
            "Extra1": 0,
            "Extra2": 0,
            "Extra3": 0,
            "Extra4": 0,
            "Extra5": 0
          },
          {
            "$type": "YetaWF.Core.Modules.ModuleDefinition+AllowedRole, YetaWF.Core",
            "RoleId": 999,
            "View": 0,
            "Edit": 0,
            "Remove": 0,
            "Extra1": 0,
            "Extra2": 0,
            "Extra3": 0,
            "Extra4": 0,
            "Extra5": 0
          },
          {
            "$type": "YetaWF.Core.Modules.ModuleDefinition+AllowedRole, YetaWF.Core",
            "RoleId": 1001,
            "View": 1,
            "Edit": 1,
            "Remove": 0,
            "Extra1": 0,
            "Extra2": 0,
            "Extra3": 0,
            "Extra4": 0,
            "Extra5": 0
          },
          {
            "$type": "YetaWF.Core.Modules.ModuleDefinition+AllowedRole, YetaWF.Core",
            "RoleId": 997,
            "View": 0,
            "Edit": 0,
            "Remove": 0,
            "Extra1": 0,
            "Extra2": 0,
            "Extra3": 0,
            "Extra4": 0,
            "Extra5": 0
          },
          {
            "$type": "YetaWF.Core.Modules.ModuleDefinition+AllowedRole, YetaWF.Core",
            "RoleId": 998,
            "View": 0,
            "Edit": 0,
            "Remove": 0,
            "Extra1": 0,
            "Extra2": 0,
            "Extra3": 0,
            "Extra4": 0,
            "Extra5": 0
          },
          {
            "$type": "YetaWF.Core.Modules.ModuleDefinition+AllowedRole, YetaWF.Core",
            "RoleId": 996,
            "View": 0,
            "Edit": 0,
            "Remove": 0,
            "Extra1": 0,
            "Extra2": 0,
            "Extra3": 0,
            "Extra4": 0,
            "Extra5": 0
          }
        ]
      },
      "AllowedUsers": {
        "$type": "YetaWF.Core.Serializers.SerializableList`1[[YetaWF.Core.Modules.ModuleDefinition+AllowedUser, YetaWF.Core]], YetaWF.Core",
        "$values": []
      },
      "ReferencedModules": {
        "$type": "YetaWF.Core.Serializers.SerializableList`1[[YetaWF.Core.Modules.ModuleDefinition+ReferencedModule, YetaWF.Core]], YetaWF.Core",
        "$values": []
      }
    }
  ]
}