﻿<?xml version="1.0" encoding="utf-8"?>
<!--YetaWF.DataProvider.ModuleDefinitionDataProvider`2+ModData[System.Guid,YetaWF.Modules.Languages.Modules.LanguageDisplayModule]-->
<Object Type="YetaWF.DataProvider.ModuleDefinitionDataProvider`2+ModData[[System.Guid, mscorlib, Culture=neutral, PublicKeyToken=b77a5c561934e089],[YetaWF.Modules.Languages.Modules.LanguageDisplayModule, YetaWF.Languages, Culture=neutral, PublicKeyToken=null]]" Assembly="YetaWF.DataProvider.ModuleDefinition" AssemblyFull="YetaWF.DataProvider.ModuleDefinition, Version=2.6.1.0, Culture=neutral, PublicKeyToken=null">
  <Properties>
    <ModList>
      <Object Type="YetaWF.Core.Serializers.SerializableList`1[[YetaWF.Modules.Languages.Modules.LanguageDisplayModule, YetaWF.Languages, Culture=neutral, PublicKeyToken=null]]" Assembly="YetaWF.Core">
        <Properties />
        <List>
          <Value>
            <Object Type="YetaWF.Modules.Languages.Modules.LanguageDisplayModule" Assembly="YetaWF.Languages" AssemblyFull="YetaWF.Languages, Version=2.6.1.0, Culture=neutral, PublicKeyToken=null">
              <Properties>
                <Name Value="Display Language" />
                <Title>
                  <Object Type="YetaWF.Core.Models.MultiString" Assembly="YetaWF.Core">
                    <Properties />
                    <Dictionary>
                      <Key Value="en-US" />
                      <Value Value="Language" />
                    </Dictionary>
                  </Object>
                </Title>
                <Visible Value="True" />
                <ModuleSecurity Value="0" />
                <WantSearch Value="True" />
                <WantFocus Value="True" />
                <Description>
                  <Object Type="YetaWF.Core.Models.MultiString" Assembly="YetaWF.Core">
                    <Properties />
                    <Dictionary>
                      <Key Value="en-US" />
                      <Value Value="Displays information about an existing language" />
                    </Dictionary>
                  </Object>
                </Description>
                <ModuleGuid Value="4cf7299c-1217-47d1-99bf-14b214f609b6" />
                <DateCreated Value="636345415509110417" />
                <DateUpdated Value="636345415509210417" />
                <SkinDefinitions>
                  <Object Type="YetaWF.Core.Serializers.SerializableList`1[[YetaWF.Core.Skins.SkinDefinition, YetaWF.Core, Culture=neutral, PublicKeyToken=null]]" Assembly="YetaWF.Core">
                    <Properties />
                    <List>
                      <Value>
                        <Object Type="YetaWF.Core.Skins.SkinDefinition" Assembly="YetaWF.Core">
                          <Properties>
                            <Collection Value="YetaWF/BootstrapSample/BootstrapSkin" />
                            <FileName Value="modStandard" />
                          </Properties>
                        </Object>
                      </Value>
                      <Value>
                        <Object Type="YetaWF.Core.Skins.SkinDefinition" Assembly="YetaWF.Core">
                          <Properties>
                            <Collection Value="YetaWF/BusinessCasualSkin/BusinessCasual" />
                            <FileName Value="modStandard" />
                          </Properties>
                        </Object>
                      </Value>
                      <Value>
                        <Object Type="YetaWF.Core.Skins.SkinDefinition" Assembly="YetaWF.Core">
                          <Properties>
                            <Collection Value="Softelvdm/LinkCheckerSkin/LinkCheckerSkin" />
                            <FileName Value="modStandard" />
                          </Properties>
                        </Object>
                      </Value>
                      <Value>
                        <Object Type="YetaWF.Core.Skins.SkinDefinition" Assembly="YetaWF.Core">
                          <Properties>
                            <Collection Value="Softelvdm/MainSkin/Main" />
                            <FileName Value="modStandard" />
                          </Properties>
                        </Object>
                      </Value>
                      <Value>
                        <Object Type="YetaWF.Core.Skins.SkinDefinition" Assembly="YetaWF.Core">
                          <Properties>
                            <Collection Value="Mikevdm/MikevdmSkin/Mikevdm" />
                            <FileName Value="modStandard" />
                          </Properties>
                        </Object>
                      </Value>
                      <Value>
                        <Object Type="YetaWF.Core.Skins.SkinDefinition" Assembly="YetaWF.Core">
                          <Properties>
                            <Collection Value="YetaWF/SimpleSkin/Simple" />
                            <FileName Value="modStandard" />
                          </Properties>
                        </Object>
                      </Value>
                      <Value>
                        <Object Type="YetaWF.Core.Skins.SkinDefinition" Assembly="YetaWF.Core">
                          <Properties>
                            <Collection Value="YetaWF/Core/Standard" />
                            <FileName Value="modStandard" />
                          </Properties>
                        </Object>
                      </Value>
                      <Value>
                        <Object Type="YetaWF.Core.Skins.SkinDefinition" Assembly="YetaWF.Core">
                          <Properties>
                            <Collection Value="YetaWF/YetaWFSkin/YetaWFSkin" />
                            <FileName Value="modStandard" />
                          </Properties>
                        </Object>
                      </Value>
                      <Value>
                        <Object Type="YetaWF.Core.Skins.SkinDefinition" Assembly="YetaWF.Core">
                          <Properties>
                            <Collection Value="Softelvdm/YetaWF2Skin/YetaWF2" />
                            <FileName Value="modStandard" />
                          </Properties>
                        </Object>
                      </Value>
                    </List>
                  </Object>
                </SkinDefinitions>
                <SelectedPopupSkin>
                  <Object Type="YetaWF.Core.Skins.SkinDefinition" Assembly="YetaWF.Core">
                    <Properties>
                      <Collection />
                      <FileName Value="PopupSmall.cshtml" />
                    </Properties>
                  </Object>
                </SelectedPopupSkin>
                <CssClass />
                <BootstrapContainer Value="0" />
                <ShowTitle Value="True" />
                <ShowTitleActions Value="False" />
                <ShowHelp Value="False" />
                <Print Value="True" />
                <ShowFormButtons Value="True" />
                <AnchorId />
                <AllowedRoles>
                  <Object Type="YetaWF.Core.Serializers.SerializableList`1[[YetaWF.Core.Modules.ModuleDefinition+AllowedRole, YetaWF.Core, Culture=neutral, PublicKeyToken=null]]" Assembly="YetaWF.Core">
                    <Properties />
                    <List>
                      <Value>
                        <Object Type="YetaWF.Core.Modules.ModuleDefinition+AllowedRole" Assembly="YetaWF.Core">
                          <Properties>
                            <RoleId Value="1089" />
                            <View Value="0" />
                            <Edit Value="0" />
                            <Remove Value="0" />
                            <Extra1 Value="0" />
                            <Extra2 Value="0" />
                            <Extra3 Value="0" />
                            <Extra4 Value="0" />
                            <Extra5 Value="0" />
                          </Properties>
                        </Object>
                      </Value>
                      <Value>
                        <Object Type="YetaWF.Core.Modules.ModuleDefinition+AllowedRole" Assembly="YetaWF.Core">
                          <Properties>
                            <RoleId Value="999" />
                            <View Value="0" />
                            <Edit Value="0" />
                            <Remove Value="0" />
                            <Extra1 Value="0" />
                            <Extra2 Value="0" />
                            <Extra3 Value="0" />
                            <Extra4 Value="0" />
                            <Extra5 Value="0" />
                          </Properties>
                        </Object>
                      </Value>
                      <Value>
                        <Object Type="YetaWF.Core.Modules.ModuleDefinition+AllowedRole" Assembly="YetaWF.Core">
                          <Properties>
                            <RoleId Value="1090" />
                            <View Value="0" />
                            <Edit Value="0" />
                            <Remove Value="0" />
                            <Extra1 Value="0" />
                            <Extra2 Value="0" />
                            <Extra3 Value="0" />
                            <Extra4 Value="0" />
                            <Extra5 Value="0" />
                          </Properties>
                        </Object>
                      </Value>
                      <Value>
                        <Object Type="YetaWF.Core.Modules.ModuleDefinition+AllowedRole" Assembly="YetaWF.Core">
                          <Properties>
                            <RoleId Value="997" />
                            <View Value="0" />
                            <Edit Value="0" />
                            <Remove Value="0" />
                            <Extra1 Value="0" />
                            <Extra2 Value="0" />
                            <Extra3 Value="0" />
                            <Extra4 Value="0" />
                            <Extra5 Value="0" />
                          </Properties>
                        </Object>
                      </Value>
                      <Value>
                        <Object Type="YetaWF.Core.Modules.ModuleDefinition+AllowedRole" Assembly="YetaWF.Core">
                          <Properties>
                            <RoleId Value="998" />
                            <View Value="0" />
                            <Edit Value="0" />
                            <Remove Value="0" />
                            <Extra1 Value="0" />
                            <Extra2 Value="0" />
                            <Extra3 Value="0" />
                            <Extra4 Value="0" />
                            <Extra5 Value="0" />
                          </Properties>
                        </Object>
                      </Value>
                      <Value>
                        <Object Type="YetaWF.Core.Modules.ModuleDefinition+AllowedRole" Assembly="YetaWF.Core">
                          <Properties>
                            <RoleId Value="996" />
                            <View Value="0" />
                            <Edit Value="0" />
                            <Remove Value="0" />
                            <Extra1 Value="0" />
                            <Extra2 Value="0" />
                            <Extra3 Value="0" />
                            <Extra4 Value="0" />
                            <Extra5 Value="0" />
                          </Properties>
                        </Object>
                      </Value>
                    </List>
                  </Object>
                </AllowedRoles>
                <AllowedUsers>
                  <Object Type="YetaWF.Core.Serializers.SerializableList`1[[YetaWF.Core.Modules.ModuleDefinition+AllowedUser, YetaWF.Core, Culture=neutral, PublicKeyToken=null]]" Assembly="YetaWF.Core">
                    <Properties />
                    <List />
                  </Object>
                </AllowedUsers>
                <ReferencedModules>
                  <Object Type="YetaWF.Core.Serializers.SerializableList`1[[YetaWF.Core.Modules.ModuleDefinition+ReferencedModule, YetaWF.Core, Culture=neutral, PublicKeyToken=null]]" Assembly="YetaWF.Core">
                    <Properties />
                    <List />
                  </Object>
                </ReferencedModules>
              </Properties>
            </Object>
          </Value>
        </List>
      </Object>
    </ModList>
    <ImageList>
      <Object Type="YetaWF.Core.Serializers.SerializableList`1[[YetaWF.Core.Packages.SerializableFile, YetaWF.Core, Culture=neutral, PublicKeyToken=null]]" Assembly="YetaWF.Core">
        <Properties />
        <List />
      </Object>
    </ImageList>
  </Properties>
</Object>