﻿<?xml version="1.0" encoding="utf-8"?>
<!--YetaWF.Core.Serializers.SerializableList`1[YetaWF.Modules.Languages.DataProvider.LocalizeConfigData]-->
<Object Type="YetaWF.Core.Serializers.SerializableList`1[[YetaWF.Modules.Languages.DataProvider.LocalizeConfigData, YetaWF.Languages, Culture=neutral, PublicKeyToken=null]]" Assembly="YetaWF.Core">
  <Properties />
  <List>
    <Value>
      <Object Type="YetaWF.Modules.Languages.DataProvider.LocalizeConfigData" Assembly="YetaWF.Languages" AssemblyFull="YetaWF.Languages, Version=2.6.1.0, Culture=neutral, PublicKeyToken=null">
        <Properties>
          <Id Value="1" />
          <TranslationService Value="0" />
          <GoogleTranslateAPIKey />
          <GoogleTranslateAppName />
          <MSClientId />
          <MSClientSecret />
        </Properties>
      </Object>
    </Value>
  </List>
</Object>