{
  "PackageName": "YetaWF.ComponentsHTML",
  "PackageVersion": "5.1.0",
  "Roles": [
    {
      "RoleName": "Superuser",
      "RoleId": 997
    },
    {
      "RoleName": "Administrator",
      "RoleId": 1000
    },
    {
      "RoleName": "Editor",
      "RoleId": 1001
    },
    {
      "RoleName": "User",
      "RoleId": 998
    },
    {
      "RoleName": "User (two-step authentication setup required)",
      "RoleId": 996
    },
    {
      "RoleName": "Anonymous",
      "RoleId": 999
    }
  ],
  "Users": [],
  "Data": []
}