{
  "$type": "YetaWF.Core.Serializers.SerializableList`1[[Softelvdm.Modules.TwilioProcessorDataProvider.DataProvider.TwilioData, Softelvdm.TwilioProcessorDataProvider]], YetaWF.Core",
  "$values": [
    {
      "$type": "Softelvdm.Modules.TwilioProcessorDataProvider.DataProvider.TwilioData, Softelvdm.TwilioProcessorDataProvider",
      "Id": 1,
      "SMSEnabled": false,
      "LiveSMSNumber": null,
      "TestSMSNumber": null,
      "DeliveryReceipts": false,
      "UseHttps": false,
      "MaxSMSPerSecond": 0
    }
  ]
}