﻿<?xml version="1.0" encoding="utf-8"?>
<!--YetaWF.Core.Serializers.SerializableList`1[YetaWF.Core.Site.SiteDefinition]-->
<Object Type="YetaWF.Core.Serializers.SerializableList`1[[YetaWF.Core.Site.SiteDefinition, YetaWF.Core, Culture=neutral, PublicKeyToken=null]]" Assembly="YetaWF.Core">
  <Properties />
  <List>
    <Value>
      <Object Type="YetaWF.Core.Site.SiteDefinition" Assembly="YetaWF.Core">
        <Properties>
          <Identity Value="1000" />
          <SiteDomain Value="YetaWFDist5" />
          <SiteName Value="YetaWFDist5" />
          <PortNumber Value="80" />
          <PortNumberSSL Value="443" />
          <Localization Value="True" />
          <DefaultLanguageId Value="en-US" />
          <AllowAnonymousUsers Value="True" />
          <Locked Value="False" />
          <LockedForIP />
          <LockedExternalForIP />
          <LockedUrl Value="/Maintenance/Offline For Maintenance.html" />
          <AllowPopups Value="True" />
          <CssNoTooltips Value="linkpreview-show peelback" />
          <FavIcon_Data Value="" />
          <FavIconLrg_Data Value="" />
          <Country Value="United States" />
          <Currency Value="USD" />
          <CurrencyFormat Value="$ #,0.00" />
          <CurrencyDecimals Value="2" />
          <StaticPages Value="False" />
          <AllowCacheUse Value="True" />
          <Compression Value="True" />
          <CompressCSSFiles Value="True" />
          <BundleCSSFiles Value="True" />
          <CssLocation Value="0" />
          <CompressJSFiles Value="True" />
          <BundleJSFiles Value="True" />
          <JSLocation Value="0" />
          <DisableMinimizeFUOC Value="False" />
          <Copyright Value="YetaWF.com - © Copyright &lt;&lt;Year&gt;&gt; Softel vdm, Inc." />
          <UseCDNComponents Value="False" />
          <UseCDN Value="False" />
          <CDNUrl />
          <CDNUrlSecure />
          <StaticDomain />
          <EmailDebug Value="False" />
          <AdminEmail Value="youremail@YetaWFDist5" />
          <SMTP>
            <Object Type="YetaWF.Core.SendEmail.SMTPServer" Assembly="YetaWF.Core">
              <Properties>
                <Server Value="mail.YetaWFDist5" />
                <Port Value="25" />
                <Authentication Value="1" />
                <UserName Value="youremail@YetaWFDist5" />
                <Password Value="somepassword" />
                <SSL Value="False" />
              </Properties>
            </Object>
          </SMTP>
          <HomePageUrl Value="/" />
          <EnforceSiteUrl Value="False" />
          <PageSecurity Value="0" />
          <NotFoundUrl Value="/Errors/404" />
          <MobileSiteUrl />
          <UnsupportedBrowserUrl Value="/Maintenance/Unsupported Browser.html" />
          <LoginUrl Value="/User/Login" />
          <ExternalAccountSetupUrl Value="/User/Setup External Account" />
          <ReferencedModules>
            <Object Type="YetaWF.Core.Serializers.SerializableList`1[[YetaWF.Core.Modules.ModuleDefinition+ReferencedModule, YetaWF.Core, Culture=neutral, PublicKeyToken=null]]" Assembly="YetaWF.Core">
              <Properties />
              <List />
            </Object>
          </ReferencedModules>
          <SelectedSkin>
            <Object Type="YetaWF.Core.Skins.SkinDefinition" Assembly="YetaWF.Core">
              <Properties>
                <Collection Value="YetaWF/BootstrapSample/BootstrapSkin" />
                <FileName Value="Default.cshtml" />
              </Properties>
            </Object>
          </SelectedSkin>
          <SelectedPopupSkin>
            <Object Type="YetaWF.Core.Skins.SkinDefinition" Assembly="YetaWF.Core">
              <Properties>
                <Collection Value="YetaWF/BootstrapSample/BootstrapSkin" />
                <FileName Value="Popup.cshtml" />
              </Properties>
            </Object>
          </SelectedPopupSkin>
          <FormErrorsImmed Value="False" />
          <jQueryUISkin Value="Start" />
          <KendoUISkin Value="Blue Opal" />
          <TabStyle Value="0" />
          <PublicKey Value="&lt;RSAKeyValue&gt;&lt;Modulus&gt;1EbRK5ICRwCDHZvPpMB29/nByL5JPOaLJH7heZu//yCiYSBx7f/7ELKYFPTGh8w9MipQ6N3mFfF/4ixIDSpjLDQlKKFjH8qp792otQM7GjCaMEZZZuaDU15ztW7iMU+fQN/HPfK0vSWYiYoHuTwcqLTRx7Rcr/wuYrB7aUeHwJ0=&lt;/Modulus&gt;&lt;Exponent&gt;AQAB&lt;/Exponent&gt;&lt;/RSAKeyValue&gt;" />
          <PrivateKey Value="&lt;RSAKeyValue&gt;&lt;Modulus&gt;1EbRK5ICRwCDHZvPpMB29/nByL5JPOaLJH7heZu//yCiYSBx7f/7ELKYFPTGh8w9MipQ6N3mFfF/4ixIDSpjLDQlKKFjH8qp792otQM7GjCaMEZZZuaDU15ztW7iMU+fQN/HPfK0vSWYiYoHuTwcqLTRx7Rcr/wuYrB7aUeHwJ0=&lt;/Modulus&gt;&lt;Exponent&gt;AQAB&lt;/Exponent&gt;&lt;P&gt;4DmAoM/zfHbDNuklju1KjJ7nDOSfFZEvnpus18Zebf8odxiOOW7ip1JEVBhHuB7Llb4a+mUbm24CDijS4rawOw==&lt;/P&gt;&lt;Q&gt;8lvcgXwpd1nnIQbMDs3ecpz9RoqPOk+pXevXx34nUI81nJy8BkttLhWsKiQAu2H5Or/Xtyo552qVURkjitLdBw==&lt;/Q&gt;&lt;DP&gt;dFfB0y8zYpBo6FP/BfM/7EkDD+CMXu9vavfRrkAifSaZA3q9STWs6y63f379r55i+jai3uuZcIObE2fBTJuIQw==&lt;/DP&gt;&lt;DQ&gt;EhkmCE1bU1xVVDQLvPdGq0xp5YCnXXVhcnAQNweGrA9ls4JI0DeFubFIoAT8QQH5+Jcm5riyhkOBTwMPkmhYtQ==&lt;/DQ&gt;&lt;InverseQ&gt;c0ORVc2ozAOWvrjBRnMI8lXcredqu5RDe5p6icx0fabKCL7UYDOFE09sV0DVHMK1bSzfjLD8Cr+ibKCHzC9XVg==&lt;/InverseQ&gt;&lt;D&gt;jO4vNJQNOwJWCjRFmQXGdj+0rgfXK72Lp0EthMUopMMPyxf1S6NlFeLcIR2ZKNMp1cJOUSvw86SP2KK5ezQm/h4jj2Di8Bmfyg5Laj5awNCb4CR35/XqDQIyAv3zmdIHueruCDNNG4Hfodw4xroI9TXDimn/2A8yLHfSgjPEFmk=&lt;/D&gt;&lt;/RSAKeyValue&gt;" />
          <Analytics />
          <AnalyticsContent />
          <GoogleVerification />
          <ExtraHead />
          <ExtraBodyTop />
          <ExtraBodyBottom />
          <UseGeoLocation Value="False" />
          <SiteMetaTags />
          <PageMetaTags />
          <SiteMapPriority Value="50" />
          <DefaultChangeFrequency Value="4" />
        </Properties>
      </Object>
    </Value>
  </List>
</Object>