{
  "PackageName": "YetaWF.Packages",
  "PackageVersion": "4.0.0",
  "Data": [
    {
      "Class": "ImportModuleDataProvider",
      "Chunks": 1,
      "Files": []
    },
    {
      "Class": "ImportDataModuleDataProvider",
      "Chunks": 1,
      "Files": []
    },
    {
      "Class": "PackagesModuleDataProvider",
      "Chunks": 1,
      "Files": []
    },
    {
      "Class": "SiteTemplateUndoModuleDataProvider",
      "Chunks": 1,
      "Files": []
    },
    {
      "Class": "SiteTemplateProcessModuleDataProvider",
      "Chunks": 1,
      "Files": []
    }
  ]
}