{
  "PackageName": "YetaWF.Identity",
  "PackageVersion": "4.0.0",
  "Data": [
    {
      "Class": "ForgotPasswordModuleDataProvider",
      "Chunks": 1,
      "Files": []
    },
    {
      "Class": "NeedNewPasswordDisplayModuleDataProvider",
      "Chunks": 0,
      "Files": []
    },
    {
      "Class": "Need2FADisplayModuleDataProvider",
      "Chunks": 1,
      "Files": []
    },
    {
      "Class": "SelectTwoStepSetupModuleDataProvider",
      "Chunks": 1,
      "Files": []
    },
    {
      "Class": "SelectTwoStepAuthModuleDataProvider",
      "Chunks": 1,
      "Files": []
    },
    {
      "Class": "TemplateListOfUserNamesModuleDataProvider",
      "Chunks": 1,
      "Files": []
    },
    {
      "Class": "TemplateRolesSelectorModuleDataProvider",
      "Chunks": 1,
      "Files": []
    },
    {
      "Class": "TemplateUserIdModuleDataProvider",
      "Chunks": 1,
      "Files": []
    },
    {
      "Class": "AuthorizationBrowseModuleDataProvider",
      "Chunks": 1,
      "Files": []
    },
    {
      "Class": "AuthorizationEditModuleDataProvider",
      "Chunks": 0,
      "Files": []
    },
    {
      "Class": "LoginConfigModuleDataProvider",
      "Chunks": 1,
      "Files": []
    },
    {
      "Class": "LoginSelectorModuleDataProvider",
      "Chunks": 1,
      "Files": []
    },
    {
      "Class": "ExternalAccountModuleDataProvider",
      "Chunks": 1,
      "Files": []
    },
    {
      "Class": "RolesAddModuleDataProvider",
      "Chunks": 0,
      "Files": []
    },
    {
      "Class": "RolesBrowseModuleDataProvider",
      "Chunks": 1,
      "Files": []
    },
    {
      "Class": "RolesDisplayModuleDataProvider",
      "Chunks": 1,
      "Files": []
    },
    {
      "Class": "RolesEditModuleDataProvider",
      "Chunks": 1,
      "Files": []
    },
    {
      "Class": "UserAccountModuleDataProvider",
      "Chunks": 1,
      "Files": []
    },
    {
      "Class": "UserPasswordModuleDataProvider",
      "Chunks": 1,
      "Files": []
    },
    {
      "Class": "UsersAddModuleDataProvider",
      "Chunks": 0,
      "Files": []
    },
    {
      "Class": "UsersBrowseModuleDataProvider",
      "Chunks": 1,
      "Files": []
    },
    {
      "Class": "UsersDisplayModuleDataProvider",
      "Chunks": 0,
      "Files": []
    },
    {
      "Class": "OwinEditModuleDataProvider",
      "Chunks": 1,
      "Files": []
    },
    {
      "Class": "UsersEditModuleDataProvider",
      "Chunks": 0,
      "Files": []
    },
    {
      "Class": "RegisterModuleDataProvider",
      "Chunks": 1,
      "Files": []
    },
    {
      "Class": "LoginModuleDataProvider",
      "Chunks": 1,
      "Files": []
    },
    {
      "Class": "UserLoginInfoDataProvider",
      "Chunks": 0,
      "Files": []
    },
    {
      "Class": "AuthorizationDataProvider",
      "Chunks": 0,
      "Files": []
    },
    {
      "Class": "LoginConfigDataProvider",
      "Chunks": 1,
      "Files": []
    },
    {
      "Class": "RoleDefinitionDataProvider",
      "Chunks": 1,
      "Files": []
    },
    {
      "Class": "SuperuserDefinitionDataProvider",
      "Chunks": 1,
      "Files": []
    },
    {
      "Class": "UserDefinitionDataProvider",
      "Chunks": 0,
      "Files": []
    }
  ]
}