{
  "$type": "YetaWF.Core.Serializers.SerializableList`1[[YetaWF.Modules.Identity.DataProvider.UserDefinition, YetaWF.Identity]], YetaWF.Core",
  "$values": [
    {
      "$type": "YetaWF.Modules.Identity.DataProvider.UserDefinition, YetaWF.Identity",
      "UserName": "Superuser",
      "UserId": 1,
      "PasswordHash": "ABBmW5ntLBcAn9Q8sugUNJzgXSVdnbuK56YjXHZbLqIUlI/0BnMKc88wjitsA5B91Q==",
      "PasswordPlainText": "SuperuserPassword",
      "Email": "Superuser@YetaWFDist4",
      "Comment": "The superuser for all sites",
      "UserStatus": 2,
      "VerificationCode": "1e7d0bdf-ef62-431c-acee-455e1bb7359b",
      "RegistrationIP": "127.0.0.1",
      "Created": "2018-08-16T12:07:08.2312893",
      "LastLoginDate": "2018-08-17T01:16:11.5692909",
      "LastLoginIP": "::1",
      "LastPasswordChangedDate": null,
      "PasswordChangeIP": null,
      "LastActivityDate": "2018-08-17T01:16:11.5692909",
      "LastActivityIP": "::1",
      "NeedsNewPassword": false,
      "LoginFailures": 0,
      "SecurityStamp": null,
      "RolesList": {
        "$type": "YetaWF.Core.Serializers.SerializableList`1[[YetaWF.Core.Identity.Role, YetaWF.Core]], YetaWF.Core",
        "$values": [
          {
            "$type": "YetaWF.Core.Identity.Role, YetaWF.Core",
            "RoleId": 997
          }
        ]
      },
      "EnabledTwoStepAuthentications": {
        "$type": "YetaWF.Core.Serializers.SerializableList`1[[YetaWF.Modules.Identity.DataProvider.TwoStepDefinition, YetaWF.Identity]], YetaWF.Core",
        "$values": []
      }
    }
  ]
}