{
  "$type": "YetaWF.Core.Serializers.SerializableList`1[[YetaWF.Modules.Identity.DataProvider.UserDefinition, YetaWF.Identity]], YetaWF.Core",
  "$values": [
    {
      "$type": "YetaWF.Modules.Identity.DataProvider.UserDefinition, YetaWF.Identity",
      "UserName": "admin@mysite.com",
      "UserId": 1000,
      "PasswordHash": "AGaAgmXC21dnPeE+VdOLU/uzrWFkjDHh34Cnxap/xXFbaVM16xlUH1l9ap9WF+xeJg==",
      "PasswordPlainText": "admin",
      "Email": "admin@mysite.com",
      "Comment": null,
      "UserStatus": 2,
      "VerificationCode": "02791856-3c10-427a-a4a4-a13c758482dd",
      "RegistrationIP": null,
      "Created": "2018-08-16T12:13:01.2798925",
      "LastLoginDate": "2018-08-16T13:27:09.1772744",
      "LastLoginIP": "::1",
      "LastPasswordChangedDate": null,
      "PasswordChangeIP": null,
      "LastActivityDate": "2018-08-16T13:27:09.1772744",
      "LastActivityIP": "::1",
      "NeedsNewPassword": false,
      "LoginFailures": 0,
      "SecurityStamp": null,
      "RolesList": {
        "$type": "YetaWF.Core.Serializers.SerializableList`1[[YetaWF.Core.Identity.Role, YetaWF.Core]], YetaWF.Core",
        "$values": [
          {
            "$type": "YetaWF.Core.Identity.Role, YetaWF.Core",
            "RoleId": 1000
          }
        ]
      },
      "EnabledTwoStepAuthentications": {
        "$type": "YetaWF.Core.Serializers.SerializableList`1[[YetaWF.Modules.Identity.DataProvider.TwoStepDefinition, YetaWF.Identity]], YetaWF.Core",
        "$values": []
      }
    },
    {
      "$type": "YetaWF.Modules.Identity.DataProvider.UserDefinition, YetaWF.Identity",
      "UserName": "editor@mysite.com",
      "UserId": 1001,
      "PasswordHash": "AG5RT5STDUE1akPahvbnl0V1Jq8OPec4MlLqwMpNseGUUvkEaE4TD1q1SXCSydUQhA==",
      "PasswordPlainText": "editor",
      "Email": "editor@mysite.com",
      "Comment": null,
      "UserStatus": 2,
      "VerificationCode": "48f2cd16-eee5-4b39-b379-be0bcbd89c30",
      "RegistrationIP": null,
      "Created": "2018-08-16T13:27:41.7883831",
      "LastLoginDate": "2018-08-17T00:58:31.6773481",
      "LastLoginIP": "::1",
      "LastPasswordChangedDate": null,
      "PasswordChangeIP": null,
      "LastActivityDate": "2018-08-17T00:58:31.6773481",
      "LastActivityIP": "::1",
      "NeedsNewPassword": false,
      "LoginFailures": 0,
      "SecurityStamp": null,
      "RolesList": {
        "$type": "YetaWF.Core.Serializers.SerializableList`1[[YetaWF.Core.Identity.Role, YetaWF.Core]], YetaWF.Core",
        "$values": [
          {
            "$type": "YetaWF.Core.Identity.Role, YetaWF.Core",
            "RoleId": 1001
          }
        ]
      },
      "EnabledTwoStepAuthentications": {
        "$type": "YetaWF.Core.Serializers.SerializableList`1[[YetaWF.Modules.Identity.DataProvider.TwoStepDefinition, YetaWF.Identity]], YetaWF.Core",
        "$values": []
      }
    }
  ]
}