{
  "$type": "YetaWF.Core.Serializers.SerializableList`1[[YetaWF.Modules.Identity.Modules.UsersBrowseModule, YetaWF.Identity]], YetaWF.Core",
  "$values": [
    {
      "$type": "YetaWF.Modules.Identity.Modules.UsersBrowseModule, YetaWF.Identity",
      "AddUrl": null,
      "DisplayUrl": null,
      "EditUrl": null,
      "Name": "Users (Identity)",
      "Title": {
        "$type": "YetaWF.Core.Models.MultiString, YetaWF.Core",
        "en-US": "Users"
      },
      "Visible": true,
      "ModuleSecurity": 0,
      "WantSearch": true,
      "WantFocus": true,
      "Description": {
        "$type": "YetaWF.Core.Models.MultiString, YetaWF.Core",
        "en-US": "Displays and manages users"
      },
      "ModuleGuid": "5e31d551-a3db-4d38-b864-e89ac13d320e",
      "DateCreated": "2018-08-15T13:15:25.7786589",
      "DateUpdated": "2018-08-15T13:15:25.7876557",
      "SkinDefinitions": {
        "$type": "YetaWF.Core.Serializers.SerializableList`1[[YetaWF.Core.Skins.SkinDefinition, YetaWF.Core]], YetaWF.Core",
        "$values": []
      },
      "SelectedPopupSkin": {
        "$type": "YetaWF.Core.Skins.SkinDefinition, YetaWF.Core",
        "Collection": null,
        "FileName": null
      },
      "CssClass": null,
      "TempPageCssClass": null,
      "_SuppressPartialFormCss": false,
      "ShowTitle": true,
      "ShowTitleActions": true,
      "ShowHelp": false,
      "Print": true,
      "ShowFormButtons": true,
      "AnchorId": null,
      "AllowedRoles": {
        "$type": "YetaWF.Core.Serializers.SerializableList`1[[YetaWF.Core.Modules.ModuleDefinition+AllowedRole, YetaWF.Core]], YetaWF.Core",
        "$values": [
          {
            "$type": "YetaWF.Core.Modules.ModuleDefinition+AllowedRole, YetaWF.Core",
            "RoleId": 1000,
            "View": 1,
            "Edit": 1,
            "Remove": 1,
            "Extra1": 1,
            "Extra2": 1,
            "Extra3": 1,
            "Extra4": 1,
            "Extra5": 1
          },
          {
            "$type": "YetaWF.Core.Modules.ModuleDefinition+AllowedRole, YetaWF.Core",
            "RoleId": 1000,
            "View": 1,
            "Edit": 1,
            "Remove": 1,
            "Extra1": 1,
            "Extra2": 1,
            "Extra3": 1,
            "Extra4": 1,
            "Extra5": 1
          }
        ]
      },
      "AllowedUsers": {
        "$type": "YetaWF.Core.Serializers.SerializableList`1[[YetaWF.Core.Modules.ModuleDefinition+AllowedUser, YetaWF.Core]], YetaWF.Core",
        "$values": []
      },
      "ReferencedModules": {
        "$type": "YetaWF.Core.Serializers.SerializableList`1[[YetaWF.Core.Modules.ModuleDefinition+ReferencedModule, YetaWF.Core]], YetaWF.Core",
        "$values": []
      }
    },
    {
      "$type": "YetaWF.Modules.Identity.Modules.UsersBrowseModule, YetaWF.Identity",
      "AddUrl": null,
      "DisplayUrl": null,
      "EditUrl": null,
      "Name": "Users",
      "Title": {
        "$type": "YetaWF.Core.Models.MultiString, YetaWF.Core",
        "en-US": "Users"
      },
      "Visible": true,
      "ModuleSecurity": 0,
      "WantSearch": true,
      "WantFocus": true,
      "Description": {
        "$type": "YetaWF.Core.Models.MultiString, YetaWF.Core",
        "en-US": "Displays and manages users"
      },
      "ModuleGuid": "f15389c3-2da9-46dd-982a-42c845ae919d",
      "DateCreated": "2018-08-16T12:07:18.6892736",
      "DateUpdated": "2018-08-16T12:07:19.1601015",
      "SkinDefinitions": {
        "$type": "YetaWF.Core.Serializers.SerializableList`1[[YetaWF.Core.Skins.SkinDefinition, YetaWF.Core]], YetaWF.Core",
        "$values": []
      },
      "SelectedPopupSkin": {
        "$type": "YetaWF.Core.Skins.SkinDefinition, YetaWF.Core",
        "Collection": null,
        "FileName": null
      },
      "CssClass": null,
      "TempPageCssClass": null,
      "_SuppressPartialFormCss": false,
      "ShowTitle": true,
      "ShowTitleActions": true,
      "ShowHelp": false,
      "Print": true,
      "ShowFormButtons": true,
      "AnchorId": null,
      "AllowedRoles": {
        "$type": "YetaWF.Core.Serializers.SerializableList`1[[YetaWF.Core.Modules.ModuleDefinition+AllowedRole, YetaWF.Core]], YetaWF.Core",
        "$values": [
          {
            "$type": "YetaWF.Core.Modules.ModuleDefinition+AllowedRole, YetaWF.Core",
            "RoleId": 1000,
            "View": 1,
            "Edit": 1,
            "Remove": 1,
            "Extra1": 1,
            "Extra2": 1,
            "Extra3": 1,
            "Extra4": 1,
            "Extra5": 1
          }
        ]
      },
      "AllowedUsers": {
        "$type": "YetaWF.Core.Serializers.SerializableList`1[[YetaWF.Core.Modules.ModuleDefinition+AllowedUser, YetaWF.Core]], YetaWF.Core",
        "$values": []
      },
      "ReferencedModules": {
        "$type": "YetaWF.Core.Serializers.SerializableList`1[[YetaWF.Core.Modules.ModuleDefinition+ReferencedModule, YetaWF.Core]], YetaWF.Core",
        "$values": []
      }
    }
  ]
}