﻿<?xml version="1.0" encoding="utf-8"?>
<!--YetaWF.Core.Serializers.SerializableList`1[YetaWF.Core.Site.SiteDefinition]-->
<Object Type="YetaWF.Core.Serializers.SerializableList`1[[YetaWF.Core.Site.SiteDefinition, YetaWF.Core, Culture=neutral, PublicKeyToken=null]]" Assembly="YetaWF.Core">
  <Properties />
  <List>
    <Value>
      <Object Type="YetaWF.Core.Site.SiteDefinition" Assembly="YetaWF.Core">
        <Properties>
          <Identity Value="1000" />
          <SiteDomain Value="YetaWFDist5" />
          <SiteName Value="YetaWFDist5" />
          <PortNumber Value="-1" />
          <PortNumberSSL Value="-1" />
          <Localization Value="True" />
          <DefaultLanguageId Value="en-US" />
          <AllowAnonymousUsers Value="True" />
          <Locked Value="False" />
          <LockedForIP />
          <LockedExternalForIP />
          <LockedUrl Value="/Maintenance/Offline For Maintenance.html" />
          <AllowPopups Value="True" />
          <CssNoTooltips Value="linkpreview-show peelback" />
          <FavIcon_Data Value="" />
          <FavIconLrg_Data Value="" />
          <Country Value="United States" />
          <Currency Value="USD" />
          <CurrencyFormat Value="$ #,0.00" />
          <CurrencyDecimals Value="2" />
          <StaticPages Value="False" />
          <AllowCacheUse Value="True" />
          <Compression Value="True" />
          <CompressCSSFiles Value="True" />
          <BundleCSSFiles Value="True" />
          <BundleCSSFilesContent Value="False" />
          <CompressJSFiles Value="True" />
          <BundleJSFiles Value="True" />
          <BundleJSFilesContent Value="False" />
          <Copyright Value="YetaWF.com - © Copyright &lt;&lt;Year&gt;&gt; Softel vdm, Inc." />
          <UseCDNComponents Value="False" />
          <UseCDN Value="False" />
          <CDNUrl />
          <CDNUrlSecure />
          <CDNSiteFiles Value="False" />
          <CDNVault Value="False" />
          <CDNScriptsContent Value="False" />
          <CDNAddons Value="False" />
          <CDNAddonsCustom Value="False" />
          <CDNAddonsBundles Value="False" />
          <CDNFileImage Value="False" />
          <EmailDebug Value="False" />
          <AdminEmail Value="youremail@YetaWFDist5" />
          <SMTP>
            <Object Type="YetaWF.Core.SendEmail.SMTPServer" Assembly="YetaWF.Core">
              <Properties>
                <Server Value="mail.YetaWFDist5" />
                <Port Value="25" />
                <Authentication Value="1" />
                <UserName Value="youremail@YetaWFDist5" />
                <Password Value="somepassword" />
                <SSL Value="False" />
              </Properties>
            </Object>
          </SMTP>
          <HomePageUrl Value="/" />
          <EnforceSiteUrl Value="False" />
          <PageSecurity Value="0" />
          <NotFoundUrl Value="/Errors/404" />
          <MobileSiteUrl />
          <UnsupportedBrowserUrl Value="/Maintenance/Unsupported Browser.html" />
          <LoginUrl Value="/User/Login" />
          <ExternalAccountSetupUrl Value="/User/Setup External Account" />
          <ReferencedModules>
            <Object Type="YetaWF.Core.Serializers.SerializableList`1[[YetaWF.Core.Modules.ModuleDefinition+ReferencedModule, YetaWF.Core, Culture=neutral, PublicKeyToken=null]]" Assembly="YetaWF.Core">
              <Properties />
              <List />
            </Object>
          </ReferencedModules>
          <SelectedSkin>
            <Object Type="YetaWF.Core.Skins.SkinDefinition" Assembly="YetaWF.Core">
              <Properties>
                <Collection Value="YetaWF/BootstrapSample/BootstrapSkin" />
                <FileName Value="Default.cshtml" />
              </Properties>
            </Object>
          </SelectedSkin>
          <SelectedPopupSkin>
            <Object Type="YetaWF.Core.Skins.SkinDefinition" Assembly="YetaWF.Core">
              <Properties>
                <Collection Value="YetaWF/BootstrapSample/BootstrapSkin" />
                <FileName Value="Popup.cshtml" />
              </Properties>
            </Object>
          </SelectedPopupSkin>
          <FormErrorsImmed Value="False" />
          <jQueryUISkin Value="Start" />
          <KendoUISkin Value="Blue Opal" />
          <TabStyle Value="0" />
          <PublicKey Value="&lt;RSAKeyValue&gt;&lt;Modulus&gt;mee5IwMYBiOkkQ4rHWhwSMLHTaLsNOnXRtu5c5kJQujmOSKmLcowsaNa8p4kRizvfG6uIN+wpMp2c51ccae04rcqnG1pXOOI7FnIqSD6McvM6VVLfzb60n7dJH8uBnxM0q0QzUg1XknBD0s9h/nY6XC8casTwocnb/NelfjlMWE=&lt;/Modulus&gt;&lt;Exponent&gt;AQAB&lt;/Exponent&gt;&lt;/RSAKeyValue&gt;" />
          <PrivateKey Value="&lt;RSAKeyValue&gt;&lt;Modulus&gt;mee5IwMYBiOkkQ4rHWhwSMLHTaLsNOnXRtu5c5kJQujmOSKmLcowsaNa8p4kRizvfG6uIN+wpMp2c51ccae04rcqnG1pXOOI7FnIqSD6McvM6VVLfzb60n7dJH8uBnxM0q0QzUg1XknBD0s9h/nY6XC8casTwocnb/NelfjlMWE=&lt;/Modulus&gt;&lt;Exponent&gt;AQAB&lt;/Exponent&gt;&lt;P&gt;yjHS5NDIo48TBo1T2u6k9Q7XJShIXiZ5TPInwVh3Tw1wwVQ7J1F+/EcKXbv5R9LjbPNUadqpKOs0fGYFLmNKEw==&lt;/P&gt;&lt;Q&gt;wtxCePO9K/Qby7aKlwT3ouaw/98aiQjQKFzWGj8rxk+1fk4lgKsPg/DF7GmvEmBnomCBVvVO0vQKIaxnyERFOw==&lt;/Q&gt;&lt;DP&gt;lxacDLem9fFXujGpU5O4WBZ61h0/1nrRcZoR8vx0SvI0K4MRoNPZHBLJwDlSkUUZBLTfgyoN9bGsSrjBbmRrWQ==&lt;/DP&gt;&lt;DQ&gt;Wlx3us0UoWhO53Xb6NJV38XouI8GKBvdI4qBgqResVTPTiYBABzTUhT6Q3pyxCvOgx8Le37AMdUXSaxAaD84dw==&lt;/DQ&gt;&lt;InverseQ&gt;gRQyihPz3tqr77IAzeD19pr2yON/j3kYorhC8CpSZi3TNsBCYWu+ybn/Pqr+gglGpyDVsjS0uS0kgv4bpnZX4g==&lt;/InverseQ&gt;&lt;D&gt;V2bTKuD86a+gK4hiT8cZzRhgWuSlQ79wtBrgDJfiPI9K/zOAMAzc7mSYp6PLcdbfAklQtfaSuGMKNcotz5WwERb7MHBf6ozCXcnyTbBsCptwOw9P/swKCH7WrXbFVxoEDmXvCd1LpiULvi3+ws5FHdavs6usaAAFNY79O2S8X6k=&lt;/D&gt;&lt;/RSAKeyValue&gt;" />
          <Analytics />
          <AnalyticsContent />
          <GoogleVerification />
          <ExtraHead />
          <ExtraBodyTop />
          <ExtraBodyBottom />
          <UseGeoLocation Value="False" />
          <SiteMetaTags />
          <PageMetaTags />
          <SiteMapPriority Value="50" />
          <DefaultChangeFrequency Value="4" />
        </Properties>
      </Object>
    </Value>
  </List>
</Object>