﻿<?xml version="1.0" encoding="utf-8"?>
<!--YetaWF.Core.Serializers.SerializableList`1[YetaWF.Core.Site.SiteDefinition]-->
<Object Type="YetaWF.Core.Serializers.SerializableList`1[[YetaWF.Core.Site.SiteDefinition, YetaWF.Core, Culture=neutral, PublicKeyToken=null]]" Assembly="YetaWF.Core">
  <Properties />
  <List>
    <Value>
      <Object Type="YetaWF.Core.Site.SiteDefinition" Assembly="YetaWF.Core">
        <Properties>
          <Identity Value="1000" />
          <SiteDomain Value="YetaWFDist5" />
          <SiteName Value="YetaWFDist5" />
          <PortNumber Value="-1" />
          <PortNumberSSL Value="-1" />
          <Localization Value="True" />
          <DefaultLanguageId Value="en-US" />
          <AllowAnonymousUsers Value="True" />
          <Locked Value="False" />
          <LockedForIP />
          <LockedExternalForIP />
          <LockedUrl Value="/Maintenance/Offline For Maintenance.html" />
          <AllowPopups Value="True" />
          <CssNoTooltips Value="linkpreview-show peelback" />
          <FavIcon_Data Value="" />
          <FavIconLrg_Data Value="" />
          <Country Value="United States" />
          <Currency Value="USD" />
          <CurrencyFormat Value="$ #,0.00" />
          <CurrencyDecimals Value="2" />
          <StaticPages Value="False" />
          <AllowCacheUse Value="True" />
          <Compression Value="True" />
          <CompressCSSFiles Value="True" />
          <BundleCSSFiles Value="True" />
          <BundleCSSFilesContent Value="False" />
          <CompressJSFiles Value="True" />
          <BundleJSFiles Value="True" />
          <BundleJSFilesContent Value="False" />
          <Copyright Value="YetaWF.com - © Copyright &lt;&lt;Year&gt;&gt; Softel vdm, Inc." />
          <UseCDNComponents Value="False" />
          <UseCDN Value="False" />
          <CDNUrl />
          <CDNUrlSecure />
          <CDNSiteFiles Value="False" />
          <CDNVault Value="False" />
          <CDNScriptsContent Value="False" />
          <CDNAddons Value="False" />
          <CDNAddonsCustom Value="False" />
          <CDNAddonsBundles Value="False" />
          <CDNFileImage Value="False" />
          <EmailDebug Value="False" />
          <AdminEmail Value="youremail@YetaWFDist5" />
          <SMTP>
            <Object Type="YetaWF.Core.SendEmail.SMTPServer" Assembly="YetaWF.Core">
              <Properties>
                <Server Value="mail.YetaWFDist5" />
                <Port Value="25" />
                <Authentication Value="1" />
                <UserName Value="youremail@YetaWFDist5" />
                <Password Value="somepassword" />
                <SSL Value="False" />
              </Properties>
            </Object>
          </SMTP>
          <HomePageUrl Value="/" />
          <EnforceSiteUrl Value="False" />
          <PageSecurity Value="0" />
          <NotFoundUrl Value="/Errors/404" />
          <MobileSiteUrl />
          <UnsupportedBrowserUrl Value="/Maintenance/Unsupported Browser.html" />
          <LoginUrl Value="/User/Login" />
          <ExternalAccountSetupUrl Value="/User/Setup External Account" />
          <ReferencedModules>
            <Object Type="YetaWF.Core.Serializers.SerializableList`1[[YetaWF.Core.Modules.ModuleDefinition+ReferencedModule, YetaWF.Core, Culture=neutral, PublicKeyToken=null]]" Assembly="YetaWF.Core">
              <Properties />
              <List />
            </Object>
          </ReferencedModules>
          <SelectedSkin>
            <Object Type="YetaWF.Core.Skins.SkinDefinition" Assembly="YetaWF.Core">
              <Properties>
                <Collection Value="YetaWF/BootstrapSample/BootstrapSkin" />
                <FileName Value="Default.cshtml" />
              </Properties>
            </Object>
          </SelectedSkin>
          <SelectedPopupSkin>
            <Object Type="YetaWF.Core.Skins.SkinDefinition" Assembly="YetaWF.Core">
              <Properties>
                <Collection Value="YetaWF/BootstrapSample/BootstrapSkin" />
                <FileName Value="Popup.cshtml" />
              </Properties>
            </Object>
          </SelectedPopupSkin>
          <FormErrorsImmed Value="False" />
          <jQueryUISkin Value="Start" />
          <KendoUISkin Value="Blue Opal" />
          <TabStyle Value="0" />
          <PublicKey Value="&lt;RSAKeyValue&gt;&lt;Modulus&gt;0GRr+hkMvQP4m3CqShV77VKY4drfr+rL4Z3n5rXN0ebswOKNV3WtxazITzSgZm5C1hnny/9pZpjlu3IKPJaslbAlmY4uZzhM0Q4VH/WLIIXLItMxA7Vzr+CQVcjJiCq4cKLdN0Bh1Q4oswh8Ivy7ZhO1v1Tv08sWVVZLzdA40K0=&lt;/Modulus&gt;&lt;Exponent&gt;AQAB&lt;/Exponent&gt;&lt;/RSAKeyValue&gt;" />
          <PrivateKey Value="&lt;RSAKeyValue&gt;&lt;Modulus&gt;0GRr+hkMvQP4m3CqShV77VKY4drfr+rL4Z3n5rXN0ebswOKNV3WtxazITzSgZm5C1hnny/9pZpjlu3IKPJaslbAlmY4uZzhM0Q4VH/WLIIXLItMxA7Vzr+CQVcjJiCq4cKLdN0Bh1Q4oswh8Ivy7ZhO1v1Tv08sWVVZLzdA40K0=&lt;/Modulus&gt;&lt;Exponent&gt;AQAB&lt;/Exponent&gt;&lt;P&gt;1ehuzAuVSvYYbMnXy+aLNNYF9/BplkzvJJgoEpNIFudOH2xsOAG/L4xh7Eade2LFZpeWBYsYNq02ChnG19KU0w==&lt;/P&gt;&lt;Q&gt;+WYjbI6/5eCa4NiKq1KGoSaL6MpKpNAWtF8Tg6TPa1ZO6bet1fvY9h/VVIVPYLIdtmSjZVDKHdljA1gphg2Ufw==&lt;/Q&gt;&lt;DP&gt;tuGM8LiqgDdc9I2xCOvnclnVKoCJ1W2bO982y4LOLH6/hRAuice8jEtqYRaSh64PdUH+imi8X+rA++vD3Dt27w==&lt;/DP&gt;&lt;DQ&gt;hjcOV0yXPxnZn6lJLxvRcgYxgwzikMGfhmAoO09FhMlE3IhJ1/+Z6hKFlt/LMQmJ7e9I86w/qUKlA1a9ufOy9w==&lt;/DQ&gt;&lt;InverseQ&gt;FsZrtKQEbAvbooP80Z5HL3JIMElidhss3cXjTV3gn43LATGJuZVd7q1Cd7jy6mXlnT/jBzLjX417NUZ5HzO+uw==&lt;/InverseQ&gt;&lt;D&gt;kDsg3J1fyqan93V39wR9nFkRhShGr2vzpnjy2yQziraoYCutJb5GAk2+6csDxUFFMwgE/ZUOLztdrWmVmi+yzDrOuL3LWNsfLiJXh72ZL58QehPGPOXwe4f8uDwNm4qQUEnR7FpHNDy4g7dGx3+7n2MCLqQ/H10uyGMnnvQYVeU=&lt;/D&gt;&lt;/RSAKeyValue&gt;" />
          <Analytics />
          <AnalyticsContent />
          <GoogleVerification />
          <ExtraHead />
          <ExtraBodyTop />
          <ExtraBodyBottom />
          <UseGeoLocation Value="False" />
          <SiteMetaTags />
          <PageMetaTags />
          <SiteMapPriority Value="50" />
          <DefaultChangeFrequency Value="4" />
        </Properties>
      </Object>
    </Value>
  </List>
</Object>