{
  "$type": "YetaWF.Core.Serializers.SerializableList`1[[YetaWF.Modules.Identity.Modules.OwinEditModule, YetaWF.Identity]], YetaWF.Core",
  "$values": [
    {
      "$type": "YetaWF.Modules.Identity.Modules.OwinEditModule, YetaWF.Identity",
      "Name": "Login Provider Settings",
      "Title": {
        "$type": "YetaWF.Core.Models.MultiString, YetaWF.Core",
        "en-US": "Login Provider Settings"
      },
      "Visible": true,
      "ModuleSecurity": 0,
      "WantSearch": true,
      "WantFocus": true,
      "Description": {
        "$type": "YetaWF.Core.Models.MultiString, YetaWF.Core",
        "en-US": "Edits local and external login providers like Google, Facebook, etc."
      },
      "ModuleGuid": "f490deeb-ff19-4921-894b-4a81d263f97a",
      "DateCreated": "2017-04-05T17:37:57.8932714",
      "DateUpdated": "2018-04-16T00:58:18.7679569",
      "SkinDefinitions": {
        "$type": "YetaWF.Core.Serializers.SerializableList`1[[YetaWF.Core.Skins.SkinDefinition, YetaWF.Core]], YetaWF.Core",
        "$values": [
          {
            "$type": "YetaWF.Core.Skins.SkinDefinition, YetaWF.Core",
            "Collection": "YetaWF/BootstrapSample/BootstrapSkin",
            "FileName": "modStandard"
          },
          {
            "$type": "YetaWF.Core.Skins.SkinDefinition, YetaWF.Core",
            "Collection": "YetaWF/BusinessCasualSkin/BusinessCasual",
            "FileName": "modStandard"
          },
          {
            "$type": "YetaWF.Core.Skins.SkinDefinition, YetaWF.Core",
            "Collection": "Softelvdm/LinkCheckerSkin/LinkCheckerSkin",
            "FileName": "modStandard"
          },
          {
            "$type": "YetaWF.Core.Skins.SkinDefinition, YetaWF.Core",
            "Collection": "Softelvdm/MainSkin/Main",
            "FileName": "modStandard"
          },
          {
            "$type": "YetaWF.Core.Skins.SkinDefinition, YetaWF.Core",
            "Collection": "Mikevdm/MikevdmSkin/Mikevdm",
            "FileName": "modStandard"
          },
          {
            "$type": "YetaWF.Core.Skins.SkinDefinition, YetaWF.Core",
            "Collection": "YetaWF/SimpleSkin/Simple",
            "FileName": "modStandard"
          },
          {
            "$type": "YetaWF.Core.Skins.SkinDefinition, YetaWF.Core",
            "Collection": "YetaWF/Core/Standard",
            "FileName": "modStandard"
          },
          {
            "$type": "YetaWF.Core.Skins.SkinDefinition, YetaWF.Core",
            "Collection": "YetaWF/YetaWFSkin/YetaWFSkin",
            "FileName": "modStandard"
          },
          {
            "$type": "YetaWF.Core.Skins.SkinDefinition, YetaWF.Core",
            "Collection": "Softelvdm/YetaWF2Skin/YetaWF2",
            "FileName": "modStandard"
          }
        ]
      },
      "SelectedPopupSkin": {
        "$type": "YetaWF.Core.Skins.SkinDefinition, YetaWF.Core",
        "Collection": null,
        "FileName": "Popup"
      },
      "CssClass": null,
      "TempPageCssClass": null,
      "_SuppressPartialFormCss": false,
      "ShowTitle": true,
      "ShowTitleActions": false,
      "ShowHelp": false,
      "Print": true,
      "ShowFormButtons": true,
      "AnchorId": null,
      "AllowedRoles": {
        "$type": "YetaWF.Core.Serializers.SerializableList`1[[YetaWF.Core.Modules.ModuleDefinition+AllowedRole, YetaWF.Core]], YetaWF.Core",
        "$values": []
      },
      "AllowedUsers": {
        "$type": "YetaWF.Core.Serializers.SerializableList`1[[YetaWF.Core.Modules.ModuleDefinition+AllowedUser, YetaWF.Core]], YetaWF.Core",
        "$values": []
      },
      "ReferencedModules": {
        "$type": "YetaWF.Core.Serializers.SerializableList`1[[YetaWF.Core.Modules.ModuleDefinition+ReferencedModule, YetaWF.Core]], YetaWF.Core",
        "$values": []
      }
    }
  ]
}