{
  "$type": "YetaWF.Core.Serializers.SerializableList`1[[YetaWF.Modules.Identity.DataProvider.UserDefinition, YetaWF.Identity]], YetaWF.Core",
  "$values": [
    {
      "$type": "YetaWF.Modules.Identity.DataProvider.UserDefinition, YetaWF.Identity",
      "UserName": "Superuser",
      "UserId": 1,
      "PasswordHash": "AQAAAAEAACcQAAAAEIv8m1n5njSL8BpaRcHavJl0Op+cKhZQjBoqAgjQiInprBMAxmNdSBssQ2yQleblfQ==",
      "PasswordPlainText": "SuperuserPassword",
      "Email": "Superuser@YetaWFDist5",
      "Comment": "The superuser for all sites",
      "UserStatus": 2,
      "VerificationCode": "9f6f66d6-c078-41b7-bf52-bf575a6c325b",
      "RegistrationIP": "127.0.0.1",
      "Created": "2019-08-11T12:58:58.0025489",
      "LastLoginDate": null,
      "LastLoginIP": null,
      "LastPasswordChangedDate": null,
      "PasswordChangeIP": null,
      "LastActivityDate": null,
      "LastActivityIP": null,
      "NeedsNewPassword": false,
      "ResetKey": null,
      "ResetValidUntil": null,
      "LoginFailures": 0,
      "SecurityStamp": null,
      "RolesList": {
        "$type": "YetaWF.Core.Serializers.SerializableList`1[[YetaWF.Core.Identity.Role, YetaWF.Core]], YetaWF.Core",
        "$values": [
          {
            "$type": "YetaWF.Core.Identity.Role, YetaWF.Core",
            "RoleId": 997
          }
        ]
      },
      "EnabledTwoStepAuthentications": {
        "$type": "YetaWF.Core.Serializers.SerializableList`1[[YetaWF.Modules.Identity.DataProvider.TwoStepDefinition, YetaWF.Identity]], YetaWF.Core",
        "$values": []
      }
    }
  ]
}