{
  "$type": "YetaWF.Core.Serializers.SerializableList`1[[YetaWF.Modules.Identity.DataProvider.UserDefinition, YetaWF.Identity]], YetaWF.Core",
  "$values": [
    {
      "$type": "YetaWF.Modules.Identity.DataProvider.UserDefinition, YetaWF.Identity",
      "UserName": "Superuser",
      "UserId": 1,
      "PasswordHash": "AQAAAAEAACcQAAAAEGHQux43pvO6zW0aYWc+dwyVI6fAv6kKQOf6BgPo6+Va5QNwr70v0RcrT9ktLOYTvQ==",
      "PasswordPlainText": "SuperuserPassword",
      "Email": "Superuser@YetaWFDist5",
      "Comment": "The superuser for all sites",
      "UserStatus": 2,
      "VerificationCode": "a7a4b7ca-8a45-4633-8e99-bacb7abbac01",
      "RegistrationIP": "127.0.0.1",
      "Created": "2019-08-11T01:38:40.7678026",
      "LastLoginDate": "2019-08-11T02:09:19.7878194",
      "LastLoginIP": "::1",
      "LastPasswordChangedDate": null,
      "PasswordChangeIP": null,
      "LastActivityDate": "2019-08-11T02:09:19.7878262",
      "LastActivityIP": "::1",
      "NeedsNewPassword": false,
      "ResetKey": null,
      "ResetValidUntil": null,
      "LoginFailures": 0,
      "SecurityStamp": null,
      "RolesList": {
        "$type": "YetaWF.Core.Serializers.SerializableList`1[[YetaWF.Core.Identity.Role, YetaWF.Core]], YetaWF.Core",
        "$values": [
          {
            "$type": "YetaWF.Core.Identity.Role, YetaWF.Core",
            "RoleId": 997
          }
        ]
      },
      "EnabledTwoStepAuthentications": {
        "$type": "YetaWF.Core.Serializers.SerializableList`1[[YetaWF.Modules.Identity.DataProvider.TwoStepDefinition, YetaWF.Identity]], YetaWF.Core",
        "$values": []
      }
    }
  ]
}