{
  "$type": "YetaWF.Core.Serializers.SerializableList`1[[YetaWF.Modules.Identity.Modules.LoginSelectorModule, YetaWF.Identity]], YetaWF.Core",
  "$values": [
    {
      "$type": "YetaWF.Modules.Identity.Modules.LoginSelectorModule, YetaWF.Identity",
      "Users": null,
      "Name": "User Login Selector",
      "Title": {
        "$type": "YetaWF.Core.Models.MultiString, YetaWF.Core",
        "en-US": "(untitled)"
      },
      "Visible": true,
      "ModuleSecurity": 0,
      "WantSearch": false,
      "WantFocus": false,
      "Description": {
        "$type": "YetaWF.Core.Models.MultiString, YetaWF.Core",
        "en-US": "User login selector (used during development)"
      },
      "ModuleGuid": "9cdb39c8-4f37-4d30-9eee-68f4bc7420a0",
      "DateCreated": "2018-05-06T17:04:07.8042106",
      "DateUpdated": "2018-05-06T17:04:07.813219",
      "SkinDefinitions": {
        "$type": "YetaWF.Core.Serializers.SerializableList`1[[YetaWF.Core.Skins.SkinDefinition, YetaWF.Core]], YetaWF.Core",
        "$values": [
          {
            "$type": "YetaWF.Core.Skins.SkinDefinition, YetaWF.Core",
            "Collection": "YetaWF/BootstrapSample/BootstrapSkin",
            "FileName": "modStandard"
          },
          {
            "$type": "YetaWF.Core.Skins.SkinDefinition, YetaWF.Core",
            "Collection": "YetaWF/BusinessCasualSkin/BusinessCasual",
            "FileName": "modStandard"
          },
          {
            "$type": "YetaWF.Core.Skins.SkinDefinition, YetaWF.Core",
            "Collection": "YetaWF/DefaultSkin/DefaultSkin",
            "FileName": "modStandard"
          },
          {
            "$type": "YetaWF.Core.Skins.SkinDefinition, YetaWF.Core",
            "Collection": "YetaWF/Core/Standard",
            "FileName": "modStandard"
          }
        ]
      },
      "SelectedPopupSkin": {
        "$type": "YetaWF.Core.Skins.SkinDefinition, YetaWF.Core",
        "Collection": null,
        "FileName": "Popup.cshtml"
      },
      "CssClass": "skinLoginSelector",
      "TempPageCssClass": null,
      "_SuppressPartialFormCss": true,
      "ShowTitle": false,
      "ShowTitleActions": false,
      "ShowHelp": false,
      "Print": false,
      "ShowFormButtons": true,
      "AnchorId": null,
      "AllowedRoles": {
        "$type": "YetaWF.Core.Serializers.SerializableList`1[[YetaWF.Core.Modules.ModuleDefinition+AllowedRole, YetaWF.Core]], YetaWF.Core",
        "$values": [
          {
            "$type": "YetaWF.Core.Modules.ModuleDefinition+AllowedRole, YetaWF.Core",
            "RoleId": 1000,
            "View": 1,
            "Edit": 1,
            "Remove": 1,
            "Extra1": 0,
            "Extra2": 0,
            "Extra3": 0,
            "Extra4": 0,
            "Extra5": 0
          },
          {
            "$type": "YetaWF.Core.Modules.ModuleDefinition+AllowedRole, YetaWF.Core",
            "RoleId": 999,
            "View": 1,
            "Edit": 0,
            "Remove": 0,
            "Extra1": 0,
            "Extra2": 0,
            "Extra3": 0,
            "Extra4": 0,
            "Extra5": 0
          },
          {
            "$type": "YetaWF.Core.Modules.ModuleDefinition+AllowedRole, YetaWF.Core",
            "RoleId": 1001,
            "View": 0,
            "Edit": 0,
            "Remove": 0,
            "Extra1": 0,
            "Extra2": 0,
            "Extra3": 0,
            "Extra4": 0,
            "Extra5": 0
          },
          {
            "$type": "YetaWF.Core.Modules.ModuleDefinition+AllowedRole, YetaWF.Core",
            "RoleId": 997,
            "View": 0,
            "Edit": 0,
            "Remove": 0,
            "Extra1": 0,
            "Extra2": 0,
            "Extra3": 0,
            "Extra4": 0,
            "Extra5": 0
          },
          {
            "$type": "YetaWF.Core.Modules.ModuleDefinition+AllowedRole, YetaWF.Core",
            "RoleId": 998,
            "View": 1,
            "Edit": 0,
            "Remove": 0,
            "Extra1": 0,
            "Extra2": 0,
            "Extra3": 0,
            "Extra4": 0,
            "Extra5": 0
          },
          {
            "$type": "YetaWF.Core.Modules.ModuleDefinition+AllowedRole, YetaWF.Core",
            "RoleId": 996,
            "View": 0,
            "Edit": 0,
            "Remove": 0,
            "Extra1": 0,
            "Extra2": 0,
            "Extra3": 0,
            "Extra4": 0,
            "Extra5": 0
          }
        ]
      },
      "AllowedUsers": {
        "$type": "YetaWF.Core.Serializers.SerializableList`1[[YetaWF.Core.Modules.ModuleDefinition+AllowedUser, YetaWF.Core]], YetaWF.Core",
        "$values": []
      },
      "ReferencedModules": {
        "$type": "YetaWF.Core.Serializers.SerializableList`1[[YetaWF.Core.Modules.ModuleDefinition+ReferencedModule, YetaWF.Core]], YetaWF.Core",
        "$values": []
      }
    }
  ]
}