{
  "$type": "YetaWF.Core.Serializers.SerializableList`1[[YetaWF.Modules.Identity.DataProvider.UserDefinition, YetaWF.Identity]], YetaWF.Core",
  "$values": [
    {
      "$type": "YetaWF.Modules.Identity.DataProvider.UserDefinition, YetaWF.Identity",
      "UserName": "Superuser",
      "UserId": 1,
      "PasswordHash": "AFL/MKVq0g5GYj4lY0RCf+JpwBjUj9qn8bU9Zn0pJQJzAFG4HfiZoMSwMqRQZ0KWwQ==",
      "PasswordPlainText": "SuperuserPassword",
      "Email": "Superuser@YetaWFDist4",
      "Comment": "The superuser for all sites",
      "UserStatus": 2,
      "VerificationCode": "bf759d6d-f99d-490e-b367-96480606430e",
      "RegistrationIP": "127.0.0.1",
      "Created": "2019-03-10T01:15:24.9824955",
      "LastLoginDate": null,
      "LastLoginIP": null,
      "LastPasswordChangedDate": null,
      "PasswordChangeIP": null,
      "LastActivityDate": null,
      "LastActivityIP": null,
      "NeedsNewPassword": false,
      "LoginFailures": 0,
      "SecurityStamp": null,
      "RolesList": {
        "$type": "YetaWF.Core.Serializers.SerializableList`1[[YetaWF.Core.Identity.Role, YetaWF.Core]], YetaWF.Core",
        "$values": [
          {
            "$type": "YetaWF.Core.Identity.Role, YetaWF.Core",
            "RoleId": 997
          }
        ]
      },
      "EnabledTwoStepAuthentications": {
        "$type": "YetaWF.Core.Serializers.SerializableList`1[[YetaWF.Modules.Identity.DataProvider.TwoStepDefinition, YetaWF.Identity]], YetaWF.Core",
        "$values": []
      }
    }
  ]
}