{
  "$type": "YetaWF.Core.Serializers.SerializableList`1[[YetaWF.Modules.Panels.Modules.PageBarModule, YetaWF.Panels]], YetaWF.Core",
  "$values": [
    {
      "$type": "YetaWF.Modules.Panels.Modules.PageBarModule, YetaWF.Panels",
      "PageList": {
        "$type": "YetaWF.Core.Serializers.SerializableList`1[[YetaWF.Modules.Panels.Models.LocalPage, YetaWF.Panels]], YetaWF.Core",
        "$values": [
          {
            "$type": "YetaWF.Modules.Panels.Models.LocalPage, YetaWF.Panels",
            "Url": "/Admin/Config/Site Settings",
            "Popup": false
          },
          {
            "$type": "YetaWF.Modules.Panels.Models.LocalPage, YetaWF.Panels",
            "Url": "/Admin/Config/User Login",
            "Popup": false
          }
        ]
      },
      "PagePattern": "^/Admin/Config/[^/]*$",
      "Style": 0,
      "ContentPane": null,
      "UseSkinFormatting": true,
      "DefaultImage_Data": {
        "$type": "System.Byte[], System.Private.CoreLib",
        "$value": ""
      },
      "Name": "Admin Bar",
      "Title": {
        "$type": "YetaWF.Core.Models.MultiString, YetaWF.Core",
        "en-US": "Admin Bar"
      },
      "Visible": true,
      "ModuleSecurity": 0,
      "WantSearch": true,
      "WantFocus": true,
      "Description": {
        "$type": "YetaWF.Core.Models.MultiString, YetaWF.Core",
        "en-US": "Page Bar - used to display multiple links to pages using the pages' FavIcon, displaying the page contents within the PageBar module"
      },
      "ModuleGuid": "22280307-4ecc-41f1-ae55-bfb7ccf5f16a",
      "DateCreated": "2019-08-10T02:44:55.9309185",
      "DateUpdated": "2019-08-11T01:41:02.6220361",
      "SkinDefinitions": {
        "$type": "YetaWF.Core.Serializers.SerializableList`1[[YetaWF.Core.Skins.SkinDefinition, YetaWF.Core]], YetaWF.Core",
        "$values": [
          {
            "$type": "YetaWF.Core.Skins.SkinDefinition, YetaWF.Core",
            "Collection": "YetaWF/BootstrapSkin/BootstrapSkin",
            "FileName": "modStandard"
          },
          {
            "$type": "YetaWF.Core.Skins.SkinDefinition, YetaWF.Core",
            "Collection": "YetaWF/DefaultSkin/DefaultSkin",
            "FileName": "modStandard"
          },
          {
            "$type": "YetaWF.Core.Skins.SkinDefinition, YetaWF.Core",
            "Collection": "YetaWF/Core/Standard",
            "FileName": "modStandard"
          },
          {
            "$type": "YetaWF.Core.Skins.SkinDefinition, YetaWF.Core",
            "Collection": "Softelvdm/StatusPieSkin/StatusPieSkin",
            "FileName": "modStandard"
          }
        ]
      },
      "SelectedPopupSkin": {
        "$type": "YetaWF.Core.Skins.SkinDefinition, YetaWF.Core",
        "Collection": null,
        "FileName": "Popup"
      },
      "CssClass": null,
      "TempPageCssClass": null,
      "_SuppressPartialFormCss": true,
      "ShowTitle": false,
      "ShowTitleActions": false,
      "ShowHelp": false,
      "HelpURL": null,
      "Print": true,
      "ShowFormButtons": true,
      "AnchorId": null,
      "FormAutoComplete": false,
      "AllowedRoles": {
        "$type": "YetaWF.Core.Serializers.SerializableList`1[[YetaWF.Core.Modules.ModuleDefinition+AllowedRole, YetaWF.Core]], YetaWF.Core",
        "$values": [
          {
            "$type": "YetaWF.Core.Modules.ModuleDefinition+AllowedRole, YetaWF.Core",
            "RoleId": 1000,
            "View": 1,
            "Edit": 1,
            "Remove": 1,
            "Extra1": 0,
            "Extra2": 0,
            "Extra3": 0,
            "Extra4": 0,
            "Extra5": 0
          },
          {
            "$type": "YetaWF.Core.Modules.ModuleDefinition+AllowedRole, YetaWF.Core",
            "RoleId": 999,
            "View": 0,
            "Edit": 0,
            "Remove": 0,
            "Extra1": 0,
            "Extra2": 0,
            "Extra3": 0,
            "Extra4": 0,
            "Extra5": 0
          },
          {
            "$type": "YetaWF.Core.Modules.ModuleDefinition+AllowedRole, YetaWF.Core",
            "RoleId": 1001,
            "View": 0,
            "Edit": 0,
            "Remove": 0,
            "Extra1": 0,
            "Extra2": 0,
            "Extra3": 0,
            "Extra4": 0,
            "Extra5": 0
          },
          {
            "$type": "YetaWF.Core.Modules.ModuleDefinition+AllowedRole, YetaWF.Core",
            "RoleId": 997,
            "View": 0,
            "Edit": 0,
            "Remove": 0,
            "Extra1": 0,
            "Extra2": 0,
            "Extra3": 0,
            "Extra4": 0,
            "Extra5": 0
          },
          {
            "$type": "YetaWF.Core.Modules.ModuleDefinition+AllowedRole, YetaWF.Core",
            "RoleId": 998,
            "View": 0,
            "Edit": 0,
            "Remove": 0,
            "Extra1": 0,
            "Extra2": 0,
            "Extra3": 0,
            "Extra4": 0,
            "Extra5": 0
          },
          {
            "$type": "YetaWF.Core.Modules.ModuleDefinition+AllowedRole, YetaWF.Core",
            "RoleId": 996,
            "View": 0,
            "Edit": 0,
            "Remove": 0,
            "Extra1": 0,
            "Extra2": 0,
            "Extra3": 0,
            "Extra4": 0,
            "Extra5": 0
          }
        ]
      },
      "AllowedUsers": {
        "$type": "YetaWF.Core.Serializers.SerializableList`1[[YetaWF.Core.Modules.ModuleDefinition+AllowedUser, YetaWF.Core]], YetaWF.Core",
        "$values": []
      },
      "ReferencedModules": {
        "$type": "YetaWF.Core.Serializers.SerializableList`1[[YetaWF.Core.Modules.ModuleDefinition+ReferencedModule, YetaWF.Core]], YetaWF.Core",
        "$values": []
      }
    },
    {
      "$type": "YetaWF.Modules.Panels.Modules.PageBarModule, YetaWF.Panels",
      "PageList": {
        "$type": "YetaWF.Core.Serializers.SerializableList`1[[YetaWF.Modules.Panels.Models.LocalPage, YetaWF.Panels]], YetaWF.Core",
        "$values": []
      },
      "PagePattern": "^/Admin/[^/]*$",
      "Style": 0,
      "ContentPane": null,
      "UseSkinFormatting": true,
      "DefaultImage_Data": {
        "$type": "System.Byte[], System.Private.CoreLib",
        "$value": ""
      },
      "Name": "Panel Bar",
      "Title": {
        "$type": "YetaWF.Core.Models.MultiString, YetaWF.Core",
        "en-US": "Panel"
      },
      "Visible": true,
      "ModuleSecurity": 0,
      "WantSearch": false,
      "WantFocus": false,
      "Description": {
        "$type": "YetaWF.Core.Models.MultiString, YetaWF.Core",
        "en-US": "Page Bar - used to display multiple links to pages using the pages' FavIcon, displaying the page contents within the PageBar module"
      },
      "ModuleGuid": "7be1ee97-e4c3-4365-8de5-212d82a78dd7",
      "DateCreated": "2019-08-10T12:57:35.359724",
      "DateUpdated": "2019-08-11T12:54:03.9613016",
      "SkinDefinitions": {
        "$type": "YetaWF.Core.Serializers.SerializableList`1[[YetaWF.Core.Skins.SkinDefinition, YetaWF.Core]], YetaWF.Core",
        "$values": []
      },
      "SelectedPopupSkin": {
        "$type": "YetaWF.Core.Skins.SkinDefinition, YetaWF.Core",
        "Collection": null,
        "FileName": null
      },
      "CssClass": null,
      "TempPageCssClass": null,
      "_SuppressPartialFormCss": true,
      "ShowTitle": false,
      "ShowTitleActions": true,
      "ShowHelp": false,
      "HelpURL": null,
      "Print": true,
      "ShowFormButtons": true,
      "AnchorId": null,
      "FormAutoComplete": false,
      "AllowedRoles": {
        "$type": "YetaWF.Core.Serializers.SerializableList`1[[YetaWF.Core.Modules.ModuleDefinition+AllowedRole, YetaWF.Core]], YetaWF.Core",
        "$values": [
          {
            "$type": "YetaWF.Core.Modules.ModuleDefinition+AllowedRole, YetaWF.Core",
            "RoleId": 1000,
            "View": 1,
            "Edit": 1,
            "Remove": 1,
            "Extra1": 1,
            "Extra2": 1,
            "Extra3": 1,
            "Extra4": 1,
            "Extra5": 1
          }
        ]
      },
      "AllowedUsers": {
        "$type": "YetaWF.Core.Serializers.SerializableList`1[[YetaWF.Core.Modules.ModuleDefinition+AllowedUser, YetaWF.Core]], YetaWF.Core",
        "$values": []
      },
      "ReferencedModules": {
        "$type": "YetaWF.Core.Serializers.SerializableList`1[[YetaWF.Core.Modules.ModuleDefinition+ReferencedModule, YetaWF.Core]], YetaWF.Core",
        "$values": []
      }
    },
    {
      "$type": "YetaWF.Modules.Panels.Modules.PageBarModule, YetaWF.Panels",
      "PageList": {
        "$type": "YetaWF.Core.Serializers.SerializableList`1[[YetaWF.Modules.Panels.Models.LocalPage, YetaWF.Panels]], YetaWF.Core",
        "$values": [
          {
            "$type": "YetaWF.Modules.Panels.Models.LocalPage, YetaWF.Panels",
            "Url": "/User/Profile",
            "Popup": false
          },
          {
            "$type": "YetaWF.Modules.Panels.Models.LocalPage, YetaWF.Panels",
            "Url": "/User/Account",
            "Popup": false
          },
          {
            "$type": "YetaWF.Modules.Panels.Models.LocalPage, YetaWF.Panels",
            "Url": "/User/Change Password",
            "Popup": false
          },
          {
            "$type": "YetaWF.Modules.Panels.Models.LocalPage, YetaWF.Panels",
            "Url": "/User/Settings",
            "Popup": false
          },
          {
            "$type": "YetaWF.Modules.Panels.Models.LocalPage, YetaWF.Panels",
            "Url": "/User/Two-Step Auth Setup",
            "Popup": false
          },
          {
            "$type": "YetaWF.Modules.Panels.Models.LocalPage, YetaWF.Panels",
            "Url": "/User/Login",
            "Popup": false
          },
          {
            "$type": "YetaWF.Modules.Panels.Models.LocalPage, YetaWF.Panels",
            "Url": "/User/Register",
            "Popup": false
          }
        ]
      },
      "PagePattern": null,
      "Style": 0,
      "ContentPane": null,
      "UseSkinFormatting": true,
      "DefaultImage_Data": {
        "$type": "System.Byte[], System.Private.CoreLib",
        "$value": ""
      },
      "Name": "My Account",
      "Title": {
        "$type": "YetaWF.Core.Models.MultiString, YetaWF.Core",
        "en-US": "My Account"
      },
      "Visible": true,
      "ModuleSecurity": 0,
      "WantSearch": false,
      "WantFocus": false,
      "Description": {
        "$type": "YetaWF.Core.Models.MultiString, YetaWF.Core",
        "en-US": "Page Bar - used to display multiple links to pages using the pages' FavIcon, displaying the page contents within the PageBar module"
      },
      "ModuleGuid": "87022d6f-0de7-4bef-8fef-846daa4d26d0",
      "DateCreated": "2019-08-10T14:58:38.0662023",
      "DateUpdated": "2019-08-11T13:01:28.2388783",
      "SkinDefinitions": {
        "$type": "YetaWF.Core.Serializers.SerializableList`1[[YetaWF.Core.Skins.SkinDefinition, YetaWF.Core]], YetaWF.Core",
        "$values": [
          {
            "$type": "YetaWF.Core.Skins.SkinDefinition, YetaWF.Core",
            "Collection": "YetaWF/BootstrapSkin/BootstrapSkin",
            "FileName": "modStandard"
          },
          {
            "$type": "YetaWF.Core.Skins.SkinDefinition, YetaWF.Core",
            "Collection": "YetaWF/DefaultSkin/DefaultSkin",
            "FileName": "modStandard"
          },
          {
            "$type": "YetaWF.Core.Skins.SkinDefinition, YetaWF.Core",
            "Collection": "YetaWF/Core/Standard",
            "FileName": "modStandard"
          },
          {
            "$type": "YetaWF.Core.Skins.SkinDefinition, YetaWF.Core",
            "Collection": "Softelvdm/StatusPieSkin/StatusPieSkin",
            "FileName": "modStandard"
          }
        ]
      },
      "SelectedPopupSkin": {
        "$type": "YetaWF.Core.Skins.SkinDefinition, YetaWF.Core",
        "Collection": null,
        "FileName": "Popup"
      },
      "CssClass": null,
      "TempPageCssClass": null,
      "_SuppressPartialFormCss": true,
      "ShowTitle": false,
      "ShowTitleActions": false,
      "ShowHelp": false,
      "HelpURL": null,
      "Print": true,
      "ShowFormButtons": true,
      "AnchorId": null,
      "FormAutoComplete": false,
      "AllowedRoles": {
        "$type": "YetaWF.Core.Serializers.SerializableList`1[[YetaWF.Core.Modules.ModuleDefinition+AllowedRole, YetaWF.Core]], YetaWF.Core",
        "$values": [
          {
            "$type": "YetaWF.Core.Modules.ModuleDefinition+AllowedRole, YetaWF.Core",
            "RoleId": 1000,
            "View": 1,
            "Edit": 1,
            "Remove": 1,
            "Extra1": 0,
            "Extra2": 0,
            "Extra3": 0,
            "Extra4": 0,
            "Extra5": 0
          },
          {
            "$type": "YetaWF.Core.Modules.ModuleDefinition+AllowedRole, YetaWF.Core",
            "RoleId": 999,
            "View": 1,
            "Edit": 0,
            "Remove": 0,
            "Extra1": 0,
            "Extra2": 0,
            "Extra3": 0,
            "Extra4": 0,
            "Extra5": 0
          },
          {
            "$type": "YetaWF.Core.Modules.ModuleDefinition+AllowedRole, YetaWF.Core",
            "RoleId": 1001,
            "View": 0,
            "Edit": 0,
            "Remove": 0,
            "Extra1": 0,
            "Extra2": 0,
            "Extra3": 0,
            "Extra4": 0,
            "Extra5": 0
          },
          {
            "$type": "YetaWF.Core.Modules.ModuleDefinition+AllowedRole, YetaWF.Core",
            "RoleId": 997,
            "View": 0,
            "Edit": 0,
            "Remove": 0,
            "Extra1": 0,
            "Extra2": 0,
            "Extra3": 0,
            "Extra4": 0,
            "Extra5": 0
          },
          {
            "$type": "YetaWF.Core.Modules.ModuleDefinition+AllowedRole, YetaWF.Core",
            "RoleId": 998,
            "View": 1,
            "Edit": 0,
            "Remove": 0,
            "Extra1": 0,
            "Extra2": 0,
            "Extra3": 0,
            "Extra4": 0,
            "Extra5": 0
          },
          {
            "$type": "YetaWF.Core.Modules.ModuleDefinition+AllowedRole, YetaWF.Core",
            "RoleId": 996,
            "View": 0,
            "Edit": 0,
            "Remove": 0,
            "Extra1": 0,
            "Extra2": 0,
            "Extra3": 0,
            "Extra4": 0,
            "Extra5": 0
          }
        ]
      },
      "AllowedUsers": {
        "$type": "YetaWF.Core.Serializers.SerializableList`1[[YetaWF.Core.Modules.ModuleDefinition+AllowedUser, YetaWF.Core]], YetaWF.Core",
        "$values": []
      },
      "ReferencedModules": {
        "$type": "YetaWF.Core.Serializers.SerializableList`1[[YetaWF.Core.Modules.ModuleDefinition+ReferencedModule, YetaWF.Core]], YetaWF.Core",
        "$values": []
      }
    },
    {
      "$type": "YetaWF.Modules.Panels.Modules.PageBarModule, YetaWF.Panels",
      "PageList": {
        "$type": "YetaWF.Core.Serializers.SerializableList`1[[YetaWF.Modules.Panels.Models.LocalPage, YetaWF.Panels]], YetaWF.Core",
        "$values": [
          {
            "$type": "YetaWF.Modules.Panels.Models.LocalPage, YetaWF.Panels",
            "Url": "/Admin/Dashboard/System",
            "Popup": false
          },
          {
            "$type": "YetaWF.Modules.Panels.Models.LocalPage, YetaWF.Panels",
            "Url": "/Admin/Dashboard/Logging",
            "Popup": false
          },
          {
            "$type": "YetaWF.Modules.Panels.Models.LocalPage, YetaWF.Panels",
            "Url": "/Admin/Dashboard/AuditRecords",
            "Popup": false
          },
          {
            "$type": "YetaWF.Modules.Panels.Models.LocalPage, YetaWF.Panels",
            "Url": "/Admin/Dashboard/Visitors",
            "Popup": false
          }
        ]
      },
      "PagePattern": "^/Admin/Dashboard/[^/]*",
      "Style": 0,
      "ContentPane": null,
      "UseSkinFormatting": true,
      "DefaultImage_Data": {
        "$type": "System.Byte[], System.Private.CoreLib",
        "$value": ""
      },
      "Name": "Dashboard Bar",
      "Title": {
        "$type": "YetaWF.Core.Models.MultiString, YetaWF.Core",
        "en-US": "Dashboard"
      },
      "Visible": true,
      "ModuleSecurity": 0,
      "WantSearch": false,
      "WantFocus": false,
      "Description": {
        "$type": "YetaWF.Core.Models.MultiString, YetaWF.Core",
        "en-US": "Page Bar - used to display multiple links to pages using the pages' FavIcon, displaying the page contents within the PageBar module"
      },
      "ModuleGuid": "e7f37274-970b-42c7-9009-f8a5fe1b0a64",
      "DateCreated": "2019-08-10T03:10:32.6372671",
      "DateUpdated": "2019-08-11T01:41:10.4436306",
      "SkinDefinitions": {
        "$type": "YetaWF.Core.Serializers.SerializableList`1[[YetaWF.Core.Skins.SkinDefinition, YetaWF.Core]], YetaWF.Core",
        "$values": []
      },
      "SelectedPopupSkin": {
        "$type": "YetaWF.Core.Skins.SkinDefinition, YetaWF.Core",
        "Collection": null,
        "FileName": null
      },
      "CssClass": null,
      "TempPageCssClass": null,
      "_SuppressPartialFormCss": true,
      "ShowTitle": false,
      "ShowTitleActions": true,
      "ShowHelp": false,
      "HelpURL": null,
      "Print": true,
      "ShowFormButtons": true,
      "AnchorId": null,
      "FormAutoComplete": false,
      "AllowedRoles": {
        "$type": "YetaWF.Core.Serializers.SerializableList`1[[YetaWF.Core.Modules.ModuleDefinition+AllowedRole, YetaWF.Core]], YetaWF.Core",
        "$values": [
          {
            "$type": "YetaWF.Core.Modules.ModuleDefinition+AllowedRole, YetaWF.Core",
            "RoleId": 1000,
            "View": 1,
            "Edit": 1,
            "Remove": 1,
            "Extra1": 1,
            "Extra2": 1,
            "Extra3": 1,
            "Extra4": 1,
            "Extra5": 1
          }
        ]
      },
      "AllowedUsers": {
        "$type": "YetaWF.Core.Serializers.SerializableList`1[[YetaWF.Core.Modules.ModuleDefinition+AllowedUser, YetaWF.Core]], YetaWF.Core",
        "$values": []
      },
      "ReferencedModules": {
        "$type": "YetaWF.Core.Serializers.SerializableList`1[[YetaWF.Core.Modules.ModuleDefinition+ReferencedModule, YetaWF.Core]], YetaWF.Core",
        "$values": []
      }
    }
  ]
}