{
  "PackageName": "YetaWF.Identity",
  "PackageVersion": "5.4.0",
  "Roles": [
    {
      "RoleName": "Superuser",
      "RoleId": 997
    },
    {
      "RoleName": "Administrator",
      "RoleId": 1000
    },
    {
      "RoleName": "Editor",
      "RoleId": 1001
    },
    {
      "RoleName": "User",
      "RoleId": 998
    },
    {
      "RoleName": "Demo",
      "RoleId": 995
    },
    {
      "RoleName": "User (two-step authentication setup required)",
      "RoleId": 996
    },
    {
      "RoleName": "Anonymous",
      "RoleId": 999
    }
  ],
  "Users": [],
  "Data": [
    {
      "Class": "LoginConfigDataProvider",
      "Chunks": 1,
      "Files": []
    },
    {
      "Class": "UserLoginInfoDataProvider",
      "Chunks": 0,
      "Files": []
    },
    {
      "Class": "UserIdFilterModuleDataProvider",
      "Chunks": 0,
      "Files": []
    },
    {
      "Class": "AuthorizationBrowseModuleDataProvider",
      "Chunks": 1,
      "Files": []
    },
    {
      "Class": "AuthorizationEditModuleDataProvider",
      "Chunks": 0,
      "Files": []
    },
    {
      "Class": "ForgotPasswordModuleDataProvider",
      "Chunks": 1,
      "Files": []
    },
    {
      "Class": "LoginModuleDataProvider",
      "Chunks": 1,
      "Files": []
    },
    {
      "Class": "LoginConfigModuleDataProvider",
      "Chunks": 1,
      "Files": []
    },
    {
      "Class": "LoginSelectorModuleDataProvider",
      "Chunks": 0,
      "Files": []
    },
    {
      "Class": "Need2FADisplayModuleDataProvider",
      "Chunks": 1,
      "Files": []
    },
    {
      "Class": "NeedNewPasswordDisplayModuleDataProvider",
      "Chunks": 0,
      "Files": []
    },
    {
      "Class": "OwinEditModuleDataProvider",
      "Chunks": 1,
      "Files": []
    },
    {
      "Class": "RecoveryCodesModuleDataProvider",
      "Chunks": 1,
      "Files": []
    },
    {
      "Class": "RedirectLoggedOnUsersModuleDataProvider",
      "Chunks": 0,
      "Files": []
    },
    {
      "Class": "RegisterModuleDataProvider",
      "Chunks": 1,
      "Files": []
    },
    {
      "Class": "ResetPasswordModuleDataProvider",
      "Chunks": 0,
      "Files": []
    },
    {
      "Class": "RolesAddModuleDataProvider",
      "Chunks": 0,
      "Files": []
    },
    {
      "Class": "RolesBrowseModuleDataProvider",
      "Chunks": 1,
      "Files": []
    },
    {
      "Class": "RolesDisplayModuleDataProvider",
      "Chunks": 0,
      "Files": []
    },
    {
      "Class": "RolesEditModuleDataProvider",
      "Chunks": 0,
      "Files": []
    },
    {
      "Class": "SelectTwoStepAuthModuleDataProvider",
      "Chunks": 1,
      "Files": []
    },
    {
      "Class": "SelectTwoStepSetupModuleDataProvider",
      "Chunks": 1,
      "Files": []
    },
    {
      "Class": "ExternalAccountModuleDataProvider",
      "Chunks": 1,
      "Files": []
    },
    {
      "Class": "TemplateListOfUserNamesModuleDataProvider",
      "Chunks": 1,
      "Files": []
    },
    {
      "Class": "TemplateResourceUsersModuleDataProvider",
      "Chunks": 1,
      "Files": []
    },
    {
      "Class": "TemplateRolesSelectorModuleDataProvider",
      "Chunks": 1,
      "Files": []
    },
    {
      "Class": "TemplateUserIdModuleDataProvider",
      "Chunks": 1,
      "Files": []
    },
    {
      "Class": "UserAccountModuleDataProvider",
      "Chunks": 1,
      "Files": []
    },
    {
      "Class": "UserPasswordModuleDataProvider",
      "Chunks": 1,
      "Files": []
    },
    {
      "Class": "UsersAddModuleDataProvider",
      "Chunks": 0,
      "Files": []
    },
    {
      "Class": "UsersBrowseModuleDataProvider",
      "Chunks": 1,
      "Files": []
    },
    {
      "Class": "UsersDisplayModuleDataProvider",
      "Chunks": 0,
      "Files": []
    },
    {
      "Class": "UsersEditModuleDataProvider",
      "Chunks": 0,
      "Files": []
    }
  ]
}