{
  "$type": "YetaWF.Core.Serializers.SerializableList`1[[YetaWF.Modules.Identity.Modules.OwinEditModule, YetaWF.Identity]], YetaWF.Core",
  "$values": [
    {
      "$type": "YetaWF.Modules.Identity.Modules.OwinEditModule, YetaWF.Identity",
      "Name": "Login Provider Settings",
      "Title": {
        "$type": "YetaWF.Core.Models.MultiString, YetaWF.Core",
        "en-US": "Login Provider Settings"
      },
      "Visible": true,
      "ModuleSecurity": 0,
      "WantSearch": true,
      "WantFocus": true,
      "ModuleGuid": "f490deeb-ff19-4921-894b-4a81d263f97a",
      "DateCreated": "2017-04-05T17:37:57.8932714",
      "DateUpdated": "2018-04-16T00:58:18.7679569",
      "ModuleSkin": "modStandard",
      "PopupPage": "Popup",
      "CssClass": null,
      "TempPageCssClass": null,
      "_SuppressPartialFormCss": false,
      "ShowTitle": true,
      "ShowTitleActions": false,
      "CanMinimize": false,
      "Minimized": false,
      "ShowHelp": false,
      "HelpURL": null,
      "Print": true,
      "ShowFormButtons": true,
      "AnchorId": null,
      "FormAutoComplete": false,
      "AllowedRoles": {
        "$type": "YetaWF.Core.Serializers.SerializableList`1[[YetaWF.Core.Modules.ModuleDefinition+AllowedRole, YetaWF.Core]], YetaWF.Core",
        "$values": []
      },
      "AllowedUsers": {
        "$type": "YetaWF.Core.Serializers.SerializableList`1[[YetaWF.Core.Modules.ModuleDefinition+AllowedUser, YetaWF.Core]], YetaWF.Core",
        "$values": []
      },
      "ReferencedModules": {
        "$type": "YetaWF.Core.Serializers.SerializableList`1[[YetaWF.Core.Modules.ModuleDefinition+ReferencedModule, YetaWF.Core]], YetaWF.Core",
        "$values": []
      }
    }
  ]
}