{
  "$type": "YetaWF.Core.Serializers.SerializableList`1[[YetaWF.Modules.Identity.DataProvider.UserDefinition, YetaWF.Identity]], YetaWF.Core",
  "$values": [
    {
      "$type": "YetaWF.Modules.Identity.DataProvider.UserDefinition, YetaWF.Identity",
      "UserName": "Superuser",
      "UserId": 1,
      "PasswordHash": "AQAAAAEAACcQAAAAEA0ZK7tS90SYK1TSQEJbdLs3n/7CrKuw4nY473ZyB4S2oU9NRx1Y996ADGjyvY2xow==",
      "PasswordPlainText": "SuperuserPassword",
      "Email": "Superuser@YetaWFDist5",
      "Comment": "The superuser for all sites",
      "UserStatus": 2,
      "VerificationCode": "035d7553-6237-4d76-8694-fdf4ac2946dc",
      "RegistrationIP": "127.0.0.1",
      "Created": "2021-03-21T18:57:09.2628826",
      "LastLoginDate": "2021-03-21T21:55:26.2926912",
      "LastLoginIP": "::1",
      "LastPasswordChangedDate": null,
      "PasswordChangeIP": null,
      "LastActivityDate": "2021-03-21T21:55:26.2927223",
      "LastActivityIP": "::1",
      "NeedsNewPassword": false,
      "ResetKey": null,
      "ResetValidUntil": null,
      "LoginFailures": 0,
      "RecoveryCode": null,
      "SecurityStamp": null,
      "RolesList": {
        "$type": "YetaWF.Core.Serializers.SerializableList`1[[YetaWF.Core.Identity.Role, YetaWF.Core]], YetaWF.Core",
        "$values": [
          {
            "$type": "YetaWF.Core.Identity.Role, YetaWF.Core",
            "RoleId": 997
          }
        ]
      },
      "EnabledTwoStepAuthentications": {
        "$type": "YetaWF.Core.Serializers.SerializableList`1[[YetaWF.Modules.Identity.DataProvider.TwoStepDefinition, YetaWF.Identity]], YetaWF.Core",
        "$values": []
      }
    }
  ]
}