{
  "$type": "YetaWF.Core.Serializers.SerializableList`1[[YetaWF.Modules.Identity.DataProvider.UserDefinition, YetaWF.Identity]], YetaWF.Core",
  "$values": [
    {
      "$type": "YetaWF.Modules.Identity.DataProvider.UserDefinition, YetaWF.Identity",
      "UserName": "Superuser",
      "UserId": 1,
      "PasswordHash": "AQAAAAEAACcQAAAAENwFBqnIKuaBmeB8sQZPK03YiS7mB60Cj/C6E8zKwUrBcYtwkhELXZXHg42n+1bv+A==",
      "PasswordPlainText": "SuperuserPassword",
      "Email": "Superuser@YetaWFDist5",
      "Comment": "The superuser for all sites",
      "UserStatus": 2,
      "VerificationCode": "bb8bf0ec-f8c0-47e6-bfa6-4259b20ab3b5",
      "RegistrationIP": "127.0.0.1",
      "Created": "2021-05-29T11:43:41.5263611",
      "LastLoginDate": "2021-05-29T11:46:16.9550933",
      "LastLoginIP": "::1",
      "LastPasswordChangedDate": null,
      "PasswordChangeIP": null,
      "LastActivityDate": "2021-05-29T11:46:16.9572831",
      "LastActivityIP": "::1",
      "NeedsNewPassword": false,
      "ResetKey": null,
      "ResetValidUntil": null,
      "LoginFailures": 0,
      "RecoveryCode": null,
      "SecurityStamp": null,
      "RolesList": {
        "$type": "YetaWF.Core.Serializers.SerializableList`1[[YetaWF.Core.Identity.Role, YetaWF.Core]], YetaWF.Core",
        "$values": [
          {
            "$type": "YetaWF.Core.Identity.Role, YetaWF.Core",
            "RoleId": 997
          }
        ]
      },
      "EnabledTwoStepAuthentications": {
        "$type": "YetaWF.Core.Serializers.SerializableList`1[[YetaWF.Modules.Identity.DataProvider.TwoStepDefinition, YetaWF.Identity]], YetaWF.Core",
        "$values": []
      }
    }
  ]
}